{"linkedin_internal_id": "82636387", "description": "Excelerate is the world\u2019s first platform for gaining 21st-century skills through personalized experiences and internship opportunities from anywhere in the world. It is the only platform that brings together employers, universities and high schools to offer various types of experiences, skills and support to help learners get ready for future careers and excel in the global economy.\n\nWe believe that we can open new doors of access to opportunities for all, we can accelerate the journey to a rewarding career, we can excel by removing barrier boundaries and we can prepare all of today\u2019s learners for tomorrow\u2019s career achievements.", "website": "https://4excelerate.org/", "industry": "Higher Education", "company_size": [51, 200], "company_size_on_linkedin": 405, "hq": {"country": "AE", "city": "Dubai", "postal_code": null, "line_1": null, "is_hq": true, "state": null}, "company_type": "PRIVATELY_HELD", "founded_year": 2022, "specialities": ["EdTech", "Experiential Learning"], "locations": [{"country": "AE", "city": "Dubai", "postal_code": null, "line_1": null, "is_hq": true, "state": null}, {"country": "AE", "city": "Dubai", "postal_code": null, "line_1": null, "is_hq": true, "state": null}], "name": "Excelerate", "tagline": "Connecting Learners to their Future Careers, Universities to their Future Learners, and Businesses to Future Talent", "universal_name_id": "4excelerate", "profile_pic_url": "https://media.licdn.com/dms/image/v2/D4D0BAQFsKCE82AoD_Q/company-logo_400_400/company-logo_400_400/0/1689287580187?e=1740009600&v=beta&t=thxSMhDgiH2bK9zqbzd_XsB7P_nW25zFoIVQCRKIUAw", "background_cover_image_url": "https://media.licdn.com/dms/image/v2/D4E3DAQGR46MNG6wt6A/image-scale_191_1128/image-scale_191_1128/0/1689345386414/4excelerate_cover?e=1732687200&v=beta&t=xngJQVEgl-vF31PG6R8fRD95UHTiw84Ql2xTCibJQdQ", "search_id": "82636387", "similar_companies": [{"name": "Excelerate", "link": "https://www.linkedin.com/company/excelerate-dk/", "industry": "Staffing and Recruiting", "location": null}, {"name": "GlobalShala", "link": "https://www.linkedin.com/company/globalshala/", "industry": "Education Administration Programs", "location": null}, {"name": "The Sparks Foundation", "link": "https://www.linkedin.com/company/the-sparks-foundation/", "industry": "Education Administration Programs", "location": null}, {"name": "Globally Recruit", "link": "https://www.linkedin.com/company/globally-recruit/", "industry": "Education Administration Programs", "location": null}, {"name": "MeriSKILL", "link": "https://www.linkedin.com/company/meriskill/", "industry": "E-Learning Providers", "location": null}, {"name": "Bharat Intern", "link": "https://www.linkedin.com/company/bharat-intern/", "industry": "Education", "location": null}, {"name": "KultureHire", "link": "https://www.linkedin.com/company/kulturehire/", "industry": "Higher Education", "location": null}, {"name": "Forage", "link": "https://www.linkedin.com/company/theforage/", "industry": "E-Learning Providers", "location": null}, {"name": "Oasis Infobyte", "link": "https://www.linkedin.com/company/oasis-infobyte/", "industry": "Software Development", "location": null}, {"name": "iNeuron.ai", "link": "https://www.linkedin.com/company/ineuron-ai/", "industry": "E-Learning Providers", "location": null}, {"name": "Cognifyz Technologies", "link": "https://www.linkedin.com/company/cognifyz-techonologies/", "industry": "IT System Data Services", "location": null}, {"name": "LetsGrowMore", "link": "https://www.linkedin.com/company/letsgrowmore/", "industry": "E-Learning Providers", "location": null}, {"name": "Cloud Counselage Pvt. Ltd.", "link": "https://www.linkedin.com/company/cloud-counselage/", "industry": "IT Services and IT Consulting", "location": null}, {"name": "CodSoft", "link": "https://www.linkedin.com/company/codsoft/", "industry": "IT Services and IT Consulting", "location": null}, {"name": "Accenture", "link": "https://www.linkedin.com/company/accenture/", "industry": "Business Consulting and Services", "location": null}, {"name": "Deloitte", "link": "https://www.linkedin.com/company/deloitte/", "industry": "Business Consulting and Services", "location": null}, {"name": "Mentorness Recruitment Service", "link": "https://www.linkedin.com/company/mentorness/", "industry": "Technology, Information and Internet", "location": null}, {"name": "Excelerate", "link": "https://www.linkedin.com/company/excelerate-llc/", "industry": "Business Consulting and Services", "location": null}, {"name": "Grant Thornton China\uff08\u81f4\u540c\uff09", "link": "https://www.linkedin.com/company/grant-thornton-china/", "industry": "Accounting", "location": null}, {"name": "Google", "link": "https://www.linkedin.com/company/google/", "industry": "Software Development", "location": null}], "affiliated_companies": [], "updates": [{"article_link": "https://www.linkedin.com/posts/4excelerate_how-to-get-started-on-excelerate-activity-7180901638004498433--vC4", "image": null, "posted_on": {"day": 20, "month": 4, "year": 2024}, "text": "Your career growth begins with us. \n\nTake advantage of our power courses, internships, competitions, and master classes!\n\nGet Started with Excelerate!\n\ud83c\udf10 https://lnkd.in/dCnr24bf\n\n#careerbeginnings #Excelerate #getstartednow #skilldevelopment #internshipexperience #competitionopportunitie", "total_likes": 83}, {"article_link": "https://www.linkedin.com/posts/4excelerate_virtual-event-activity-7262847962844708867-9OBA", "image": null, "posted_on": {"day": 15, "month": 11, "year": 2024}, "text": "Ready to achieve cloud computing excellence? \n\nCheck out the following benefits of being a cloud techie and tell us which one surprised you the most.\u00a0\ud83d\ude80\n\u00a0\n\ud83c\udf10 Register TODAY for CloudCraft Workshop and take your cloud career beyond the ordinary. - https://shorturl.at/f4tSa\n\u00a0\n#CloudCraft #OnlineWorkshops #CloudCareer #ExcelerateWorkshops", "total_likes": 7}, {"article_link": "https://www.linkedin.com/posts/4excelerate_datavisualization-internshipopportunity-techtrends-activity-7263528760224743425-X-OF", "image": "https://media.licdn.com/dms/image/v2/D4D22AQFPfiR0kxygbg/feedshare-shrink_2048_1536/feedshare-shrink_2048_1536/0/1731681007318?e=1735171200&v=beta&t=vJtbL8nq6VZsekYaj7ntIoZkjYeTKebyZhum3dqr_P8", "posted_on": {"day": 17, "month": 11, "year": 2024}, "text": "Are you a graduate or undergrad seeking to understand how data visualizations and their life cycle work and how to incorporate data preparation and pre-processing to gain actionable insights from the data set?\n\nYou have perfectly landed on the right post. Explore how our Data Visualization associate interns, Akshay Singh Adhikari and Saba Amreen Mohammad, have successfully mastered those skills.\n\nThe opportunity offered them to work on some real-world projects that not only enhanced their data visualization and analysis but also led them to career advancement and expertise in the field.\n\nScroll through their testimonials and learn in detail what our internships have to offer you.\n\n\ud83d\udd17 Get started TODAY through our website - www.4excelerate.org\n.\n.\n.\n\n#DataVisualization #InternshipOpportunity #TechTrends #CareerDevelopment #DataAnalytics", "total_likes": 8}, {"article_link": "https://www.linkedin.com/posts/4excelerate_cloudworkshop-mastercloudtech-futureinthecloud-activity-7264665990783750144-My1S", "image": null, "posted_on": {"day": 19, "month": 11, "year": 2024}, "text": "Accelerate your career in cloud computing in only 3 days. \n\nLearn how to design, deploy, and manage cloud solutions effectively in our CloudCraft Workshop. \n\n\ud83c\udf0dRegister NOW and get started to gain practical experience with real-world scenarios and industry-standard tools. - https://shorturl.at/ggiYN\n\n#CloudWorkshop #MasterCloudTech #FutureInTheCloud #CloudTechnology #TechInTheCloud", "total_likes": 7}, {"article_link": "https://www.linkedin.com/posts/4excelerate_datavisualization-datascience-excelerateyourcareer-activity-7263141247286956032-vBnS", "image": "https://media.licdn.com/dms/image/v2/D4D22AQHWtT25fVj_JA/feedshare-shrink_2048_1536/feedshare-shrink_2048_1536/0/1731667813742?e=1735171200&v=beta&t=T47lnAmIJLIsfYReJfUlYJLTcVW-pJYMmeEHFc28zMw", "posted_on": {"day": 16, "month": 11, "year": 2024}, "text": "Are you a data science student seeking opportunity to gain practical skills alongside your degree? \ud83d\ude80\n\nOr an expert engineer looking to advance your hands-on experience in different projects? \n\nExplore our professionally designed Data Visualization Internship.\n\u00a0\nDiscover how our proficient data visualization interns Aneesh Anand Pathak from Saint Louis University and Prachi Chirkhe from AnalytixLaps have gained real-world knowledge to operate the latest visualization tools and strategies that helped them to transfigure complex data into simplified visual solutions.\n\u00a0\nRead their stories and learn in detail what we have to offer you.\n\n\ud83c\udf10Join Excelerate - https://shorturl.at/arTOx\n\u00a0\n#DataVisualization #DataScience #Excelerateyourcareer #DataAnalytics #DataInternship #GlobalInternships", "total_likes": 3}, {"article_link": "https://www.linkedin.com/posts/4excelerate_virtual-competition-activity-7260695374300905472-s_XI", "image": null, "posted_on": {"day": 13, "month": 11, "year": 2024}, "text": "Your story is what you have, what you will always have. It is something to own.\" \u2013 Michelle Obama\n\u00a0\nAre you passionate about an environmental issue? \n\nOwn your sustainability story and share it in our Storytelling through Digital Innovation Challenge to inspire others.\n\u00a0\nFollow these tips to craft your compelling story. \n\n\ud83c\udf10 JOIN NOW - https://shorturl.at/Fw0pl\n\n\ud83d\udcc5 Last Date to Apply - November 21, 2024\n\n#sustainabilitymatters #digitalstorytelling #innovationchallenge #environmentalstorytelling #makeadifference #storytellingforchange", "total_likes": 12}], "follower_count": 8922, "acquisitions": null, "exit_data": null, "extra": null, "funding_data": [], "categories": null, "customer_list": null}
