{"linkedin_internal_id": "1033", "description": "Accenture is a leading global professional services company that helps the world\u2019s leading businesses, governments and other organizations build their digital core, optimize their operations, accelerate revenue growth and enhance citizen services\u2014creating tangible value at speed and scale.\n \nWe are a talent and innovation-led company serving clients in more than 120 countries. We combine our strength in technology and leadership in cloud, data and AI with unmatched industry experience, functional expertise and global delivery capability. We measure our success by the 360\u00b0 value we create for our clients, each other, our shareholders, partners and communities.\n\nThis LinkedIn company page is moderated. When engaging with Accenture, we encourage everyone to:\n\n- Use common courtesy and be respectful of others.\n- Create your own original content and avoid content that you know to be fraudulent.\n- Never repost someone else's copyrighted work, unless you have permission.\n- Never post personal, identifying, or confidential information.\n\nWe reserve the right to delete comments or posts we deem to be:\n\n- Profane, obscene, inappropriate, offensive, abusive material.\n- Spam, repeated comments and commercial messages and personal advertisements.\n- Discriminatory or that contain hateful speech of any kind regarding age, gender, race, religion, nationality, sexual orientation, gender identity or disability.\n- Threats; personal attacks; abusive, defamatory, derogatory, or inflammatory language; or stalking or harassment of any individual, entity or organization.\n- False, inaccurate, libelous, or otherwise misleading in any way.", "website": "http://www.accenture.com", "industry": "Business Consulting and Services", "company_size": [10001, null], "company_size_on_linkedin": 596176, "hq": {"country": "IE", "city": "Dublin 2", "postal_code": null, "line_1": "Grand Canal Harbour", "is_hq": true, "state": null}, "company_type": "PUBLIC_COMPANY", "founded_year": null, "specialities": ["Management Consulting", "Systems Integration and Technology", "Business Process Outsourcing", "Application and Infrastructure Outsourcing"], "locations": [{"country": "IE", "city": "Dublin 2", "postal_code": null, "line_1": "Grand Canal Harbour", "is_hq": true, "state": null}, {"country": "US", "city": "San Francisco", "postal_code": "94105", "line_1": "415 Mission Street", "is_hq": true, "state": "California"}, {"country": "FI", "city": "Helsinki", "postal_code": "00180", "line_1": "Porkkalankatu 5", "is_hq": true, "state": "Southern Finland"}, {"country": "MY", "city": "Kuala Lumpur", "postal_code": "55188", "line_1": "Level 29 & 30, Menara Exchange 106", "is_hq": true, "state": "Kuala Lumpur"}, {"country": "PL", "city": "Warsaw", "postal_code": "00-121", "line_1": "Warsaw Towers Sienna 39", "is_hq": true, "state": null}, {"country": "US", "city": "Washington", "postal_code": "20006", "line_1": "800 Connecticut Ave NW", "is_hq": true, "state": "District of Columbia"}, {"country": "NO", "city": "Fornebu", "postal_code": "1326", "line_1": "Rolfsbuktveien 2, 1364", "is_hq": true, "state": null}, {"country": "BR", "city": "Sao Paulo", "postal_code": "04717-004", "line_1": "Rua Alexandre Dumas, 2051", "is_hq": true, "state": "S\u00e3o Paulo"}, {"country": "IE", "city": "Dublin", "postal_code": "D02 P820", "line_1": "1 Grand Canal Square", "is_hq": true, "state": "Dublin"}, {"country": "BR", "city": "Recife", "postal_code": "50030-230", "line_1": "Edif\u00edcio Vasco Rodrigues Rua Cais Do Apolo, 222 - 10\u00ba Andar - Recife", "is_hq": true, "state": "Pernambuco"}, {"country": "IN", "city": "Mumbai", "postal_code": "400708", "line_1": "1st, 2nd, 3rd, & 4th Office Level, Building No. 02", "is_hq": true, "state": "Maharashtra"}, {"country": "US", "city": "Austin", "postal_code": "78701", "line_1": "323 Congress Avenue", "is_hq": true, "state": "Texas"}, {"country": "PH", "city": "Muntinlupa", "postal_code": "1781", "line_1": "Axis Tower One", "is_hq": true, "state": "Metro Manila"}, {"country": "PH", "city": "Cebu City", "postal_code": "6000", "line_1": "W Geonzon St.", "is_hq": true, "state": "Cebu"}, {"country": "PH", "city": "Cebu City", "postal_code": "6000", "line_1": "Don Gil Garcia Street", "is_hq": true, "state": "Cebu"}, {"country": "PH", "city": "Cebu City", "postal_code": "6000", "line_1": "Cardinal Rosales Ave.", "is_hq": true, "state": "Cebu"}, {"country": "PH", "city": "Cebu City", "postal_code": "6000", "line_1": "W Geonzon St.", "is_hq": true, "state": "Cebu"}, {"country": "US", "city": "Austin", "postal_code": "78704", "line_1": "3601 S. Congress Avenue Suite B100", "is_hq": true, "state": "Texas"}, {"country": "US", "city": "Irving", "postal_code": "75039", "line_1": "5205 North O'Connor Boulevard", "is_hq": true, "state": "Texas"}, {"country": "US", "city": "Houston", "postal_code": "77002", "line_1": "1301 Fannin St.", "is_hq": true, "state": "Texas"}, {"country": "US", "city": "San Antonio", "postal_code": "78249", "line_1": "6415 Babcock Road", "is_hq": true, "state": "Texas"}, {"country": "US", "city": "San Antonio", "postal_code": "78238", "line_1": "7050 Fairgrounds Parkway", "is_hq": true, "state": "Texas"}, {"country": "US", "city": "San Jose", "postal_code": "95113", "line_1": "50 West San Fernando Street", "is_hq": true, "state": "California"}, {"country": "FI", "city": "Helsinki", "postal_code": "00100", "line_1": "Aleksanterinkatu 46 A, Floor 4", "is_hq": true, "state": null}, {"country": "FI", "city": "Tampere", "postal_code": "33720", "line_1": "Hermiankatu 3", "is_hq": true, "state": null}, {"country": "PH", "city": "San Nicolas", "postal_code": "2901", "line_1": "No. 1 San Francisco", "is_hq": true, "state": "Ilocos Norte"}, {"country": "PH", "city": "Mandaluyong", "postal_code": "1554", "line_1": "EDSA cor. Pioneer Street", "is_hq": true, "state": "Metro Manila"}, {"country": "PH", "city": "Taguig", "postal_code": "1634", "line_1": "19/F Uptown Tower 3, 11th Avenue, Bonifacio Global City", "is_hq": true, "state": "Metro Manila"}, {"country": "PH", "city": "Quezon City", "postal_code": "1109", "line_1": "General Roxas Avenue and General Aguinaldo Avenue", "is_hq": true, "state": "Metro Manila"}, {"country": "US", "city": "San Francisco", "postal_code": "94105", "line_1": "415 Mission Street", "is_hq": true, "state": "California"}, {"country": "MY", "city": "Kuala Lumpur", "postal_code": "59200", "line_1": "Level 15 & 16,  Vertical Tower B Avenue 10,  The Vertical", "is_hq": true, "state": "Kuala Lumpur"}, {"country": "MY", "city": "Kuala Lumpur", "postal_code": "59200", "line_1": "Level 20 & 21,  Vertical Tower B Avenue 10  The Vertical", "is_hq": true, "state": "Kuala Lumpur"}, {"country": "MY", "city": "Kuala Lumpur", "postal_code": "59200", "line_1": "Level 11, UOA Corporate Tower, Avenue 10", "is_hq": true, "state": "Kuala Lumpur"}, {"country": "MY", "city": "Petaling Jaya", "postal_code": "47301", "line_1": "Suite 2.09(A), Block E, Level 1, Kelana Parkview Tower", "is_hq": true, "state": "Selangor"}, {"country": "MY", "city": "Kuching", "postal_code": "93450", "line_1": "Suite 107, 1st Floor Crown Towers", "is_hq": true, "state": "Sarawak"}, {"country": "MY", "city": "Selangor", "postal_code": "47500", "line_1": "Level 17,  Sunway GEO Tower Persiaran Lagoon Selatan", "is_hq": true, "state": "Subang Jaya"}, {"country": "MY", "city": "Selangor", "postal_code": "47500", "line_1": "Level 9,  The Pinnacle Persiaran Lagoon Selatan", "is_hq": true, "state": "Subang Jaya"}, {"country": "MY", "city": "Petaling Jaya", "postal_code": "46200", "line_1": "No 1, Jalan Kemajuan Seksyen 13", "is_hq": true, "state": "Selangor"}, {"country": "US", "city": "Bentonville", "postal_code": "72712", "line_1": "805 South Walton Suite", "is_hq": true, "state": "Arkansas"}, {"country": "US", "city": "Phoenix", "postal_code": "85003", "line_1": "101 North 1st Avenue", "is_hq": true, "state": "Arizona"}, {"country": "US", "city": "Washington", "postal_code": "20005", "line_1": "1201 New York Avenue Northwest", "is_hq": true, "state": "District of Columbia"}, {"country": "US", "city": "Albany", "postal_code": "12207", "line_1": "54 State St.", "is_hq": true, "state": "New York"}, {"country": "US", "city": "New York", "postal_code": "12553", "line_1": "155 Avenue of Americas", "is_hq": true, "state": "New York"}, {"country": "US", "city": "New York", "postal_code": "10001", "line_1": "395 9th Avenue", "is_hq": true, "state": "New York"}, {"country": "US", "city": "Irvine", "postal_code": "92618", "line_1": "300 Spectrum Center Drive", "is_hq": true, "state": "California"}, {"country": "US", "city": "Los Angeles", "postal_code": "90013", "line_1": "1003 E. 4th Place", "is_hq": true, "state": "California"}, {"country": "US", "city": "Rancho Cordova", "postal_code": "95670", "line_1": "3343 Capital Center Drive", "is_hq": true, "state": "California"}, {"country": "US", "city": "Sacramento", "postal_code": "95811", "line_1": "1610 R Street", "is_hq": true, "state": "California"}, {"country": "US", "city": "San Diego", "postal_code": "92108", "line_1": "1615 Murray Canyon Road", "is_hq": true, "state": "California"}, {"country": "US", "city": "Denver", "postal_code": "80202", "line_1": "1400 16th Street", "is_hq": true, "state": "Colorado"}, {"country": "US", "city": "Hartford", "postal_code": "6103", "line_1": "755 Main Street", "is_hq": true, "state": "Connecticut"}, {"country": "US", "city": "Miami", "postal_code": "33126", "line_1": "5201 Blue Lagoon Drive", "is_hq": true, "state": "Florida"}, {"country": "US", "city": "Orlando", "postal_code": "32819", "line_1": "9400 Southpark Center Loop", "is_hq": true, "state": "Florida"}, {"country": "US", "city": "Tallahassee", "postal_code": "32311", "line_1": "3800 Esplanade Way", "is_hq": true, "state": "Florida"}, {"country": "US", "city": "St. Petersburg", "postal_code": "33716", "line_1": "140 Fountain Parkway", "is_hq": true, "state": "Florida"}, {"country": "PL", "city": "Katowice", "postal_code": "40-101", "line_1": "Silesia Bussines Park, Chorzowska 148", "is_hq": true, "state": null}, {"country": "PL", "city": "Krakow", "postal_code": "31-154", "line_1": "21 Pawia Street", "is_hq": true, "state": null}, {"country": "PL", "city": "Lodz", "postal_code": "90-530", "line_1": "University Business Park W\u00f3lcza\u0144ska 178", "is_hq": true, "state": null}, {"country": "PL", "city": "Warszawa", "postal_code": "01-208", "line_1": "Przyokopowa 26", "is_hq": true, "state": null}, {"country": "PL", "city": "Warszawa", "postal_code": "00-844", "line_1": "Grzybowska 60 St", "is_hq": true, "state": null}, {"country": "PL", "city": "Wroc\u0142aw", "postal_code": "54-429", "line_1": "Strzegomska 142a", "is_hq": true, "state": "Dolno\u015bl\u0105skie"}, {"country": "US", "city": "Atlanta", "postal_code": "30303", "line_1": "100 Peachtree Street NW", "is_hq": true, "state": "Georgia"}, {"country": "US", "city": "Atlanta", "postal_code": "30308", "line_1": "75 5th Street NW", "is_hq": true, "state": "Georgia"}, {"country": "US", "city": "Oklahoma City", "postal_code": "73102", "line_1": "100 N. Broadway Avenue", "is_hq": true, "state": "Oklahoma"}, {"country": "US", "city": "Beaverton", "postal_code": "97006", "line_1": "1925 NW AmberGlen Parkway", "is_hq": true, "state": "Oregon"}, {"country": "US", "city": "Boise", "postal_code": "83702", "line_1": "913 W. River Street", "is_hq": true, "state": "Idaho"}, {"country": "US", "city": "Florham Park", "postal_code": "7932", "line_1": "500 Campus Drive", "is_hq": true, "state": "New Jersey"}, {"country": "AT", "city": "Vienna", "postal_code": "1010", "line_1": "B\u00f6rsegeb\u00e4ude, Schottenring 16", "is_hq": true, "state": null}, {"country": "IN", "city": "Mumbai", "postal_code": "400079", "line_1": "Plant 3, Godrej & Boyce Complex", "is_hq": true, "state": "Maharashtra"}, {"country": "AR", "city": "La Plata", "postal_code": "B1900CCN", "line_1": "Diagonal 80 942, La Plata. Bs As.", "is_hq": true, "state": "Buenos Aires"}, {"country": "FR", "city": "Toulouse", "postal_code": "31700", "line_1": "Cap Constellation", "is_hq": true, "state": "Blagnac"}, {"country": "ID", "city": "Jakarta", "postal_code": "10220", "line_1": "Wisma 46 Kota BNI-18th Floor", "is_hq": true, "state": "DKI Jakarta"}, {"country": "AR", "city": "Buenos Aires", "postal_code": "1605", "line_1": "Bouchard 4191", "is_hq": true, "state": "Buenos Aires"}, {"country": "AR", "city": "Buenos Aires", "postal_code": "C1242AAT", "line_1": "24 de Noviembre 2120", "is_hq": true, "state": "Ciudad Aut\u00f3noma de Buenos Aires"}, {"country": "AR", "city": "Buenos Aires", "postal_code": "B7602", "line_1": "Av. Independencia 4250, Mar del Plata", "is_hq": true, "state": "Ciudad Aut\u00f3noma de Buenos Aires"}, {"country": "NO", "city": "Bergen", "postal_code": "5020", "line_1": "Solheimsgaten 11", "is_hq": true, "state": null}, {"country": "NO", "city": "Stavanger", "postal_code": "4066", "line_1": "Maskinveien 26, N-4033 Stavanger", "is_hq": true, "state": null}, {"country": "CA", "city": "Calgary", "postal_code": "T2P 1N2", "line_1": "225 6th Avenue SW", "is_hq": true, "state": "Alberta"}, {"country": "CA", "city": "Edmonton", "postal_code": "T5J 3G2", "line_1": "300-10020 101A Avenue", "is_hq": true, "state": "Alberta"}, {"country": "CA", "city": "Fredericton", "postal_code": "E3B 9M4", "line_1": "495 Prospect Street", "is_hq": true, "state": "New Brunswick"}, {"country": "SG", "city": "Singapore", "postal_code": "179101", "line_1": "#35-00 Raffles City Tower, 250 North Bridge Road", "is_hq": true, "state": null}, {"country": "SG", "city": "Singapore", "postal_code": "189767", "line_1": "38 Beach Road", "is_hq": true, "state": null}, {"country": "RO", "city": "Brasov", "postal_code": "500152", "line_1": "5 Turnului Street", "is_hq": true, "state": null}, {"country": "GB", "city": "Edinburgh", "postal_code": "EH3 8EX", "line_1": "144 Morrison Street", "is_hq": true, "state": null}, {"country": "GB", "city": "London", "postal_code": "EC3M 3BD", "line_1": "30 Fenchurch Street", "is_hq": true, "state": null}, {"country": "GB", "city": "Manchester", "postal_code": "M1 7ED", "line_1": "Oxford House Second Floor", "is_hq": true, "state": null}, {"country": "GR", "city": "Athens", "postal_code": "14564", "line_1": "1, Arcadias Str., Kifissia", "is_hq": true, "state": null}, {"country": "FR", "city": "Sophia Antipolis", "postal_code": "6410", "line_1": "400 Avenue De Roumanille - Bt 1A", "is_hq": true, "state": "Biot"}, {"country": "TR", "city": "Istanbul", "postal_code": "34906", "line_1": "Teknopark \u0130stanbul, Sanayi Mah. Teknopark Bulvar\u0131 D Blok No:1/5A \u0130\u00e7 Kap\u0131 No: 201 TR Pendik", "is_hq": true, "state": null}, {"country": "AU", "city": "Brisbane", "postal_code": "4000", "line_1": "Level 30, 10 Eagle Street", "is_hq": true, "state": "Queensland"}, {"country": "AU", "city": "Kingston", "postal_code": "2604", "line_1": "1/55 Wentworth Avenue", "is_hq": true, "state": "Australian Capital Territory"}, {"country": "AU", "city": "Melbourne", "postal_code": "3000", "line_1": "Level 5/161 Collins Street", "is_hq": true, "state": "Victoria"}, {"country": "AU", "city": "Perth", "postal_code": "6000", "line_1": "Level 34, Exchange Tower", "is_hq": true, "state": "Western Australia"}, {"country": "AU", "city": "Barangaroo", "postal_code": "2000", "line_1": "Level 6, International House", "is_hq": true, "state": "New South Wales"}, {"country": "SA", "city": "Al Khobar", "postal_code": "31952", "line_1": "Al Khobar Gate Tower, 4th Floor", "is_hq": true, "state": null}, {"country": "AR", "city": "Rosario", "postal_code": "S2000ATO", "line_1": "Santa Fe 1173", "is_hq": true, "state": "Santa Fe"}, {"country": "BE", "city": "Brussels", "postal_code": "1000", "line_1": "Picardstraat 11 Rue Picard", "is_hq": true, "state": null}, {"country": "BR", "city": "Barueri", "postal_code": "06473-900", "line_1": "Av. Andromeda, 2.000 - Bloco 11, T\u00e9rreo", "is_hq": true, "state": "S\u00e3o Paulo"}, {"country": "HK", "city": "Quarry Bay, Hong Kong", "postal_code": null, "line_1": "Suites 2/F, 3/F&41/F 4103-10 One Island East", "is_hq": true, "state": "Hong Kong"}, {"country": "HU", "city": "Budapest", "postal_code": "1138", "line_1": "1 Bence Street V\u00e1ci Greens Business Center, B Building", "is_hq": true, "state": null}], "name": "Accenture", "tagline": null, "universal_name_id": "accenture", "profile_pic_url": "https://s3.us-west-000.backblazeb2.com/proxycurl/company/accenture/profile?X-Amz-Algorithm=AWS4-HMAC-SHA256&X-Amz-Credential=0004d7f56a0400b0000000001%2F20241120%2Fus-west-000%2Fs3%2Faws4_request&X-Amz-Date=20241120T045014Z&X-Amz-Expires=3600&X-Amz-SignedHeaders=host&X-Amz-Signature=3d5c755b4104cc452eaa75e36621f22967ce0de8c17a9828fbab10c5441afe07", "background_cover_image_url": "https://s3.us-west-000.backblazeb2.com/proxycurl/company/accenture/cover?X-Amz-Algorithm=AWS4-HMAC-SHA256&X-Amz-Credential=0004d7f56a0400b0000000001%2F20241120%2Fus-west-000%2Fs3%2Faws4_request&X-Amz-Date=20241120T045014Z&X-Amz-Expires=3600&X-Amz-SignedHeaders=host&X-Amz-Signature=74086767f3120b37124bd7f21e76814cc94ff11792afe2a074263fa1ef443711", "search_id": "1033", "similar_companies": [{"name": "Deloitte", "link": "https://www.linkedin.com/company/deloitte/", "industry": "Business Consulting and Services", "location": null}, {"name": "Tata Consultancy Services", "link": "https://www.linkedin.com/company/tata-consultancy-services/", "industry": "IT Services and IT Consulting", "location": null}, {"name": "Cognizant", "link": "https://www.linkedin.com/company/cognizant/", "industry": "IT Services and IT Consulting", "location": null}, {"name": "EY", "link": "https://www.linkedin.com/company/ernstandyoung/", "industry": "IT Services and IT Consulting", "location": null}, {"name": "IBM", "link": "https://www.linkedin.com/company/ibm/", "industry": "IT Services and IT Consulting", "location": null}, {"name": "Infosys", "link": "https://www.linkedin.com/company/infosys/", "industry": "IT Services and IT Consulting", "location": null}, {"name": "Wipro", "link": "https://www.linkedin.com/company/wipro/", "industry": "IT Services and IT Consulting", "location": null}, {"name": "Capgemini", "link": "https://www.linkedin.com/company/capgemini/", "industry": "IT Services and IT Consulting", "location": null}, {"name": "Accenture in India", "link": "https://www.linkedin.com/company/accentureindia/", "industry": "IT Services and IT Consulting", "location": null}, {"name": "Google", "link": "https://www.linkedin.com/company/google/", "industry": "Software Development", "location": null}, {"name": "Amazon", "link": "https://www.linkedin.com/company/amazon/", "industry": "Software Development", "location": null}, {"name": "Genpact", "link": "https://www.linkedin.com/company/genpact/", "industry": "Business Consulting and Services", "location": null}, {"name": "PwC", "link": "https://www.linkedin.com/company/pwc/", "industry": "Professional Services", "location": null}, {"name": "Microsoft", "link": "https://www.linkedin.com/company/microsoft/", "industry": "Software Development", "location": null}, {"name": "Tech Mahindra", "link": "https://www.linkedin.com/company/tech-mahindra/", "industry": "IT Services and IT Consulting", "location": null}, {"name": "HCLTech", "link": "https://www.linkedin.com/company/hcltech/", "industry": "IT Services and IT Consulting", "location": null}, {"name": "McKinsey & Company", "link": "https://www.linkedin.com/company/mckinsey/", "industry": "Business Consulting and Services", "location": null}, {"name": "Concentrix", "link": "https://www.linkedin.com/company/concentrix/", "industry": "IT Services and IT Consulting", "location": null}, {"name": "JPMorganChase", "link": "https://www.linkedin.com/company/jpmorganchase/", "industry": "Financial Services", "location": null}, {"name": "KPMG", "link": "https://www.linkedin.com/company/kpmg/", "industry": "Accounting", "location": null}], "affiliated_companies": [{"name": "Accenture na Slovensku ", "link": "https://www.linkedin.com/company/accenture-na-slovensku/", "industry": "IT Services and IT Consulting", "location": null}, {"name": "Accenture in the Philippines", "link": "https://www.linkedin.com/company/accenture-in-the-philippines/", "industry": "IT Services and IT Consulting", "location": null}, {"name": "Accenture Israel", "link": "https://www.linkedin.com/company/accenture_israel/", "industry": "Business Consulting and Services", "location": null}, {"name": "Accenture Federal Services", "link": "https://www.linkedin.com/company/accenturefederalservices/", "industry": "IT Services and IT Consulting", "location": null}, {"name": "Accenture Baltics", "link": "https://www.linkedin.com/company/accenture-baltics/", "industry": "IT Services and IT Consulting", "location": null}, {"name": "Accenture Greece", "link": "https://www.linkedin.com/company/accenture-greece/", "industry": "Information Technology & Services", "location": null}, {"name": "Accenture Australia", "link": "https://www.linkedin.com/company/accentureaustralia/", "industry": "IT Services and IT Consulting", "location": null}, {"name": "Accenture Portugal", "link": "https://www.linkedin.com/company/accenture-portugal/", "industry": "IT Services and IT Consulting", "location": null}, {"name": "Accenture UK & Ireland", "link": "https://www.linkedin.com/company/accenture-uk-ireland/", "industry": "IT Services and IT Consulting", "location": null}, {"name": "Accenture DACH", "link": "https://www.linkedin.com/company/accenture-dach/", "industry": "IT Services and IT Consulting", "location": null}, {"name": "Accenture Belgium", "link": "https://www.linkedin.com/company/accenture-belgium/", "industry": "IT Services and IT Consulting", "location": null}, {"name": "The Structure Group", "link": "https://www.linkedin.com/company/the-structure-group/", "industry": "IT Services and IT Consulting", "location": null}, {"name": "Accenture Nordics", "link": "https://www.linkedin.com/company/accenture-nordics/", "industry": "IT Services and IT Consulting", "location": null}, {"name": "Accenture Enkitec Group", "link": "https://www.linkedin.com/company/enkitec/", "industry": "IT Services and IT Consulting", "location": null}, {"name": "Accenture M\u00e9xico", "link": "https://www.linkedin.com/company/accenture-m-xico/", "industry": "Business Consulting and Services", "location": null}, {"name": "Accenture Southeast Asia", "link": "https://www.linkedin.com/company/accenture-sea/", "industry": "Business Consulting and Services", "location": null}, {"name": "Accenture France", "link": "https://www.linkedin.com/company/accenture-france/", "industry": "IT Services and IT Consulting", "location": null}, {"name": "Blue Horseshoe, Part of Accenture", "link": "https://www.linkedin.com/company/blue-horseshoe/", "industry": "Transportation, Logistics, Supply Chain and Storage", "location": null}, {"name": "Nashco Consulting Ltd.", "link": "https://www.linkedin.com/company/nashco-consulting-ltd.-/", "industry": "Information Technology & Services", "location": null}, {"name": "Accenture Japan", "link": "https://www.linkedin.com/company/accenture-japan/", "industry": "Business Consulting and Services", "location": null}, {"name": "Accenture Argentina", "link": "https://www.linkedin.com/company/accenturear/", "industry": "Business Consulting and Services", "location": null}, {"name": "Accenture Song", "link": "https://www.linkedin.com/company/accenture-song/", "industry": "Marketing Services", "location": null}, {"name": "Accenture Middle East", "link": "https://www.linkedin.com/company/accenture-middle-east/", "industry": "Business Consulting and Services", "location": null}, {"name": "Accenture in South Africa", "link": "https://www.linkedin.com/company/accenture-in-south-africa/", "industry": "Business Consulting and Services", "location": null}, {"name": "Accenture Espa\u00f1a", "link": "https://www.linkedin.com/company/accenture-espana/", "industry": "Business Consulting and Services", "location": null}, {"name": "Accenture the Netherlands", "link": "https://www.linkedin.com/company/accenture-the-netherlands/", "industry": "Business Consulting and Services", "location": null}, {"name": "Accenture Hungary", "link": "https://www.linkedin.com/company/accenture-hungary/", "industry": "IT Services and IT Consulting", "location": null}, {"name": "Accenture Italia", "link": "https://www.linkedin.com/company/accenture-italia/", "industry": "IT Services and IT Consulting", "location": null}, {"name": "Accenture Poland", "link": "https://www.linkedin.com/company/accenturepoland/", "industry": "IT Services and IT Consulting", "location": null}, {"name": "Accenture Bulgaria", "link": "https://www.linkedin.com/company/accenture_bulgaria/", "industry": "IT Services and IT Consulting", "location": null}, {"name": "Trivadis - Part of Accenture", "link": "https://www.linkedin.com/company/trivadis-part-of-accenture/", "industry": "IT Services and IT Consulting", "location": null}, {"name": "Bow&Arrow (part of Accenture Song)", "link": "https://www.linkedin.com/company/bow-&-arrow/", "industry": "Business Consulting and Services", "location": null}, {"name": "Accenture Colombia", "link": "https://www.linkedin.com/company/accenture-colombia/", "industry": "Business Consulting and Services", "location": null}, {"name": "Accenture Brasil", "link": "https://www.linkedin.com/company/accenturebrasil/", "industry": "IT Services and IT Consulting", "location": null}, {"name": "Accenture in India", "link": "https://www.linkedin.com/company/accentureindia/", "industry": "IT Services and IT Consulting", "location": null}, {"name": "Accenture Security", "link": "https://www.linkedin.com/showcase/accenture_security/", "industry": "IT Services and IT Consulting", "location": null}, {"name": "N3", "link": "https://www.linkedin.com/company/n3/", "industry": "IT Services and IT Consulting", "location": null}, {"name": "Search Technologies", "link": "https://www.linkedin.com/company/search-technologies/", "industry": "IT Services and IT Consulting", "location": null}], "updates": [{"article_link": "https://www.linkedin.com/posts/deutsche-bank_tell-me-morewith-julie-sweet-ugcPost-7262753363610546178-U383", "image": null, "posted_on": {"day": 14, "month": 11, "year": 2024}, "text": "\ud83c\udf0d Change is coming at an ever-increasing speed, whether it\u2019s geopolitics, AI or the climate crisis. And it doesn\u2019t matter if you\u2019re a bank or a consultancy company \u2013 our businesses and clients are all facing the same megatrends.  \n \nWe were excited to hear from Julie Sweet, CEO of Accenture, in a series for staff hosted by our CEO Christian Sewing.  \n \nThere was no shortage of topics to cover, with Julie and Christian sharing their views on global developments, how innovation in AI changes the way we work, and the skill sets that are growing in demand. \n \nWe also learnt about Julie\u2019s great passion for life-long learning and her own approach to broadening her knowledge and skills. She also spoke about the role of good leadership in times of change, and the importance of purpose in a company\u2019s culture \ud83d\udcaa \n \nCheck out some of the highlights in our video \u2b07\ufe0f \n \n#CEO #Accenture #DeutscheBank", "total_likes": 344}, {"article_link": "https://www.linkedin.com/posts/accenture_a-broad-based-business-reinvention-for-net-activity-7261765873021947904-HxZ1", "image": null, "posted_on": {"day": 11, "month": 11, "year": 2024}, "text": "A broad-based business reinvention for net zero is underway. Powerful, next-generation decarbonization levers such as AI and the reinvention of business models will be critical accelerate the journey to net zero. \n\nRead our latest report to learn how companies can accelerate their progress towards net zero. https://accntu.re/4eprXuf", "total_likes": 198}, {"article_link": "https://www.linkedin.com/posts/accenture_how-to-mobilize-technology-for-continuous-activity-7262835602549526528-EG7n", "image": null, "posted_on": {"day": 14, "month": 11, "year": 2024}, "text": "Did you know the average CIO spends 50% of their time on tactical tasks like maintenance? A #DigitalCore can change that by transforming IT into a unified, strategic driver that\u2019s ready to adopt and scale new technologies as they arrive.\n\nDiscover the steps to design, build, and operate a unique, reinvention-ready digital core for your business: https://accntu.re/3CoGtoK\n\n[Video Description: Black lines create a geometric pattern over a gradient background. Text animates in the middle of the frame that reads: \u201cHow does developing a reinvention-ready digital core make a difference?\u201d The Accenture Greater Than logo appears below the text. A black background fills the frame and text reads: \u201cAs one part of the digital core improves, so will others.\u201d The text disappears, and the digital core capabilities appear in a list from the top of the frame to the bottom; it reads: \u201cDigital Platforms, AI, Data, Security, Continuum Control Plane, Composable Integration, Cloud-First Infrastructure\u201d Lines appear next to each capability. The lines begin to move and become intertwined with each other. Text comes on frame that reads: \u201cAnd as the digital core gets stronger, it makes AI adoption easier. The adoption of AI speeds up the development of digital core capabilities even more.\u201d The lines begin moving quicker, then they create a circle around text that reads: \u201cIt creates a virtuous cycle we call the technology halo effect.\u201d A purple Accenture Greater Than logo appears below the text.]", "total_likes": 293}, {"article_link": "https://www.linkedin.com/posts/accenture_what-have-we-been-up-to-from-participating-activity-7260697603602796544-kQZK", "image": "https://media.licdn.com/dms/image/v2/D4D10AQGNKf4tsGQSAA/image-shrink_1280/image-shrink_1280/0/1731085202385?e=1732222800&v=beta&t=vAaJbT1OMui6mCBXqmITOcFETO79h73cXjldRMMaHYc", "posted_on": {"day": 8, "month": 11, "year": 2024}, "text": "What have we been up to?\n \nFrom participating in the Ascension Charity Classic and shining at L'ATTITUDE in the US, to engaging in the Dual Student Program in Germany, showcasing Automotive Excellence at South Africa Auto Week, sharing innovative ideas at SXSW Sydney in Australia and running together in the Ekiden relay in Belgium, we\u2019ve been busy!\n \nAnd we can't forget celebrating the recognition of Latvia and Lithuania as Great Places to Work and enjoying World Coffee Day in Denmark. \ud83d\udc9c \u2728\n\n[Image Description:\nFrame 1: Three Accenture employees are posing for a selfie with a blue phone, all smiling against a white backdrop that reads L'attitude.\nFrame 2: Eight Accenture employees in purple shirts are posing with a sign that reads \"Ascension Charity Classic Youth Clinic presented by Accenture\" on a sunny day with blue skies and clean-cut grass.\nFrame 3: Three Accenture employees are laughing and drinking coffee while sitting on a blue bench, surrounded by green plants and orange pillows in the background.\nFrame 4: The Accenture team is posing for a group photo with their thumbs up after running together in the Ekiden relay in Gallia, with a soccer field in the background.\nFrame 5: An aerial view of Accenture employees, all wearing black shirts, standing on cobblestones with their hands in the air, forming the Accenture greater than symbol with their positioning.\nFrame 6: A group of performers in orange, green, yellow, black, and blue silky costumes with straw hats is celebrating a Century of Automotive Excellence at SA Auto Week while dancing and playing instruments.\nFrame 7: The Platinum Party room at SXSW features the Accenture symbol, illuminated by bright purple lights. The space includes a stage, a podium, and speakers.\nFrame 8: A large group of Accenture employees is celebrating the recognition of Latvia and Lithuania as Great Places to Work, with their hands raised in excitement as they receive this award.]", "total_likes": 965}, {"article_link": "https://www.linkedin.com/posts/accenture_swipe-to-see-how-activity-7260319026004856832-F7k-", "image": null, "posted_on": {"day": 7, "month": 11, "year": 2024}, "text": "Over 16 million people live in Brazil\u2019s favelas. We want to break their cycle of poverty.\n \nAccenture partnered with Gerando Falc\u00f5es to solve community problems: https://accntu.re/3UF2Z37\n \n[Image Description: \nFrame 1:\nAcross the top of the screen, the Accenture and Gerando Falc\u00f5es logos sit together, signifying partnership.\nAgainst a black background punctuated by small white dots, a brightly lit favela is composed of purple pointillist dots.\nText on screen explains:\nTogether, we reinvented the fight against poverty.\n\nFrame 2:\nHalf of the frame is a continuation of the black background from the previous frame. The other half is white, with text.\nText continues:\nBy working with Gerando Falc\u00f5es within Brazil\u2019s favelas to empower women\u2026\n\nFrame 3:\nText on a white background continues:\n\u2026giving them a business model to help them sell products, generate income and receive donations\u2026\n\nFrame 4:\nA woman and her child smile as they sit together, the mother looking at the child and the child looking at the camera.\nText concludes:\n\u2026helping up to 15,000 individuals and their families to rewrite their future.\n\nFrame 5:\nStylized text on a white screen says \u201cREINVENTED WITH accenture\u201d with a purple Accenture \u201cGreater Than\u201d logo.]", "total_likes": 710}, {"article_link": "https://www.linkedin.com/posts/accenture_accenture-in-the-headlines-activity-7259248258798014464-0UHZ", "image": null, "posted_on": {"day": 7, "month": 11, "year": 2024}, "text": "Accenture is in the news! This month, some of our leaders shared insights on the growing value of #GenAI for Accenture, the cost of trust erosion for brand marketers, top retail execution strategies for consumer packaged goods (CPGs), the impact of AI in the UK public sector, and the new wave of AI in the workplace.\n\nCheck out the full stories:\nJulie Sweet on Accenture's fourth quarter and gen AI: https://accntu.re/3Yxdu9U\nSaurabh Kumar Sahu on why consumer trust is more critical than ever: https://accntu.re/3AsDN96\nOliver Wright on how CPGs are navigating the current retail landscape: https://accntu.re/4hxDWsq\nShaheen Sayed on how gen AI could help address productivity stagnation in the UK: \nhttps://accntu.re/3Cc5QKp\nJulie Sweet and NVIDIA CEO Jensen Huang on their AI partnership: https://accntu.re/3YwPBiM\n\n[Carousel description: \n\nFrame 1: The background is purple and has faded text from a news article. Under the Accenture Greater Than logo, text reads: \"ACCENTURE IN THE HEADLINES\" and below that, it says: \u201dOctober 2024\u201d. Underneath, it reads, \"Did you catch the news? Leaders say that the UK has more to gain from gen AI than any other G7 nation.\u201d At the bottom, it says, \"Catch more highlights\" followed by an arrow. \n\nFrame 2: A graph with neon-colored lines is on the left. To the right of the graph, text reads: \u201cAccenture Chair and CEO Julie Sweet discusses the value of AI for Accenture\u2019s future.\u201d Below the text, CNBC is sourced. At the middle top of the frame is an image of Julie Sweet. \n\nFrame 3: A quote by Saurabh Kumar Sahu, Managing Director and Lead for Accenture India, is on a white background and reads: \u201cRapid technology advancements, particularly with accelerated use of AI and generative AI, are reshaping consumers\u2019 digital experiences.\u201d Above the text, Campaign India is sourced. Above the source, various images depict technological advancements. \n\nFrame 4: A quote by Oliver Wright, Global Consumer Industries Lead at Accenture, is on a white background and reads: \u201cIt\u2019s safe to say this is the most complicated landscape we\u2019ve seen today, and we believe it\u2019s only going to get more complicated.\u201d Below the quote, Consumer Goods Technology is sourced. On the bottom, an image depicts AI chatbots. \n\nFrame 5: Text on a white background reads: \u201cAccenture report finds that generative AI could almost double the UK\u2019s economic growth.\u201d Above the text, Independent is sourced. Above the source, two people are looking at a chart of data. \n\nFrame 6: Text on a white background reads: \u201cJulie Sweet announces expanded AI partnership with NVIDIA to help companies adopt AI.\u201d To the left of the text, AI chatbots and data are depicted. \n\nFrame 7: Faded text from a news article is overlaid over a woman looking at her phone. To the right of the woman, text reads: \u201cClick the links in the description above to read more\u2014and follow for more updates.\u201d The Accenture Greater Than logo is at the bottom right.]", "total_likes": 904}], "follower_count": 12646172, "acquisitions": null, "exit_data": null, "extra": null, "funding_data": [], "categories": null, "customer_list": null}
