{"linkedin_internal_id": "2382910", "description": "Launched in 2006, Amazon Web Services (AWS) began exposing key infrastructure services to businesses in the form of web services -- now widely known as cloud computing. The ultimate benefit of cloud computing, and AWS, is the ability to leverage a new business model and turn capital infrastructure expenses into variable costs. Businesses no longer need to plan and procure servers and other IT resources weeks or months in advance. Using AWS, businesses can take advantage of Amazon's expertise and economies of scale to access resources when their business needs them, delivering results faster and at a lower cost.\n\nToday, Amazon Web Services provides a highly reliable, scalable, low-cost infrastructure platform in the cloud that powers hundreds of thousands of businesses in 190 countries around the world. With data center locations in the U.S., Europe, Singapore, and Japan, customers across all industries are taking advantage of our low cost, elastic, open and flexible, secure platform.", "website": "http://aws.amazon.com", "industry": "IT Services and IT Consulting", "company_size": [10001, null], "company_size_on_linkedin": 133258, "hq": {"country": "US", "city": "Seattle", "postal_code": "98019", "line_1": "410 Terry Ave N", "is_hq": true, "state": "WA"}, "company_type": "PUBLIC_COMPANY", "founded_year": 2006, "specialities": [""], "locations": [{"country": "US", "city": "Seattle", "postal_code": "98019", "line_1": "410 Terry Ave N", "is_hq": true, "state": "WA"}, {"country": "US", "city": "East Palo Alto", "postal_code": "94303", "line_1": "2100 University Ave", "is_hq": false, "state": "CA"}, {"country": "SE", "city": "Stockholm", "postal_code": "111 22", "line_1": "Kungsgatan 49", "is_hq": false, "state": "Stockholm County"}, {"country": "US", "city": "Cambridge", "postal_code": "02142", "line_1": "101 Main St", "is_hq": false, "state": "MA"}, {"country": "LU", "city": "Luxembourg", "postal_code": "2165", "line_1": "31 Rives de Clausen", "is_hq": false, "state": "Luxembourg"}, {"country": "CA", "city": "Toronto", "postal_code": "M5J 0A8", "line_1": "120 Bremner Blvd", "is_hq": false, "state": "ON"}, {"country": "US", "city": "Chicago", "postal_code": "60606", "line_1": "227 W Monroe St", "is_hq": false, "state": "IL"}, {"country": "BR", "city": "Sao Paulo", "postal_code": "04551-065", "line_1": "Avenida Chedid Jafet, 200", "is_hq": false, "state": "SP"}, {"country": "IT", "city": "Milan", "postal_code": "20124", "line_1": "Via Soperga, 9", "is_hq": false, "state": "Lomb."}, {"country": "US", "city": "Irvine", "postal_code": "92618", "line_1": "40 Pacifica", "is_hq": false, "state": "CA"}, {"country": "CA", "city": "Vancouver", "postal_code": "V6B 0M3", "line_1": "510 W Georgia St", "is_hq": false, "state": "BC"}, {"country": "US", "city": "East Palo Alto", "postal_code": "94303", "line_1": "1900 University Ave", "is_hq": false, "state": "CA"}, {"country": "GB", "city": "London", "postal_code": "EC1A 2FD", "line_1": "60 Holborn Viaduct", "is_hq": false, "state": "England"}, {"country": "AU", "city": "Sydney", "postal_code": "2000", "line_1": "2 Park St", "is_hq": false, "state": "NSW"}, {"country": "IL", "city": "Herzliya", "postal_code": "46000", "line_1": "Sapir", "is_hq": false, "state": "Tel Aviv"}, {"country": "JP", "city": "\u54c1\u5ddd\u533a", "postal_code": "141-0021", "line_1": "\u4e0a\u5927\u5d0e\uff13\u4e01\u76ee\uff11\u2212\uff11 \u76ee\u9ed2\u30bb\u30f3\u30c8\u30e9\u30eb\u30b9\u30af\u30a8\u30a2", "is_hq": false, "state": "\u6771\u4eac\u90fd"}], "name": "Amazon Web Services (AWS)", "tagline": "Official Global LinkedIn page for Amazon Web Services (AWS).", "universal_name_id": "amazon-web-services", "profile_pic_url": "https://s3.us-west-000.backblazeb2.com/proxycurl/company/amazon-web-services/profile?X-Amz-Algorithm=AWS4-HMAC-SHA256&X-Amz-Credential=0004d7f56a0400b0000000001%2F20241120%2Fus-west-000%2Fs3%2Faws4_request&X-Amz-Date=20241120T045021Z&X-Amz-Expires=3600&X-Amz-SignedHeaders=host&X-Amz-Signature=cefff990247a7e7298d9ff36894d6ca977ff21b6f4368c1dafabe409b68f4a68", "background_cover_image_url": "https://s3.us-west-000.backblazeb2.com/proxycurl/company/amazon-web-services/cover?X-Amz-Algorithm=AWS4-HMAC-SHA256&X-Amz-Credential=0004d7f56a0400b0000000001%2F20241120%2Fus-west-000%2Fs3%2Faws4_request&X-Amz-Date=20241120T045021Z&X-Amz-Expires=3600&X-Amz-SignedHeaders=host&X-Amz-Signature=b000a96b1dff2f4da99648512a534f2ea76b338c9906664496ed9a77c8110436", "search_id": "2382910", "similar_companies": [{"name": "Amazon", "link": "https://www.linkedin.com/company/amazon", "industry": "Software Development", "location": "Seattle, WA"}, {"name": "Google", "link": "https://www.linkedin.com/company/google", "industry": "Software Development", "location": "Mountain View, CA"}, {"name": "Microsoft", "link": "https://www.linkedin.com/company/microsoft", "industry": "Software Development", "location": "Redmond, Washington"}, {"name": "Deloitte", "link": "https://www.linkedin.com/company/deloitte", "industry": "Business Consulting and Services", "location": null}, {"name": "IBM", "link": "https://www.linkedin.com/company/ibm", "industry": "IT Services and IT Consulting", "location": "Armonk, New York, NY"}, {"name": "Meta", "link": "https://www.linkedin.com/company/meta", "industry": "Software Development", "location": "Menlo Park, CA"}, {"name": "Salesforce", "link": "https://www.linkedin.com/company/salesforce", "industry": "Software Development", "location": "San Francisco, California"}, {"name": "Apple", "link": "https://www.linkedin.com/company/apple", "industry": "Computers and Electronics Manufacturing", "location": "Cupertino, California"}, {"name": "Oracle", "link": "https://www.linkedin.com/company/oracle", "industry": "IT Services and IT Consulting", "location": "Austin, Texas"}, {"name": "Accenture", "link": "https://ie.linkedin.com/company/accenture", "industry": "Business Consulting and Services", "location": null}], "affiliated_companies": [{"name": "Amazon", "link": "https://www.linkedin.com/company/amazon", "industry": "Software Development", "location": "Seattle, WA"}, {"name": "AWS Training & Certification", "link": "https://www.linkedin.com/showcase/aws-training-&-certification/", "industry": "IT Services and IT Consulting", "location": "Seattle, Washington"}, {"name": "AWS AI", "link": "https://www.linkedin.com/showcase/aws-ai/", "industry": "IT Services and IT Consulting", "location": "Seattle, Washington"}, {"name": "AWS Careers", "link": "https://www.linkedin.com/showcase/aws-careers/", "industry": "IT Services and IT Consulting", "location": "Seattle, Washington"}, {"name": "AWS Databases & Analytics", "link": "https://www.linkedin.com/showcase/aws-databases/", "industry": "IT Services and IT Consulting", "location": "Seattle, Washington"}, {"name": "AWS Startups", "link": "https://www.linkedin.com/showcase/aws-startups/", "industry": "IT Services and IT Consulting", "location": null}, {"name": "AWS Executive Insights", "link": "https://www.linkedin.com/showcase/aws-executive-insights/", "industry": "Information Technology & Services", "location": "Seattle, Washington"}, {"name": "AWS Events", "link": "https://www.linkedin.com/showcase/awsevents/", "industry": "IT Services and IT Consulting", "location": null}, {"name": "AWS Developers", "link": "https://www.linkedin.com/showcase/aws-developers/", "industry": "Technology, Information and Internet", "location": null}, {"name": "AWS Partners", "link": "https://www.linkedin.com/showcase/aws-partners/", "industry": "IT Services and IT Consulting", "location": "Seattle, Washington"}, {"name": "Machine Learning", "link": "https://www.linkedin.com/showcase/awsml/", "industry": "IT Services and IT Consulting", "location": null}, {"name": "AWS for M&E", "link": "https://www.linkedin.com/showcase/aws-media-entertainment/", "industry": "Software Development", "location": "Seattle, Washington"}, {"name": "AWS for Telecom", "link": "https://www.linkedin.com/showcase/aws-telecom/", "industry": "IT Services and IT Consulting", "location": "Seattle, WA"}, {"name": "AWS for Healthcare & Life Sciences", "link": "https://www.linkedin.com/showcase/aws-healthcare-lifescience/", "industry": "IT Services and IT Consulting", "location": null}, {"name": "AWS for Energy & Utilities", "link": "https://www.linkedin.com/showcase/aws-energy-utilities/", "industry": "IT Services and IT Consulting", "location": "Seattle, WA"}, {"name": "AWS for Financial Services", "link": "https://www.linkedin.com/showcase/aws-for-financial-services/", "industry": "IT Services and IT Consulting", "location": null}, {"name": "Amazon re:MARS", "link": "https://www.linkedin.com/showcase/amazonremars/", "industry": "Information Technology & Services", "location": null}, {"name": "AWS On Air", "link": "https://www.linkedin.com/showcase/aws-on-air/", "industry": "Technology, Information and Internet", "location": null}, {"name": "AWS for Industrial", "link": "https://www.linkedin.com/showcase/aws-industrial/", "industry": "IT Services and IT Consulting", "location": "Seattle, WA"}, {"name": "AWS for Retail and Consumer Goods", "link": "https://www.linkedin.com/showcase/aws-retail-cpg/", "industry": "IT Services and IT Consulting", "location": "Seattle, WA"}, {"name": "AWS for Automotive", "link": "https://www.linkedin.com/showcase/aws-for-automotive/", "industry": "IT Services and IT Consulting", "location": "Seattle, WA"}, {"name": "AWS Products", "link": "https://www.linkedin.com/showcase/awsproducts/", "industry": "Technology, Information and Internet", "location": null}, {"name": "Artificial Intelligence Machine Learning", "link": "https://www.linkedin.com/showcase/awsaiml/", "industry": "IT Services and IT Consulting", "location": null}, {"name": "Machine Learning", "link": "https://www.linkedin.com/showcase/awsmachinelearning/", "industry": "IT Services and IT Consulting", "location": null}, {"name": "For Industries", "link": "https://www.linkedin.com/showcase/aws-for-industries/", "industry": "IT Services and IT Consulting", "location": null}, {"name": "AWS for Aerospace & Satellite", "link": "https://www.linkedin.com/showcase/aws-space/", "industry": "IT Services and IT Consulting", "location": null}, {"name": "T V", "link": "https://www.linkedin.com/showcase/awstv/", "industry": "IT Services and IT Consulting", "location": null}, {"name": "For TV", "link": "https://www.linkedin.com/showcase/aws-tv/", "industry": "IT Services and IT Consulting", "location": null}, {"name": "AWS News", "link": "https://www.linkedin.com/showcase/aws-news/", "industry": "IT Services and IT Consulting", "location": null}], "updates": [{"article_link": null, "image": "https://media.licdn.com/dms/image/v2/D4E10AQFpVZPdzhwe4g/videocover-high/videocover-high/0/1725976912658?e=2147483647&v=beta&t=DYj53BqWSoz3lpNG-CeIGnKAIaW2xNJEA7PTWRZcUVQ", "posted_on": {"day": 28, "month": 9, "year": 2024}, "text": "#Developers, unlock the power of real-time data to elevate your users' experience & score a major win. \u2601\ufe0f\u26bd\ufe0f\ud83d\udca1 https://go.aws/3AWmywZ #AWS #generativeAI #AmazonBedrock", "total_likes": 2226}, {"article_link": null, "image": "https://media.licdn.com/dms/image/v2/D4E10AQGzP8NmEYB3Hg/ads-video-thumbnail_720_1280/ads-video-thumbnail_720_1280/0/1730048543904?e=2147483647&v=beta&t=6KXdSDIeXzv3mf_RA3Sw8HkwnxK11n7f1D8cZ_Khd1w", "posted_on": {"day": 27, "month": 10, "year": 2024}, "text": "On the racetrack, a single mistake can prove costly - especially in #F1. \ud83c\udfc1\ud83d\udede\n\nNow with \"Time Lost\", the latest #F1 Insight powered by #AWS, teams & fans will have a clear picture of the impact and cause of driver errors. \u27a1\ufe0f https://go.aws/3AfNhV2", "total_likes": 257}, {"article_link": null, "image": "https://media.licdn.com/dms/image/v2/D4E10AQG6fkFrOLKd0A/ads-video-thumbnail_720_1280/ads-video-thumbnail_720_1280/0/1729958474222?e=2147483647&v=beta&t=EaNr_94WukyA-XbxGjBL8uUsPuTjmEdY8LNEpM03HmM", "posted_on": {"day": 27, "month": 10, "year": 2024}, "text": "Do you want to expand your exam prep for #AI testing? \ud83d\udc40\ud83d\udcda\u26a1\ufe0f\n\nWell, now you can! Set yourself up for success, by going into your AI Practitioner exam prepared. \ud83c\udf93 https://go.aws/4e8EXnP", "total_likes": 144}, {"article_link": null, "image": "https://media.licdn.com/dms/image/v2/D4E10AQHu_lDWxiuNhw/ads-video-thumbnail_720_1280/ads-video-thumbnail_720_1280/0/1729863363960?e=2147483647&v=beta&t=tvrDiK0-t5B0fDB55D7nJzuA7pNl1yjVKXHvobkXpQ0", "posted_on": {"day": 26, "month": 10, "year": 2024}, "text": "Top DFL Deutsche Fu\u00dfball Liga players \u2795 #AWS = #PartyRock \u26bd\ud83d\udca5\n\nWith PartyRock, anyone can develop their own #generativeAI powered application - even pro athletes. Whether it's on mountaintops or by the beach, #AWS #PartyRock enables users to envision and design a wide range of possibilities. Build your own app today. \u27a1\ufe0f https://go.aws/4eWE4Qz\n\nMario G\u00f6tze Bundesliga International GmbH", "total_likes": 686}, {"article_link": null, "image": "https://media.licdn.com/dms/image/v2/D5605AQFEcEX9yFTpsw/feedshare-thumbnail_720_1280/feedshare-thumbnail_720_1280/0/1729783294836?e=2147483647&v=beta&t=TAmrHzKFhqBWa7-ha2cg9uA1rIN3N_pTQX5UXuOcvY0", "posted_on": {"day": 25, "month": 10, "year": 2024}, "text": null, "total_likes": 229}, {"article_link": null, "image": "https://media.licdn.com/dms/image/v2/D5605AQFEcEX9yFTpsw/feedshare-thumbnail_720_1280/feedshare-thumbnail_720_1280/0/1729783294836?e=2147483647&v=beta&t=TAmrHzKFhqBWa7-ha2cg9uA1rIN3N_pTQX5UXuOcvY0", "posted_on": {"day": 25, "month": 10, "year": 2024}, "text": null, "total_likes": 0}, {"article_link": null, "image": "https://media.licdn.com/dms/image/v2/D4E10AQGV0m-WZq39MQ/videocover-high/videocover-high/0/1729789395920?e=2147483647&v=beta&t=4PrZl7Ft_DYeia7wn7gp5JSRluunp84SMclDLceDlOU", "posted_on": {"day": 25, "month": 10, "year": 2024}, "text": "Q: How can I spend less time on basic coding tasks & more time on key features? \u2601\ufe0f \u2699\ufe0f \ud83d\ude80 \nA: #AmazonQ is the answer. \u27a1\ufe0f https://go.aws/3NCuc2j\n\nAmazon Q Developer assists developers & IT professionals with all their tasks\u2014from coding, testing, & upgrading applications leaving you with more time to diagnose errors, perform security scanning & fixes, & optimize your #AWS resources.", "total_likes": 146}, {"article_link": null, "image": null, "posted_on": {"day": 25, "month": 10, "year": 2024}, "text": "Join Donnie Prakoso, Principal Developer Advocate, AWS and Matt Coles, Principal Engineer, AWS at the first Builders Online Series spotlight session as they share about cloud builder journey and how to be a proficient AWS builder. They will also share more about the rest of the learning tracks offered and how you can benefit from them.", "total_likes": 416}, {"article_link": null, "image": "https://media.licdn.com/dms/image/v2/D4E10AQEkBBjp1XDv2w/ads-video-thumbnail_720_1280/ads-video-thumbnail_720_1280/0/1729545279521?e=2147483647&v=beta&t=m8BG4eTyeWDRO6EuOALRJqlEYebvju6HL0118Q1LO7I", "posted_on": {"day": 24, "month": 10, "year": 2024}, "text": null, "total_likes": 184}, {"article_link": null, "image": "https://media.licdn.com/dms/image/v2/D4E10AQEkBBjp1XDv2w/ads-video-thumbnail_720_1280/ads-video-thumbnail_720_1280/0/1729545279521?e=2147483647&v=beta&t=m8BG4eTyeWDRO6EuOALRJqlEYebvju6HL0118Q1LO7I", "posted_on": {"day": 22, "month": 10, "year": 2024}, "text": null, "total_likes": 0}, {"article_link": null, "image": "https://media.licdn.com/dms/image/v2/D4E10AQHd4-VpHMYReQ/videocover-high/videocover-high/0/1729710560604?e=2147483647&v=beta&t=Q5ox5xLMUfQpeTWA2LSXV9fcZQ0w4fPPV004GhxqeBA", "posted_on": {"day": 24, "month": 10, "year": 2024}, "text": "Looking for a sign to start your AWS certification journey? \ud83c\udf1f https://go.aws/4fcFE0z\n\nMeet Debbie & see how she made it happen! Start your path with the AWS Certified Cloud Practitioner or AI Practitioner exams\u2014including a free exam retake voucher. \ud83d\udcaa Offer available through February 15, 2025. Let\u2019s do this! \ud83d\ude80\n\n#AWS #AWSTraining #AWSCertified #generativeAI", "total_likes": 240}, {"article_link": null, "image": "https://media.licdn.com/dms/image/v2/D4D10AQH5zW-o94VyQQ/ads-video-thumbnail_720_1280/ads-video-thumbnail_720_1280/0/1729644882953?e=2147483647&v=beta&t=gXMAP7bqJTApu4lkYon7puc-QFcyj96mItwWY-ozJM4", "posted_on": {"day": 23, "month": 10, "year": 2024}, "text": "Tips from Alex Albert, Head of Developer Relations, at Anthropic on diving into the upgraded Claude 3.5 Sonnet model\u2014now available in #AmazonBedrock! \ud83d\udcc8\ud83d\udee0\ufe0f https://go.aws/3UkRiyn\n\nRaising the bar for real-world software engineering tasks, including agentic capabilities, this is Anthropic's most intelligent model yet!\n\nKey Features:\n\u2022 Agentic computer use\n\u2022 State-of-the-art coding, vision, and writing skills\n\u2022 Enhanced reasoning and problem-solving abilities\n\u2022 Deeply understands nuanced instructions and context\n\u2022 Generates creative solutions\n\u2022 Recognizes and corrects mistakes\n\u2022 Delivers sophisticated analysis on complex data\n\nThis model is ideal for critical, customer-facing #AI experiences where frontier intelligence is a must.\n\n#AWS #generativeAI", "total_likes": 302}], "follower_count": 9683934, "acquisitions": null, "exit_data": null, "extra": null, "funding_data": [], "categories": null, "customer_list": null}
