{"linkedin_internal_id": "1788688", "description": "AT \ud83c\udde6\ud83c\uddf9", "website": null, "industry": "IT Services and IT Consulting", "company_size": [0, 1], "company_size_on_linkedin": 1, "hq": {"country": "TR", "city": "\u0130stanbul", "postal_code": null, "line_1": null, "is_hq": true, "state": null}, "company_type": "PRIVATELY_HELD", "founded_year": null, "specialities": [], "locations": [{"country": "TR", "city": "\u0130stanbul", "postal_code": null, "line_1": null, "is_hq": true, "state": null}], "name": "AT", "tagline": null, "universal_name_id": "at", "profile_pic_url": "https://media.licdn.com/dms/image/v2/D4D0BAQH_7OGQul8qEA/company-logo_400_400/company-logo_400_400/0/1680379312932/at_logo?e=1740009600&v=beta&t=Fqy089w-Wj93KsCk8LuYVxncB_t2J5y3EYpPoVWkNtw", "background_cover_image_url": "https://media.licdn.com/dms/image/v2/C4D3DAQE2FKWmLlHszg/image-scale_191_1128/image-scale_191_1128/0/1680610218731/at_cover?e=1732687200&v=beta&t=R572_refelic2XdoEjbvQJDRnfz_dkwG133EMk21D7M", "search_id": "1788688", "similar_companies": [{"name": "Atishay Limited", "link": "https://www.linkedin.com/company/atishay-limited/", "industry": "IT Services and IT Consulting", "location": null}, {"name": "Hotel Atishay ", "link": "https://www.linkedin.com/company/hotel-atisahy/", "industry": "Hospitality", "location": null}, {"name": "Evolf vermogensadvies", "link": "https://www.linkedin.com/company/e/", "industry": "Financial Services", "location": null}, {"name": "Array Property Group", "link": "https://www.linkedin.com/company/array-property-group/", "industry": "Real Estate", "location": null}, {"name": "Izzy Industries", "link": "https://www.linkedin.com/company/izzy-industries/", "industry": "Telecommunications", "location": null}, {"name": "staywyze", "link": "https://www.linkedin.com/company/staywyzezw/", "industry": "Travel Arrangements", "location": null}, {"name": "Coastal Pacific Construction Inc.", "link": "https://www.linkedin.com/company/coastal-pacific-construction-inc-/", "industry": "Construction", "location": null}, {"name": "Bartlit Beck LLP", "link": "https://www.linkedin.com/company/bartlitbeckllp/", "industry": "Law Practice", "location": null}, {"name": "Strong Automotive", "link": "https://www.linkedin.com/company/strong-llc/", "industry": "Advertising Services", "location": null}, {"name": "NadaMoo!", "link": "https://www.linkedin.com/company/nadamoo-/", "industry": "Food and Beverage Services", "location": null}, {"name": "TopCV Vietnam", "link": "https://www.linkedin.com/company/topcv-vietnam/", "industry": "Human Resources Services", "location": null}, {"name": "Red Robin", "link": "https://www.linkedin.com/company/redrobinburgers/", "industry": "Restaurants", "location": null}, {"name": "Chick-fil-A Restaurants", "link": "https://www.linkedin.com/company/chick-fil-a-restaurants/", "industry": "Restaurants", "location": null}, {"name": "Atmosfy", "link": "https://www.linkedin.com/company/atmosfyapp/", "industry": "Online Audio and Video Media", "location": null}], "affiliated_companies": [], "updates": [], "follower_count": 29, "acquisitions": null, "exit_data": null, "extra": null, "funding_data": [], "categories": null, "customer_list": null}
