{"linkedin_internal_id": "17973173", "description": "Aurora (Nasdaq: AUR) is delivering the benefits of self-driving technology safely, quickly, and broadly to make transportation safer, increasingly accessible, and more reliable and efficient than ever before. The Aurora Driver is a self-driving system designed to operate multiple vehicle types, from freight-hauling trucks to ride-hailing passenger vehicles, and underpins Aurora Horizon and Aurora Connect, its driver-as-a-service products for trucking and ride-hailing. Aurora is working with industry leaders across the transportation ecosystem, including Toyota, FedEx, Volvo Trucks, PACCAR, Uber, Uber Freight, U.S. Xpress, Werner, Covenant, Schneider, and Ryder. For Aurora\u2019s latest news, visit aurora.tech and @aurora_inno on Twitter.", "website": "https://aurora.tech/", "industry": "Software Development", "company_size": [1001, 5000], "company_size_on_linkedin": 2065, "hq": {"country": "US", "city": "Mountain View", "postal_code": "94043", "line_1": "280 N Bernardo Ave", "is_hq": true, "state": "California"}, "company_type": "PUBLIC_COMPANY", "founded_year": 2017, "specialities": ["Self-driving", "Engineering", "self-driving cars", "Automotive", "Machine Learning", "Autonomous Vehicles"], "locations": [{"country": "US", "city": "Mountain View", "postal_code": "94043", "line_1": "280 N Bernardo Ave", "is_hq": true, "state": "California"}, {"country": "US", "city": "Pittsburgh", "postal_code": "15222", "line_1": "1600 Smallman St", "is_hq": false, "state": "Pennsylvania"}, {"country": "US", "city": "Coppell", "postal_code": "75019", "line_1": "700 Freeport Pkwy Suite 300", "is_hq": false, "state": "Texas"}, {"country": "US", "city": "Seattle", "postal_code": "98101", "line_1": "1411 4th St Suite #1100", "is_hq": false, "state": "WA"}, {"country": "US", "city": "Bozeman", "postal_code": "59718", "line_1": "136 Enterprise Blvd", "is_hq": false, "state": "Montana"}], "name": "Aurora", "tagline": "Aurora (Nasdaq: AUR) provides self-driving technology for safe, accessible, and efficient transportation.", "universal_name_id": "auroradriver", "profile_pic_url": "https://media.licdn.com/dms/image/v2/D560BAQHrae_qWCWW1g/company-logo_200_200/company-logo_200_200/0/1719267714476/auroradriver_logo?e=2147483647&v=beta&t=SFe6J_iKwlgTT_oq35Atw_ItcELkK3WqWWiSg2HOTjU", "background_cover_image_url": "https://media.licdn.com/dms/image/v2/C561BAQG6wIDNjRbcCQ/company-background_10000/company-background_10000/0/1648144267776/auroradriver_cover?e=2147483647&v=beta&t=UqJnLpOIW9xKlD7Pxyt_YNF2zfuHgI7RF0bakz-VnSY", "search_id": "17973173", "similar_companies": [{"name": "Waymo", "link": "https://www.linkedin.com/company/waymo", "industry": "Technology, Information and Internet", "location": "Mountain View, California"}, {"name": "Cruise", "link": "https://www.linkedin.com/company/getcruise", "industry": "Motor Vehicle Manufacturing", "location": "San Francisco, California"}, {"name": "Zoox", "link": "https://www.linkedin.com/company/zoox-inc", "industry": "Automotive", "location": "Foster City, California"}, {"name": "Motional", "link": "https://www.linkedin.com/company/motionaldrive", "industry": "Motor Vehicle Manufacturing", "location": "Boston, Massachusetts"}, {"name": "Nuro", "link": "https://www.linkedin.com/company/nuro-inc.", "industry": "Software Development", "location": "Mountain View, CA"}, {"name": "Kodiak", "link": "https://www.linkedin.com/company/kodiakrobotics", "industry": "Software Development", "location": "Mountain View, California"}, {"name": "Rivian", "link": "https://www.linkedin.com/company/rivian", "industry": "Motor Vehicle Manufacturing", "location": "Irvine, CA"}, {"name": "Torc Robotics", "link": "https://www.linkedin.com/company/torc-technologies", "industry": "Truck Transportation", "location": "Blacksburg, VA"}, {"name": "Lucid Motors", "link": "https://www.linkedin.com/company/lucidmotors", "industry": "Motor Vehicle Manufacturing", "location": "Newark, California"}, {"name": "NVIDIA", "link": "https://www.linkedin.com/company/nvidia", "industry": "Computer Hardware Manufacturing", "location": "Santa Clara, CA"}], "affiliated_companies": [], "updates": [{"article_link": null, "image": "https://media.licdn.com/dms/image/v2/D4E10AQHnuh9k-8heFA/videocover-high/videocover-high/0/1711049375793?e=2147483647&v=beta&t=m7Aqz8cG6s6kPdIkCh7KUDd21msHfMkQoG7x6dTMpsE", "posted_on": {"day": 20, "month": 3, "year": 2024}, "text": "With industry-leading  partnerships and the first U.S. commercial-ready autonomous trucking route, the Aurora Driver is designed to deliver. Want an inside look at our terminals? Here's your chance. Buckle up!  #designedtodeliver", "total_likes": 490}, {"article_link": null, "image": "https://media.licdn.com/dms/image/v2/D5622AQHWDePQ3ZTRhQ/feedshare-shrink_800/feedshare-shrink_800/0/1731306252558?e=2147483647&v=beta&t=hntwqV83MbClogNXDl4GXwKfw0mZ9lp5pWihp71P_rI", "posted_on": {"day": 13, "month": 11, "year": 2024}, "text": "\ud83c\uddfa\ud83c\uddf8 This Veterans Day, we want to reflect on what it truly means to be a veteran and recognize the unique strengths veterans bring to the private sector.\n\n\ud83c\uddfa\ud83c\uddf8 To be a veteran is to have dedicated oneself to something greater than personal gain. It's about commitment, resilience, and camaraderie.\n\n\ud83c\uddfa\ud83c\uddf8 Veterans know what it means to keep pushing, adapt under pressure, and prioritize teamwork\u2014traits that don\u2019t just go away once military service ends.\n\n\ud83c\uddfa\ud83c\uddf8 These skill sets are invaluable in the private sector. Veterans bring discipline, a strong work ethic, and the ability to make strategic decisions in high-stakes situations. \n\n\ud83c\uddfa\ud83c\uddf8 Many of us have been trained to lead with empathy and to keep our teams motivated through challenges. \n\n\ud83c\uddfa\ud83c\uddf8 Veterans are also adept at learning and adapting quickly, which makes them assets in fast-paced industries.\n\n\ud83c\uddfa\ud83c\uddf8 Today, let\u2019s honor the service and skills of our veterans, recognizing the incredible value they bring to their communities and workplaces. \n\n\ud83c\uddfa\ud83c\uddf8 Thank you to all who have served and continue to serve in different ways! \n\n#AUGVETNET\n#VETERANSDAY\n#VETERAN\nAurora", "total_likes": 61}, {"article_link": null, "image": "https://media.licdn.com/dms/image/v2/D4E22AQGpbMBoBuelLA/feedshare-shrink_2048_1536/feedshare-shrink_2048_1536/0/1731098401427?e=2147483647&v=beta&t=zFqZv2QePi6ZaZdgH9o3BiSjPOY_DkzkOpfZr3YgB6I", "posted_on": {"day": 13, "month": 11, "year": 2024}, "text": "There will be a lot to love about autonomous trucks. They have the potential to make our roads safer, stabilize and strengthen supply chains, and help create jobs.\n\nFor more on the opportunities in trucking and our verifiable approach to AI and robust sensor suite, catch Sterling Anderson on the London Futurists: https://lnkd.in/eDJw56VR", "total_likes": 80}, {"article_link": null, "image": "https://media.licdn.com/dms/image/v2/D5610AQG3ldPPQf9IQA/videocover-high/videocover-high/0/1730409026043?e=2147483647&v=beta&t=Qq2vyxtsclvlJWW-bkfKeK8UGfSvbEsFzYG5LXaNfZI", "posted_on": {"day": 6, "month": 11, "year": 2024}, "text": "Watch what happens when an autonomous truck powered by the Aurora Driver encounters barrels on the road. See more: https://bit.ly/3C8U6Z8", "total_likes": 368}, {"article_link": null, "image": "https://media.licdn.com/dms/image/v2/D5610AQHUszhyh0Mp5w/image-shrink_800/image-shrink_800/0/1730325616381?e=2147483647&v=beta&t=Z62KXaLSN_TWVVYMSmEmHeMMXo_H9ijTA_wfAanVUv0", "posted_on": {"day": 6, "month": 11, "year": 2024}, "text": "We\u2019re on the brink of a new era in mobility and logistics. We\u2019ve fully contracted our expected launch capacity, added half a billion dollars to our balance sheet, and announced our expansion to Phoenix. Our shareholder letter covers more on our Q3 progress: https://bit.ly/40leKiQ", "total_likes": 441}, {"article_link": "https://www.roadtoautonomy.com/autonomy-leaderboard/", "image": null, "posted_on": {"day": 30, "month": 10, "year": 2024}, "text": "We\u2019re honored to hold the #1 spot on The Road to Autonomy\u00ae's leaderboard for Autonomous Trucks. This recognition reflects our team\u2019s dedication to advancing safe, reliable, and scalable autonomous solutions that push the future of transportation forward. https://bit.ly/3C4yu06", "total_likes": 157}, {"article_link": null, "image": "https://media.licdn.com/dms/image/v2/D4D05AQGGA3a5vjsRUg/videocover-high/videocover-high/0/1729691277889?e=2147483647&v=beta&t=4ar_rsnNKZLk_VqNknIHhIVQg9FS05f0KvzR9M2pRPY", "posted_on": {"day": 30, "month": 10, "year": 2024}, "text": "Exciting updates ahead as The Volvo VNL Autonomous, equipped with the Aurora Driver, hits Texas roads!", "total_likes": 148}, {"article_link": null, "image": "https://media.licdn.com/dms/image/v2/D4D05AQGGA3a5vjsRUg/videocover-high/videocover-high/0/1729691277889?e=2147483647&v=beta&t=4ar_rsnNKZLk_VqNknIHhIVQg9FS05f0KvzR9M2pRPY", "posted_on": {"day": 30, "month": 10, "year": 2024}, "text": null, "total_likes": 0}, {"article_link": null, "image": "https://media.licdn.com/dms/image/v2/D5622AQE55eKdxR9IIg/feedshare-shrink_800/feedshare-shrink_800/0/1729119498498?e=2147483647&v=beta&t=Ts50qIHfcwcbUlUenj_0LToMVb7akolznjQl2VXilKI", "posted_on": {"day": 23, "month": 10, "year": 2024}, "text": "Trenton has been a pillar of the photonics industry in Montana, and an important lidar expert here at Aurora. Check out his interview to read about his dynamic career in photonics, his passion for building up the tech industry in Montana, and his commitment to improving road safety with autonomous vehicle technology.", "total_likes": 98}, {"article_link": null, "image": "https://media.licdn.com/dms/image/v2/D5622AQE55eKdxR9IIg/feedshare-shrink_800/feedshare-shrink_800/0/1729119498498?e=2147483647&v=beta&t=Ts50qIHfcwcbUlUenj_0LToMVb7akolznjQl2VXilKI", "posted_on": {"day": 20, "month": 10, "year": 2024}, "text": null, "total_likes": 0}, {"article_link": null, "image": "https://media.licdn.com/dms/image/v2/D5610AQGgnyJd_tpO1A/image-shrink_800/image-shrink_800/0/1729267240734?e=2147483647&v=beta&t=XD2HnNclYE_cnOGG7zR22lca0ZZNoT_1323Z6UXkqyw", "posted_on": {"day": 20, "month": 10, "year": 2024}, "text": "Thrilled to see our CEO and co-founder, Chris Urmson, recognized by Nasdaq in Times Square for the 2024 Automotive Hall of Fame Mobility Innovator Award! This honor reflects his leadership in advancing autonomous vehicle technology.", "total_likes": 538}, {"article_link": null, "image": "https://media.licdn.com/dms/image/v2/D4D10AQEWAD0Scl4DLQ/videocover-high/videocover-high/0/1729021266070?e=2147483647&v=beta&t=SmW053PBMnM4qbP4gxHimmyh_Ag0NGrXW6ett05HQ-0", "posted_on": {"day": 20, "month": 10, "year": 2024}, "text": "The #AllNewVolvoVNL Autonomous is making waves at #ATAmce24!\n\nSasko Cuklev, Head of On-Road Solutions at Volvo Autonomous Solutions, is showcasing the cutting-edge technology designed to enhance transportation capacity. Don\u2019t miss your chance to see it up close \u2014 visit us at booth #13125!\n\nAurora | #GuidedBySafety", "total_likes": 600}], "follower_count": 92858, "acquisitions": null, "exit_data": null, "extra": null, "funding_data": [], "categories": null, "customer_list": null}
