{"linkedin_internal_id": "53257993", "description": "Designed and Supervised by the team of IIT Alumni and Ex-DRDO Junior Scientist.\n\nAvishkar Tech Solutions exemplifies the common notion that to grow a business, you have to be ruthless. But we know there\u2019s a better way to grow. One where what is good for the bottom line is also good for customers. We firmly believe that business can grow with conscience and succeed with pure soul. That\u2019s the main reason for us to create a platform that unites software, education and community to help business grow everyday.", "website": "http://avishkartechsolutions.com/", "industry": "IT Services and IT Consulting", "company_size": [51, 200], "company_size_on_linkedin": 51, "hq": {"country": "IN", "city": "Hyderabad", "postal_code": null, "line_1": "Medicherla towers, 2nd floor survey no:78,Patrika Nagar", "is_hq": true, "state": null}, "company_type": "PRIVATELY_HELD", "founded_year": 2019, "specialities": [], "locations": [{"country": "IN", "city": "Hyderabad", "postal_code": null, "line_1": "Medicherla towers, 2nd floor survey no:78,Patrika Nagar", "is_hq": true, "state": null}], "name": "Avishkar Tech Solutions", "tagline": "Robotics And DataScience Analytical Startup", "universal_name_id": "avishkar-tech-solutions", "profile_pic_url": "https://media.licdn.com/dms/image/v2/C560BAQG5MX-AFY35Eg/company-logo_400_400/company-logo_400_400/0/1630657904709/avishkar_tech_solutions_logo?e=1740009600&v=beta&t=fOp9HOIs6AxSJRrqRSeKk48idkg8OP5qZX9Y65qUQr8", "background_cover_image_url": "https://media.licdn.com/dms/image/v2/C561BAQHwvj8gHbrWzQ/company-background_200/company-background_200/0/1604419910622/avishkar_tech_solutions_cover?e=1732687200&v=beta&t=PNepOaKII1UPWZjX8_CcJ_jdC_eVsc3yafxhk8nz-ZU", "search_id": "53257993", "similar_companies": [{"name": "Avishkar Solutions Pvt. Ltd.", "link": "https://www.linkedin.com/company/avishkar-solutions-pvt.-ltd./", "industry": "IT Services and IT Consulting", "location": null}, {"name": "Magic9 Media & Consumer Knowledge Pvt. Ltd.", "link": "https://www.linkedin.com/company/mnmck/", "industry": "Market Research", "location": null}, {"name": "Quantiphi", "link": "https://www.linkedin.com/company/quantiphi/", "industry": "IT Services and IT Consulting", "location": null}, {"name": "The Sparks Foundation", "link": "https://www.linkedin.com/company/the-sparks-foundation/", "industry": "Education Administration Programs", "location": null}, {"name": "Blackstraw", "link": "https://www.linkedin.com/company/blackstraw-ai/", "industry": "IT Services and IT Consulting", "location": null}, {"name": "Tutree.education", "link": "https://www.linkedin.com/company/tutree-inc-/", "industry": "Education", "location": null}, {"name": "Research and Action Centre for Local Democracy (RACLD)", "link": "https://www.linkedin.com/company/research-and-action-centre-for-local-democracy/", "industry": "Civic and Social Organizations", "location": null}, {"name": "IBM", "link": "https://www.linkedin.com/company/ibm/", "industry": "IT Services and IT Consulting", "location": null}, {"name": "Infosys", "link": "https://www.linkedin.com/company/infosys/", "industry": "IT Services and IT Consulting", "location": null}, {"name": "Tata Consultancy Services", "link": "https://www.linkedin.com/company/tata-consultancy-services/", "industry": "IT Services and IT Consulting", "location": null}, {"name": "Gophers Lab", "link": "https://www.linkedin.com/company/gophers-lab/", "industry": "IT Services and IT Consulting", "location": null}, {"name": "Clarity", "link": "https://www.linkedin.com/company/tryclarity/", "industry": "Wellness and Fitness Services", "location": null}, {"name": "PW (PhysicsWallah)", "link": "https://www.linkedin.com/company/physicswallah/", "industry": "E-Learning Providers", "location": null}, {"name": "Omind", "link": "https://www.linkedin.com/company/omind-ai/", "industry": "Software Development", "location": null}, {"name": "4HireEdu. ", "link": "https://www.linkedin.com/company/4hire-edu/", "industry": "Education Administration Programs", "location": null}, {"name": "Avishkar IT Services", "link": "https://www.linkedin.com/company/avishkaritservices/", "industry": "Information Technology & Services", "location": null}, {"name": "Wipro", "link": "https://www.linkedin.com/company/wipro/", "industry": "IT Services and IT Consulting", "location": null}, {"name": "Cognizant", "link": "https://www.linkedin.com/company/cognizant/", "industry": "IT Services and IT Consulting", "location": null}, {"name": "FreeCo Education Private Limited", "link": "https://www.linkedin.com/company/freeco-education-private-limited/", "industry": "Education Management", "location": null}, {"name": "Google", "link": "https://www.linkedin.com/company/google/", "industry": "Software Development", "location": null}], "affiliated_companies": [], "updates": [{"article_link": "https://www.linkedin.com/posts/avishkar-tech-solutions_hiring-experienced-sales-activity-7141603125538304001-TNRb", "image": null, "posted_on": {"day": 20, "month": 12, "year": 2023}, "text": null, "total_likes": 1}, {"article_link": "https://www.linkedin.com/posts/avishkar-tech-solutions_hiring-experienced-sales-activity-7141359348932329472-XchS", "image": null, "posted_on": {"day": 20, "month": 12, "year": 2023}, "text": null, "total_likes": 1}, {"article_link": "https://www.linkedin.com/posts/avishkar-tech-solutions_bulkhiring-alert-campushiring-activity-7136154858272821248-KrfL", "image": null, "posted_on": {"day": 20, "month": 12, "year": 2023}, "text": null, "total_likes": 2}, {"article_link": "https://www.linkedin.com/posts/avishkar-tech-solutions_hiring-mbajobs-vendor-activity-7139468528046247936-8smQ", "image": null, "posted_on": {"day": 20, "month": 12, "year": 2023}, "text": null, "total_likes": 1}, {"article_link": "https://www.linkedin.com/posts/avishkar-tech-solutions_bulkhiring-alert-campushiring-activity-7135905836895281152-UrtW", "image": null, "posted_on": {"day": 20, "month": 12, "year": 2023}, "text": null, "total_likes": 3}, {"article_link": "https://www.linkedin.com/posts/avishkar-tech-solutions_bulkhiring-alert-campushiring-activity-7135491594555686912-v4yv", "image": null, "posted_on": {"day": 20, "month": 12, "year": 2023}, "text": null, "total_likes": 5}], "follower_count": 2284, "acquisitions": null, "exit_data": null, "extra": null, "funding_data": [], "categories": null, "customer_list": null}
