{"linkedin_internal_id": "26642042", "description": "Biencaps is established in July 2019 with the endeavoring and diverse vision to break through the general norms to create and deliver the innovative. With an excellent team and creatives heads, we tend to craft the best of the best from an idea. With our adaptive R&Ds, we have been able to create products that capture solutions to real-world problems. Throughout our experience as a Multi-domain firm, we have gained the trust of our clients for being a reliable solution.", "website": "https://www.biencaps.com/", "industry": "IT Services and IT Consulting", "company_size": [11, 50], "company_size_on_linkedin": 7, "hq": {"country": "IN", "city": "Pune", "postal_code": "411041", "line_1": null, "is_hq": true, "state": "MAHARASHTRA"}, "company_type": "PRIVATELY_HELD", "founded_year": 2019, "specialities": ["Web Apps", "Mobile Apps (Android/iOS)", "react", "flutter", "Iot"], "locations": [{"country": "IN", "city": "Pune", "postal_code": "411041", "line_1": null, "is_hq": true, "state": "MAHARASHTRA"}], "name": "Biencaps Systems Pvt. Ltd.", "tagline": "Compiling Future...", "universal_name_id": "biencaps-systems-india-pvt-ltd", "profile_pic_url": "https://s3.us-west-000.backblazeb2.com/proxycurl/company/biencaps-systems-india-pvt-ltd/profile?X-Amz-Algorithm=AWS4-HMAC-SHA256&X-Amz-Credential=0004d7f56a0400b0000000001%2F20241120%2Fus-west-000%2Fs3%2Faws4_request&X-Amz-Date=20241120T052008Z&X-Amz-Expires=3600&X-Amz-SignedHeaders=host&X-Amz-Signature=5031db9b9ae05b8e8e4832db460fb7c66b82d5613a013c081cd745e66c93e3b3", "background_cover_image_url": "https://s3.us-west-000.backblazeb2.com/proxycurl/company/biencaps-systems-india-pvt-ltd/cover?X-Amz-Algorithm=AWS4-HMAC-SHA256&X-Amz-Credential=0004d7f56a0400b0000000001%2F20241120%2Fus-west-000%2Fs3%2Faws4_request&X-Amz-Date=20241120T052008Z&X-Amz-Expires=3600&X-Amz-SignedHeaders=host&X-Amz-Signature=a04da1131488e8a63ce0ed43052ac266d19df48a16a4cb3c468ec18816cce7d2", "search_id": "26642042", "similar_companies": [{"name": "Core2web", "link": "https://www.linkedin.com/company/core2web-technologies/", "industry": "Professional Training and Coaching", "location": null}, {"name": "Incubators", "link": "https://www.linkedin.com/company/c2wincubators/", "industry": "Professional Training and Coaching", "location": null}, {"name": "Isana Systems", "link": "https://www.linkedin.com/company/isana-systems/", "industry": "IT Services and IT Consulting", "location": null}, {"name": "Zero Gravity Cybernetics Private Limited", "link": "https://www.linkedin.com/company/zero-gravity-cybernetics/", "industry": "Information Technology & Services", "location": null}, {"name": "IntraEdge", "link": "https://www.linkedin.com/company/intraedge/", "industry": "IT Services and IT Consulting", "location": null}, {"name": "Atreya Innovations Private Limited", "link": "https://www.linkedin.com/company/atreya/", "industry": "Wellness and Fitness Services", "location": null}, {"name": "Scrobits Technologies", "link": "https://www.linkedin.com/company/scrobits-technologies/", "industry": "Software Development", "location": null}, {"name": "Orangebits Software Technologies (India) Pvt Ltd", "link": "https://www.linkedin.com/company/orangebitsindia/", "industry": "Information Technology & Services", "location": null}, {"name": "Farmicon", "link": "https://www.linkedin.com/company/farmiconindia/", "industry": "Farming", "location": null}, {"name": "Ksolves India Limited", "link": "https://www.linkedin.com/company/ksolves/", "industry": "IT Services and IT Consulting", "location": null}, {"name": "Persistent Systems", "link": "https://www.linkedin.com/company/persistent-systems/", "industry": "IT Services and IT Consulting", "location": null}, {"name": "Metadome.ai", "link": "https://www.linkedin.com/company/metadome/", "industry": "Software Development", "location": null}, {"name": "Coditas", "link": "https://www.linkedin.com/company/coditas/", "industry": "IT Services and IT Consulting", "location": null}, {"name": "GDGOC_ZCOER", "link": "https://www.linkedin.com/company/gdgoc-zcoer/", "industry": "Information Services", "location": null}, {"name": "CodeClause", "link": "https://www.linkedin.com/company/codeclause/", "industry": "IT Services and IT Consulting", "location": null}, {"name": "Xpressbees (BusyBees Logistics Solutions Pvt. Ltd.)", "link": "https://www.linkedin.com/company/xpressbees/", "industry": "Transportation, Logistics, Supply Chain and Storage", "location": null}, {"name": "Oasis Infobyte", "link": "https://www.linkedin.com/company/oasis-infobyte/", "industry": "Software Development", "location": null}, {"name": "Cybage Software", "link": "https://www.linkedin.com/company/cybage/", "industry": "IT Services and IT Consulting", "location": null}, {"name": "IBM", "link": "https://www.linkedin.com/company/ibm/", "industry": "IT Services and IT Consulting", "location": null}, {"name": "CodSoft", "link": "https://www.linkedin.com/company/codsoft/", "industry": "IT Services and IT Consulting", "location": null}], "affiliated_companies": [], "updates": [], "follower_count": 1167, "acquisitions": null, "exit_data": null, "extra": null, "funding_data": [], "categories": null, "customer_list": null}
