{"linkedin_internal_id": "35534697", "description": "As a distinguished government-supported institution established under the BIUST Act (CAP 57:05), BIUST stands as a beacon of excellence in higher education. Our focus is  to nurture the brightest minds in Science, Engineering, and Technology at both the undergraduate and postgraduate levels.\n\nWith an unwavering commitment to quality, we're not just an institution - we're a community of innovators. Our vision is to become a globally renowned, entrepreneurial research-based university, consistently propelling  the boundaries of innovation and knowledge.\n\n Join us  in our journey to shape the future of science, engineering, and technology. Let's connect and collaborate for a brighter, more innovative world.\n\n#BIUST #Science #Engineering #Technology #Innovation #HigherEducation #ResearchExcellence #AcademicCommunity #GlobalImpact\n\n", "website": "http://www.biust.ac.bw", "industry": "Higher Education", "company_size": [201, 500], "company_size_on_linkedin": 598, "hq": {"country": "BW", "city": "Palapye", "postal_code": "BW", "line_1": "Boseja Ward, P/Bag 16", "is_hq": true, "state": "Central Region"}, "company_type": "EDUCATIONAL", "founded_year": 2006, "specialities": ["Sciences ", "Engineering ", "Technology ", "Mathematics ", "Research", "Entrepreneurial "], "locations": [{"country": "BW", "city": "Palapye", "postal_code": "BW", "line_1": "Boseja Ward, P/Bag 16", "is_hq": true, "state": "Central Region"}], "name": "Botswana International University of Science & Technology", "tagline": "Entrepreneurial research-based university, globally renowned for its quality and  excellence in STEM", "universal_name_id": "botswana-international-university-of-science-technology", "profile_pic_url": "https://media.licdn.com/dms/image/v2/C4D0BAQGV6OGvY83fqg/company-logo_400_400/company-logo_400_400/0/1630549931948/botswana_international_university_of_science_technilogy_logo?e=1740009600&v=beta&t=3t-9rb1aTf3zUQtxY4MoA3cx6KCMqN5H6ymoJ3kOH90", "background_cover_image_url": "https://media.licdn.com/dms/image/v2/D4E3DAQGEKgvRfvYoeg/image-scale_191_1128/image-scale_191_1128/0/1727947121351/botswana_international_university_of_science_technology_cover?e=1732687200&v=beta&t=pkDrsVqisDZV-OCp7OtdPp6LWVBFty2vnnPFGflHHjE", "search_id": "35534697", "similar_companies": [{"name": "University of Botswana_Official", "link": "https://www.linkedin.com/company/mmadikolo/", "industry": "Higher Education", "location": null}, {"name": "Botswana University of Agriculture and Natural Resources", "link": "https://www.linkedin.com/company/botswana-university-of-agriculture-and-natural-resources/", "industry": "Food Production", "location": null}, {"name": "Botswana Institute for Technology Research and Innovation - BITRI", "link": "https://www.linkedin.com/company/botswana-institute-for-technology-research-and-innovation---bitri/", "industry": "Research Services", "location": null}, {"name": "Debswana Diamond Company", "link": "https://www.linkedin.com/company/debswana-diamond-company/", "industry": "Mining", "location": null}, {"name": "Morupule Coal Mine", "link": "https://www.linkedin.com/company/morupule-coal-mine/", "industry": "Mining", "location": null}, {"name": "Naledi Mining Services Company", "link": "https://www.linkedin.com/company/naledi-mining-services-company/", "industry": "Mining", "location": null}, {"name": "WeekendPost", "link": "https://www.linkedin.com/company/weekendpost/", "industry": "Newspaper Publishing", "location": null}, {"name": "Pentecost University", "link": "https://www.linkedin.com/company/pentecost-university/", "industry": "Education Administration Programs", "location": null}, {"name": "Sandfire", "link": "https://www.linkedin.com/company/sandfire-resources/", "industry": "Mining", "location": null}, {"name": "Stanbic Bank Botswana", "link": "https://www.linkedin.com/company/stanbic-bank-botswana-limited/", "industry": "Financial Services", "location": null}, {"name": "Water Utilities Corporation", "link": "https://www.linkedin.com/company/water-utilities-corporation/", "industry": "Utilities", "location": null}, {"name": "Human Resource Development Council Botswana", "link": "https://www.linkedin.com/company/human-resource-development-council-botswana/", "industry": "Education Administration Programs", "location": null}, {"name": "Botswana Accountancy College", "link": "https://www.linkedin.com/company/bac_bw/", "industry": "Education Management", "location": null}, {"name": "Sir Ketumile Masire Teaching Hospital - SKMTH", "link": "https://www.linkedin.com/company/sir-ketumele-masire-teaching-hospital/", "industry": "Hospitals and Health Care", "location": null}, {"name": "Kgalagadi Breweries Limited", "link": "https://www.linkedin.com/company/kgalagadi-breweries-limited/", "industry": "Manufacturing", "location": null}, {"name": "Botswana Investment and Trade Centre", "link": "https://www.linkedin.com/company/botswana-investment-and-trade-centre/", "industry": "International Trade and Development", "location": null}, {"name": "Khoemacau Copper Mining", "link": "https://www.linkedin.com/company/khoemacau-copper-mining/", "industry": "Metal Ore Mining", "location": null}, {"name": "FNB Botswana", "link": "https://www.linkedin.com/company/fnb-botswana/", "industry": "Banking", "location": null}, {"name": "Botswana Telecommunications Corporation (BTC)", "link": "https://www.linkedin.com/company/botswana-telecommunications-corporation-btc-/", "industry": "Telecommunications", "location": null}, {"name": "De Beers Botswana", "link": "https://www.linkedin.com/company/de-beers-botswana/", "industry": "Retail Luxury Goods and Jewelry", "location": null}], "affiliated_companies": [], "updates": [{"article_link": "https://www.linkedin.com/posts/botswana-international-university-of-science-technology_congratulations-on-your-new-appointments-activity-7264624175665790976-XHun", "image": "https://media.licdn.com/dms/image/v2/D4E10AQEQ1G9ZyHiyhg/image-shrink_1280/image-shrink_1280/0/1732021372431?e=1732687200&v=beta&t=I_jCJTIkqtiE-b7uxjisD0TwnYI86XayG-NopEsD3z8", "posted_on": {"day": 19, "month": 11, "year": 2024}, "text": "Congratulations on your new appointments!", "total_likes": 6}, {"article_link": "https://www.linkedin.com/posts/botswana-international-university-of-science-technology_hackathon2025-cubesatinnovation-datascience-activity-7263137274253438976-K42a", "image": "https://media.licdn.com/dms/image/v2/D4E10AQHX4Z6KKdHMww/image-shrink_1280/image-shrink_1280/0/1731666867737?e=1732687200&v=beta&t=09l5nAUJVCdsGUg2_oHI3UQJfnxXujvplSWaiPrsZHs", "posted_on": {"day": 16, "month": 11, "year": 2024}, "text": "\ud83d\ude80 BIUST Hackathon: Innovate, Collaborate, Create! \n \nAre you passionate about data science and space research? Put your Python programming skills to the test in an exciting 4-day hackathon focused on CubeSat data optimisation!\n \n\ud83d\udca1 What: A transformative hackathon fostering innovation and collaboration in machine learning solutions for CubeSat data.\n\ud83d\udcc5 When: February 17\u201320, 2025\n\ud83d\udccd Where: BIUST Campus, Palapye\n\nMore information and applications: https://lnkd.in/dEGM7B-8\n\n#Hackathon2025 #CubeSatInnovation #DataScience #PythonSkills #SpaceResearch", "total_likes": 21}, {"article_link": "https://www.linkedin.com/posts/botswana-international-university-of-science-technology_academicexcellence-activity-7262460265760280576-4m9C", "image": "https://media.licdn.com/dms/image/v2/D4E10AQGL1yNDuUAVXQ/image-shrink_1280/image-shrink_1280/0/1731505457115?e=1732687200&v=beta&t=3HykSDYUhqhq44pBsHua-ddKNibVyBGjiIaPy9HmJWI", "posted_on": {"day": 14, "month": 11, "year": 2024}, "text": "New Appointment at BIUST!\n \nJoin us in welcoming Dr. Kabo Poloko Nkabiti, a distinguished expert in Information and Communication Engineering, to our academic community! \n \nDr. Nkabiti holds a BSc (Honours) in Computing from the Open University UK, an MSc in Information Systems from BIUST, and a PhD in Information and Communication Engineering from the University of Science and Technology Beijing. Currently serving as a Lecturer at Botswana International University of Science and Technology (BIUST), Dr. Nkabiti has also shared his expertise with Botho University and Botswana Accountancy College.\n \n#WelcomeToBIUST#NewAppointment#STEMExcellence#Innovation #AcademicExcellence", "total_likes": 137}, {"article_link": "https://www.linkedin.com/posts/botswana-international-university-of-science-technology_welcometobiust-newappointment-computerscience-activity-7261740644564398084-yXcH", "image": "https://media.licdn.com/dms/image/v2/D4E10AQFSOQODF0TrFg/image-shrink_1280/image-shrink_1280/0/1731333886027?e=1732687200&v=beta&t=ft0xcXza2joiFOBQ7kTeCHPszQKtDOcyg3bZ9dxvYg8", "posted_on": {"day": 13, "month": 11, "year": 2024}, "text": "\ud83d\udce2 New Appointment at BIUST!\n\n \nWe are thrilled to welcome Dr. Rodnie Kgalemelo Mafa to the Botswana International University of Science & Technology (BIUST) as a lecturer in the Department of Computing and Informatics! \n\n \nJoin us in welcoming Dr. Mafa to the BIUST community as he brings his passion for teaching and commitment to advancing computer science education to our students! \n \n#WelcomeToBIUST #NewAppointment #ComputerScience #HigherEducation #BIUST", "total_likes": 33}, {"article_link": "https://www.linkedin.com/posts/botswana-international-university-of-science-technology_publiclecture-aviation-caab-activity-7259195725605933056-sb03", "image": "https://media.licdn.com/dms/image/v2/D4E22AQHHMvKLQ9WGTg/feedshare-shrink_2048_1536/feedshare-shrink_2048_1536/0/1730727129056?e=1735171200&v=beta&t=3lQfRUMl07OzNn-G0GAgKJrsW2jc5I7FE_pPr2CF_Fw", "posted_on": {"day": 6, "month": 11, "year": 2024}, "text": "\ud83d\udce2 REMINDER \ud83d\udce2\n\nJoin us tomorrow for an inspiring Public Lecture by Dr. Bao Mosinyi, CEO of the Civil Aviation Authority of Botswana (CAAB).\n\nDon\u2019t miss this opportunity to hear insights from one of Botswana\u2019s leading experts in aviation.\n\n\ud83d\uddd3 Date: Tuesday, 5th November 2024\n \ud83d\udd59 Time: 10:00 AM\n \ud83d\udccd Venue: Multipurpose Hall, BIUST\n\n#PublicLecture #Aviation #CAAB #BIUST #FutureOfAviation", "total_likes": 6}, {"article_link": "https://www.linkedin.com/posts/botswana-international-university-of-science-technology_biust-publiclecture-postponed-activity-7259483943001903104-CYQL", "image": "https://media.licdn.com/dms/image/v2/D4E22AQHhjvsTwh0VxQ/feedshare-shrink_2048_1536/feedshare-shrink_2048_1536/0/1730795845406?e=1735171200&v=beta&t=RKWRtgADdWk03d4oQA9D5QunkdhyE9Fd-zJrZPuAiwA", "posted_on": {"day": 6, "month": 11, "year": 2024}, "text": "\ud83d\udea8 Public Lecture Postponed \ud83d\udea8\n\nWe regret to inform you that the public lecture featuring Dr. Bao Mosinyi, CEO of the Civil Aviation Authority of Botswana (CAAB), has been postponed.\n\nWe apologize for any inconvenience and will announce the new date and time soon. Thank you for your understanding, and we look forward to welcoming you to BIUST soon!\n\n\n#BIUST #PublicLecture #Postponed #CivilAviation #AerospaceEngineering", "total_likes": 1}], "follower_count": 5277, "acquisitions": null, "exit_data": null, "extra": null, "funding_data": [], "categories": null, "customer_list": null}
