{"linkedin_internal_id": "19141006", "description": "Breakthrough Energy is dedicated to helping humanity avoid a climate disaster. Through investment vehicles, philanthropic programs, policy advocacy, and other activities, we\u2019re committed to scaling the technologies we need to reach net-zero emissions by 2050.", "website": "https://www.breakthroughenergy.org/", "industry": "Business Consulting and Services", "company_size": [51, 200], "company_size_on_linkedin": 242, "hq": {"country": "US", "city": "Kirkland", "postal_code": null, "line_1": null, "is_hq": true, "state": null}, "company_type": "PRIVATELY_HELD", "founded_year": 2016, "specialities": [], "locations": [{"country": "US", "city": "Kirkland", "postal_code": null, "line_1": null, "is_hq": true, "state": null}], "name": "Breakthrough Energy ", "tagline": "Advancing clean, reliable, affordable energy solutions that will lead us to a net-zero emissions future.", "universal_name_id": "breakthrough-energy", "profile_pic_url": "https://media.licdn.com/dms/image/v2/C4D0BAQGwD9vNu044FA/company-logo_400_400/company-logo_400_400/0/1630531940051/breakthrough_energy_ventures_logo?e=1740009600&v=beta&t=QW8NzIg_G7FUSqL5Mhn9QmyXrbhlRl0AvNfjSL1REJo", "background_cover_image_url": "https://media.licdn.com/dms/image/v2/C4D1BAQF_lhRYdxkjzw/company-background_200/company-background_200/0/1601560837359/breakthrough_energy_ventures_cover?e=1732687200&v=beta&t=qyj2FOnHL3WaR4SOIinZDoEC3MdVzpyj4ez28_b31OM", "search_id": "19141006", "similar_companies": [{"name": "Bill & Melinda Gates Foundation", "link": "https://www.linkedin.com/company/bill-&-melinda-gates-foundation/", "industry": "Non-profit Organizations", "location": null}, {"name": "Microsoft", "link": "https://www.linkedin.com/company/microsoft/", "industry": "Software Development", "location": null}, {"name": "Gates Ventures", "link": "https://www.linkedin.com/company/gatesventures/", "industry": "Executive Offices", "location": null}, {"name": "Energy Impact Partners", "link": "https://www.linkedin.com/company/energy-impact-partners/", "industry": "Venture Capital and Private Equity Principals", "location": null}, {"name": "Form Energy", "link": "https://www.linkedin.com/company/form-energy/", "industry": "Renewable Energy Equipment Manufacturing", "location": null}, {"name": "Lowercarbon Capital", "link": "https://www.linkedin.com/company/lowercarbon-capital/", "industry": "Venture Capital and Private Equity Principals", "location": null}, {"name": "Clean Energy Ventures", "link": "https://www.linkedin.com/company/clean-energy-ventures/", "industry": "Venture Capital and Private Equity Principals", "location": null}, {"name": "The Rockefeller Foundation", "link": "https://www.linkedin.com/company/the-rockefeller-foundation/", "industry": "Non-profit Organizations", "location": null}, {"name": "Heirloom", "link": "https://www.linkedin.com/company/heirloom-carbon/", "industry": "Environmental Services", "location": null}, {"name": "Electric Hydrogen", "link": "https://www.linkedin.com/company/electric-h2/", "industry": "Renewable Energy Equipment Manufacturing", "location": null}, {"name": "Antora Energy", "link": "https://www.linkedin.com/company/antora-energy/", "industry": "Industrial Machinery Manufacturing", "location": null}, {"name": "Rondo Energy", "link": "https://www.linkedin.com/company/rondo-energy/", "industry": "Renewable Energy Semiconductor Manufacturing", "location": null}, {"name": "Fervo Energy", "link": "https://www.linkedin.com/company/fervo-energy/", "industry": "Renewables & Environment", "location": null}, {"name": "RMI", "link": "https://www.linkedin.com/company/rocky-mountain-institute/", "industry": "Non-profit Organizations", "location": null}, {"name": "Twelve", "link": "https://www.linkedin.com/company/twelveco2/", "industry": "Climate Technology Product Manufacturing", "location": null}, {"name": "Greentown Labs", "link": "https://www.linkedin.com/company/greentown-labs/", "industry": "Renewables & Environment", "location": null}, {"name": "Climeworks", "link": "https://www.linkedin.com/company/climeworks/", "industry": "Environmental Services", "location": null}, {"name": "Obama Foundation", "link": "https://www.linkedin.com/company/obama-foundation/", "industry": "Non-profit Organizations", "location": null}, {"name": "Carbon Direct", "link": "https://www.linkedin.com/company/carbon-direct/", "industry": "Software Development", "location": null}, {"name": "Pachama", "link": "https://www.linkedin.com/company/pachama/", "industry": "Environmental Services", "location": null}], "affiliated_companies": [], "updates": [{"article_link": "https://www.linkedin.com/posts/nitrovolt_greenammonia-sustainableenergy-cleantech-activity-7262404717861892096-r8Zh", "image": "https://media.licdn.com/dms/image/v2/D4D22AQHpvLGA5I5idQ/feedshare-shrink_2048_1536/feedshare-shrink_2048_1536/0/1731492212358?e=1735171200&v=beta&t=XY8W55aKuzHry9UQbZh4HBV1Byc43VOw5xSFZbgZtuE", "posted_on": {"day": 14, "month": 11, "year": 2024}, "text": "\ud83c\udf89 Exciting News! NitroVolt has raised \u20ac3.5M to innovate on decentralized and green ammonia technology!\u00a0\ud83c\udf89 \n\nWe\u2019re thrilled to announce the close of our \u20ac3.5M seed round, co-led by BackingMinds and the Export and Investment Fund of Denmark, alongside a remarkable consortium of amazing investors each bringing something unique to the team: Breakthrough Energy Fellowship, EQT Foundation, Satgana, and Division Q. Thank you all for your confidence in NitroVolt's mission to make ammonia production sustainable! \ud83d\ude4c\u2728\n\u00a0\nA special shoutout to those who have been supporting us with this investment round: LASSEN RICARD, Highbridge Law Firm for legal support and V2 Communications for PR support \u2013 your help has been invaluable. \ud83d\udcaa\ud83c\udf1f\n\u00a0\nThis investment will accelerate NitroVolt\u2019s efforts to scale up sustainable and decentralized ammonia production by allowing us to expand the fantastic NitroTeam and build our first on-site Demo Unit. \u26a1 \ud83c\udf31 If you're interested in joining the team, keep an eye out for job postings! \n\u00a0\nThank you to everyone involved for helping NitroVolt take this pivotal step toward a greener future. Together, we\u2019re pushing the boundaries and working on making green ammonia affordable and available to all! \ud83d\udc9a\ud83c\udf0d\n\u00a0\n#greenammonia #sustainableenergy #cleantech #NitroVolt #seedround", "total_likes": 425}, {"article_link": "https://www.linkedin.com/posts/battery-innovation-days_bid2024-activity-7262381204270698496-isq7", "image": "https://media.licdn.com/dms/image/v2/D4D22AQFiwG8wO_7_hA/feedshare-shrink_2048_1536/feedshare-shrink_2048_1536/0/1730820456450?e=1735171200&v=beta&t=HStvK11RkDnFPjLC6fQ4omwj9DSdsl-j_OhRSWBTqMg", "posted_on": {"day": 14, "month": 11, "year": 2024}, "text": "\ud83c\udf1f Speaker Spotlight: Penelope Le Menestrel, Manager Europe at Breakthrough Energy \n\nP\u00e9n\u00e9lope joined Breakthrough Energy in January 2022, bringing a rich background in energy transition, strategy, market intelligence, and project management. With experience as a strategy consultant in the U.S. and work in hydrogen energy strategy at Air Liquide in France, P\u00e9n\u00e9lope has a deep commitment to advancing sustainable energy solutions. \ud83c\udf0d\n\nCatch her insights at the opening session: \n\ud83d\udcc5 Tuesday, 26 Nov\n\ud83d\udd59 10:00 AM \u2013 12:00 PM CET - Powering Growth: How to Finance the Battery Value Chain?\n\nThis session is ideal for those interested in financing mechanisms and strategies to support the growth of Europe\u2019s battery ecosystem. \u26a1\n\n#BID2024", "total_likes": 11}, {"article_link": "https://www.linkedin.com/posts/barbara-humpton_optimisticoutlook-ugcPost-7264409668121149440-mTbv", "image": null, "posted_on": {"day": 19, "month": 11, "year": 2024}, "text": "In 2024, Bill Gates and Breakthrough Energy noticed a subtle yet powerful shift in how the private sector began deploying clean tech. \n\nI had a chance to discuss this with Bill recently. And as our conversation goes live this morning on the #OptimisticOutlook podcast, I wanted to devote a newsletter to a critical topic: the people now guiding this latest industrial revolution. After all, technology is only as powerful as the people behind it.", "total_likes": 197}, {"article_link": "https://www.linkedin.com/posts/phoffenberg_cop29-dragi-scale-ugcPost-7262424085379346432-J-ud", "image": "https://media.licdn.com/dms/image/v2/D4E22AQE1RlLuRgM0Ag/feedshare-shrink_2048_1536/feedshare-shrink_2048_1536/0/1731496809857?e=1735171200&v=beta&t=do3fiECEocWCJmZl3IGNT9ZcuGXtF8UfNGsCaaHAUNY", "posted_on": {"day": 14, "month": 11, "year": 2024}, "text": "Day 2 at #COP29 in Baku with Alberto Toril Castro, Anca Gurzu, and Matteo Mirolo.\n\nHighlights for me so far:\n\n\ud83c\udf0d A panel discussion with Lilyana Pavlova, Ambroise Fayolle (EIB), Iliyana Tsanova (EC), Jurgen Rigterink (EBRD), and Delyana Ivanova (Bulgarian Development Bank) on 'Powering up Competitiveness in the CEE region' organized by the Green Transition Forum. We discussed lessons from the #Dragi report, and what it takes to help European companies #scale. \n\n\ud83d\udd34 This is a problem in the #CEE region in particular. While potential is big (in 2023, over 80 startups across 10 CEE countries secured fresh funding to scale their energy-focused solutions in the region and beyond), there are problems with access to smart capital and later-stage funding. As a result, 40% of founders who studied at #universities in CEE do not stay in the same country to found their #startup. \n\n\ud83c\udf0d A roundtable on #energycorridors organized by S&P Global Commodity Insights, where speakers from around the globe discussed the benefits of green energy corridors, how to realize them, and how to combine them with transport and digital corridors. I yet remain to be convinced that much of this can be realized, especially in #Europe, considering #supplychain bottlenecks we already see in existing large-scale infrastructure projects.\n\n\ud83c\udf0d A Climate #Security Reflection Dinner, hosted by Benedikt Franke of the Munich Security Conference, with an inspiring intervention by Tony Agotha, #EU Special Envoy for Climate and Environment Diplomacy on the EU's role in the world and its efforts to lead on #climateaction. \n\nMy take is that climate Security and #energyresilience need to go hand in hand. While we strive for #netzero, we need to avoid dependencies on any one #fuel, #technology, or country, and also protect our #infrastructure. That's why we created the Energy Resilience Leadership Group at the #MSC two years ago. It's a coalition of corporates and emerging cleantech players to accelerate the deployment of emerging tech.\n\n\ud83c\udf0d Columbia University Roundtable on 'Reconciling Climate and #Trade: Principles and Practicalities', with interesting reflections on whether or not a climate and trade agreement is feasible under #WTO rules. Someone said that a future alternative #multilateral approach might not be centered in #DC or #Brussels - if anyone needed a reminder of how the world is changing. I was also happy to meet colleagues from the BMW Foundation Herbert Quandt, Gr\u00e9goire Roos, Dr. Bryan Scheler, and Paula Schmid Schmidsfelden.\n\n\ud83c\udf0d A great discussion with team of Clean Air Task Force, together with my colleague Alberto Toril Castro. The team around Larissa Lee Beck, Kasparas Spokas and others is extremely insightful and impactful across Europe, the #US, and #MiddleEast, I came out of that discussion with plenty of new ideas.\n\nMore to come.", "total_likes": 88}, {"article_link": "https://www.linkedin.com/posts/maria-a-martinez_chci-activity-7262800021996072961-W7Mn", "image": "https://media.licdn.com/dms/image/v2/D4E22AQE-PnwgHgHMug/feedshare-shrink_2048_1536/feedshare-shrink_2048_1536/0/1731586460997?e=1735171200&v=beta&t=r4uTjmiNTBi23s3gMM1Ps0gJ0zPrrZLFKWoDhKuIUOU", "posted_on": {"day": 15, "month": 11, "year": 2024}, "text": "Excited to join the Congressional Hispanic Caucus Institute (CHCI)'s Symposium on Energy, Infrastructure, and Sustainability to talk about the ways clean energy technologies benefit the lives of Latinos and what's on the agenda for energy next year. Join me on November 20!! #CHCI", "total_likes": 78}, {"article_link": "https://www.linkedin.com/posts/torilcastro_breakthrough-energy-fellows-activity-7264295937596891136-37mJ", "image": null, "posted_on": {"day": 6, "month": 11, "year": 2024}, "text": "\ud83d\udea8\u00a0REMINDER: Applications are Open until December 2! \ud83d\udea8\n\u00a0\nWe\u2019re thrilled to announce that applications for the next cohort of Breakthrough Energy #Fellows are open!\n\u00a0\nAre you or someone in your network working on early-stage climatetech innovation? Our program is designed to accelerate groundbreaking ideas, offering world-class support to innovators tackling the toughest barriers in climate technology.\n\u00a0\nWho should apply?\nWe\u2019re looking for early-stage (~TRL 1-4) climatetech companies with:\n\ud83d\udd39\u00a0Potential to reduce GHG emissions by 500M tons/year at scale\n\ud83d\udd39\u00a0Less than ~$2M in dilutive funding raised\n\ud83d\udd39\u00a0High impact potential with a need for technical derisking\n\u00a0\nWhat we offer:\n\ud83c\udf31\u00a0Significant R&D funding\n\ud83c\udf31\u00a0A 1-year program accelerating key milestones\n\ud83c\udf31\u00a0Technical and commercialization support\n\ud83c\udf31\u00a0Access to Breakthrough Energy\u2019s global network\n\u00a0\n\ud83d\udcc5\u00a0Deadline: Submit your application or nominate a founder by Monday, December 2!\n\n\ud83d\udc49\u00a0Learn more about our cutting-edge work and apply at the link below. Don\u2019t miss this chance to be part of the next generation of climate innovators!\n\nbefellows.smapply.org", "total_likes": 33}], "follower_count": 173912, "acquisitions": null, "exit_data": null, "extra": null, "funding_data": [], "categories": null, "customer_list": null}
