{"linkedin_internal_id": "10320", "description": "A Govt of India Undertaking\nEngaged in providing Land Line, Mobile, Broad band service throughout India. Has the presence in all the Cellular Area PAN India except Delhi and Mumbai. Came into existence on Ist Oct'2000 after the DOT operations was converted in Bharat Sanchar Nigam Limited", "website": "https://onlinecareer360.com/", "industry": "Telecommunications", "company_size": [10001, null], "company_size_on_linkedin": 32905, "hq": {"country": null, "city": null, "postal_code": null, "line_1": null, "is_hq": true, "state": null}, "company_type": "PUBLIC_COMPANY", "founded_year": null, "specialities": [""], "locations": [{"country": null, "city": null, "postal_code": null, "line_1": null, "is_hq": true, "state": null}, {"country": null, "city": null, "postal_code": null, "line_1": null, "is_hq": false, "state": null}], "name": "Bharat Sanchar Nigam Limited", "tagline": null, "universal_name_id": "bsnl", "profile_pic_url": "https://s3.us-west-000.backblazeb2.com/proxycurl/company/bsnl/profile?X-Amz-Algorithm=AWS4-HMAC-SHA256&X-Amz-Credential=0004d7f56a0400b0000000001%2F20241120%2Fus-west-000%2Fs3%2Faws4_request&X-Amz-Date=20241120T053058Z&X-Amz-Expires=3600&X-Amz-SignedHeaders=host&X-Amz-Signature=a4122d2a005a50b9b795cfa6fa92006bf4bdd62bff3ac6e3cd2a767d229de439", "background_cover_image_url": "https://s3.us-west-000.backblazeb2.com/proxycurl/company/bsnl/cover?X-Amz-Algorithm=AWS4-HMAC-SHA256&X-Amz-Credential=0004d7f56a0400b0000000001%2F20241120%2Fus-west-000%2Fs3%2Faws4_request&X-Amz-Date=20241120T053058Z&X-Amz-Expires=3600&X-Amz-SignedHeaders=host&X-Amz-Signature=d98646b65bdcac38cd4886914e6e42746219be3cecef5a39494c3adbd9b2a42b", "search_id": "10320", "similar_companies": [{"name": "BSNL LTD", "link": "https://uk.linkedin.com/company/bsnl-ltd", "industry": "Telecommunications", "location": null}, {"name": "BSNL Telecom Factory", "link": "https://in.linkedin.com/company/bsnl-telecom", "industry": "Telecommunications", "location": "Mumbai, Maharashtra"}, {"name": "airtel", "link": "https://in.linkedin.com/company/airtel", "industry": "Telecommunications", "location": "Gurgaon, Haryana"}, {"name": "Jio", "link": "https://in.linkedin.com/company/jio", "industry": "Telecommunications", "location": "Navi Mumbai, Maharashtra"}, {"name": "Vodafone Idea Limited", "link": "https://in.linkedin.com/company/vodafone-idea-limited", "industry": "Telecommunications", "location": "Mumbai, Maharashtra"}, {"name": "Reliance Industries Limited", "link": "https://in.linkedin.com/company/reliance", "industry": "Oil and Gas", "location": "Navi Mumbai, Maharashtra"}, {"name": "BSNL Coimbatore & Nilgiris", "link": "https://in.linkedin.com/company/bsnlcbtnilgiris", "industry": "Telecommunications", "location": null}, {"name": "Tata Consultancy Services", "link": "https://in.linkedin.com/company/tata-consultancy-services", "industry": "IT Services and IT Consulting", "location": "Mumbai, Maharashtra"}, {"name": "MTNL", "link": "https://in.linkedin.com/company/mtnl", "industry": "Telecommunications", "location": null}, {"name": "Wipro", "link": "https://in.linkedin.com/company/wipro", "industry": "IT Services and IT Consulting", "location": "Bangalore, Karnataka"}], "affiliated_companies": [], "updates": [], "follower_count": 60221, "acquisitions": null, "exit_data": null, "extra": null, "funding_data": [], "categories": null, "customer_list": null}
