{"linkedin_internal_id": "163025", "description": "Chipotle Mexican Grill, Inc. (NYSE: CMG) is cultivating a better world by serving responsibly sourced, classically-cooked, real food with wholesome ingredients without artificial colors, flavors or preservatives. Chipotle has over 3,250 restaurants in the United States, Canada, the United Kingdom, France and Germany and is the only restaurant company of its size that owns and operates all its restaurants in North America and Europe. Chipotle is ranked on the Fortune 500 and is recognized on the 2023 list for Fortune's Most Admired Companies and Time Magazine's Most Influential Companies. With over 110,000 employees passionate about providing a great guest experience, Chipotle is a longtime leader and innovator in the food industry. Chipotle is committed to making its food more accessible to everyone while continuing to be a brand with a demonstrated purpose as it leads the way in digital, technology and sustainable business practices. For more information or to place an order online, visit www.chipotle.com.", "website": "http://www.chipotle.com", "industry": "Restaurants", "company_size": [10001, null], "company_size_on_linkedin": 37577, "hq": {"country": "US", "city": "Newport Beach", "postal_code": "92660", "line_1": "610 Newport Center Dr", "is_hq": true, "state": "California"}, "company_type": "PUBLIC_COMPANY", "founded_year": 1993, "specialities": ["Burritos", "bowls", "tacos and salads."], "locations": [{"country": "US", "city": "Newport Beach", "postal_code": "92660", "line_1": "610 Newport Center Dr", "is_hq": true, "state": "California"}, {"country": "US", "city": "Columbus", "postal_code": "43215", "line_1": "500 Neil Ave", "is_hq": false, "state": "Ohio"}], "name": "Chipotle Mexican Grill", "tagline": "Real Food. Real People. Real Opportunities.", "universal_name_id": "chipotle-mexican-grill", "profile_pic_url": "https://s3.us-west-000.backblazeb2.com/proxycurl/company/chipotle-mexican-grill/profile?X-Amz-Algorithm=AWS4-HMAC-SHA256&X-Amz-Credential=0004d7f56a0400b0000000001%2F20241120%2Fus-west-000%2Fs3%2Faws4_request&X-Amz-Date=20241120T053047Z&X-Amz-Expires=3600&X-Amz-SignedHeaders=host&X-Amz-Signature=4d00764d17267f6c0defe1ba37fdc7c197c9e74433fb341a304286a0fa9c6605", "background_cover_image_url": "https://s3.us-west-000.backblazeb2.com/proxycurl/company/chipotle-mexican-grill/cover?X-Amz-Algorithm=AWS4-HMAC-SHA256&X-Amz-Credential=0004d7f56a0400b0000000001%2F20241120%2Fus-west-000%2Fs3%2Faws4_request&X-Amz-Date=20241120T053047Z&X-Amz-Expires=3600&X-Amz-SignedHeaders=host&X-Amz-Signature=ab0adc635db1c3edb7a40cb46d65775d365f62fab2acf3e2e44ea00f5044b811", "search_id": "163025", "similar_companies": [{"name": "Taco Bell", "link": "https://www.linkedin.com/company/taco-bell", "industry": "Restaurants", "location": "Irvine, CA"}, {"name": "Starbucks", "link": "https://www.linkedin.com/company/starbucks", "industry": "Retail", "location": "Seattle, WA"}, {"name": "Yum! Brands", "link": "https://www.linkedin.com/company/yum-brands", "industry": "Restaurants", "location": "Louisville, KY"}, {"name": "CAVA", "link": "https://www.linkedin.com/company/cava-", "industry": "Restaurants", "location": "Washington, DC"}, {"name": "Shake Shack", "link": "https://www.linkedin.com/company/shakeshack", "industry": "Hospitality", "location": "New York, New York"}, {"name": "McDonald's", "link": "https://www.linkedin.com/company/mcdonald's-corporation", "industry": "Restaurants", "location": "Chicago, Illinois"}, {"name": "Raising Cane's Chicken Fingers", "link": "https://www.linkedin.com/company/raising-cane's", "industry": "Restaurants", "location": "Plano, Texas"}, {"name": "The Wendy's Company", "link": "https://www.linkedin.com/company/wendys-international", "industry": "Restaurants", "location": "Dublin, Ohio"}, {"name": "Target", "link": "https://www.linkedin.com/company/target", "industry": "Retail", "location": "Minneapolis, MN"}, {"name": "sweetgreen", "link": "https://www.linkedin.com/company/sweetgreen", "industry": "Food and Beverage Services", "location": "Los Angeles, California"}], "affiliated_companies": [], "updates": [{"article_link": "https://newsroom.chipotle.com/2024-10-08-BOORITO-IS-BACK-CHIPOTLE-CELEBRATES-HALLOWEEN-WITH-6-BURRITOS-AND-EXTENDED-HOURS", "image": null, "posted_on": {"day": 1, "month": 11, "year": 2024}, "text": "Boorito is back \ud83d\udc7b Chipotle Rewards members who come into our restaurants dressed in costume today (Oct. 31) can get a $6 entr\u00e9e from 3 p.m. until closing time throughout the United States. That price will be $7 CAD in Canada, while a \u00a36/\u20ac7 entr\u00e9e will be offered in locations in the United Kingdom and France.\nDetails: https://lnkd.in/gxcKBwTz", "total_likes": 138}, {"article_link": "https://www.cnbc.com/video/2024/10/29/chipotle-still-seeing-growth-from-all-income-cohorts-says-interim-ceo-scott-boatwright.html", "image": null, "posted_on": {"day": 30, "month": 10, "year": 2024}, "text": "Scott Boatwright, Interim CEO, joined CNBC\u2019s Kate Rogers and Morgan L Brennan on CNBC Overtime to talk consumer trends, Q3 results, core strategies, and more.\nhttps://lnkd.in/gxgjPb4w", "total_likes": 193}, {"article_link": null, "image": "https://media.licdn.com/dms/image/v2/D5622AQGwHh0_mg1YxQ/feedshare-shrink_2048_1536/feedshare-shrink_2048_1536/0/1730139966675?e=2147483647&v=beta&t=erfIMW2seKXuBKfUfeB8fKN3LY_uZ-pf14zYLmwH8LE", "posted_on": {"day": 29, "month": 10, "year": 2024}, "text": "We are proud to be named to the 2024 American Opportunity Index as an Employer of Choice! The AOI measures how well America\u2019s largest companies tangibly invest in their greatest asset - their employees - to drive business performance and individual career growth. \ud83e\udd51   #AmericanOpportunityIndex\n\nThe Index is a project in the public interest from The Burning Glass Institute, Harvard Business School's Project on Managing the Future of Work, and the Schultz Family Foundation.\n\nhttps://lnkd.in/gQkhYgtf", "total_likes": 132}, {"article_link": "https://finance.yahoo.com/news/chipotles-secret-to-growth-how-it-invests-in-workers-193621668.html/", "image": null, "posted_on": {"day": 28, "month": 10, "year": 2024}, "text": "Investing in our people is paramount to our success. The Armendariz sisters, Elsa (FL), Lily Armendariz (RVP), and Rosario (FL), all started as crew members in our restaurants and followed the career roadmap to now hold field leadership roles.  \n\n\"We are a high-growth organization, both from same-restaurant sales as well as new-restaurant development, and we need purpose-driven, passionate people for us to hit our long-term goals,\" Scott Boatwright told Yahoo Finance, calling the Armendariz sisters \"a prime example.\"\n\n\ud83d\uddde https://lnkd.in/gzg8jedZ", "total_likes": 149}, {"article_link": "https://newsroom.chipotle.com/2024-10-22-CHIPOTLE-INTRODUCES-NEW-AI-HIRING-PLATFORM-TO-SUPPORT-ITS-ACCELERATED-GROWTH", "image": null, "posted_on": {"day": 28, "month": 10, "year": 2024}, "text": "Today we introduced a new system that will make the hiring process simpler, faster, and more automated for all of our restaurants in North America and Europe. The experience is driven by a virtual team member that Chipotle named \"Ava Cado\" and aims to cut hiring time by 75%. \ud83e\udd51 \n\n\"As we continue to move toward our long-term goal of operating 7,000 restaurants in North America, we are empowering our teams to recruit and hire talent that are excited by our vision to Cultivate a Better World and want to grow with us. Paradox operates as if we've hired additional administrative support for all our restaurants, freeing up more time for managers to support team members and provide an exceptional guest experience. We're excited about the early improvements we're seeing.\"\n - Ilene Eskenazi, Chief Human Resources Officer\nMore info here: https://lnkd.in/g8spbaYg", "total_likes": 268}, {"article_link": "https://www.instagram.com/theanthonyedwards_/reel/DBZGMYQpDy9/", "image": null, "posted_on": {"day": 28, "month": 10, "year": 2024}, "text": "Our first national \ud83d\udcfa ad featuring a professional \ud83c\udfc0 player highlights how star guard (and Chipotle superfan) Anthony Edwards had to get \u201creal\u201d about his training habits and diet to become the electrifying talent he is today. \ud83d\ude4c  \nhttps://lnkd.in/g4GFSjB4", "total_likes": 92}, {"article_link": "https://www.nrn.com/fast-casual/chipotle-invests-ai-supply-chain-platform-and-emerging-mediterranean-brand", "image": null, "posted_on": {"day": 21, "month": 10, "year": 2024}, "text": "Today we announced our Cultivate Next investment in Lumachain, an AI supply chain platform, and Brassica, a Mediterranean fast-casual restaurant concept. Our venture fund makes early-stage investments into strategically aligned companies that further our mission to Cultivate a Better World and help accelerate our longer term growth plans to operate 7,000 restaurants in North America. \nhttps://lnkd.in/gfNEgQWj", "total_likes": 374}, {"article_link": null, "image": "https://media.licdn.com/dms/image/v2/D5622AQF84wjBUWiDEw/feedshare-shrink_800/feedshare-shrink_800/0/1728063613985?e=2147483647&v=beta&t=czewrCNNTeAFsVgc86JgF2akc6fA6-YbSM14Ng5kalE", "posted_on": {"day": 4, "month": 10, "year": 2024}, "text": "Hello Dubai! The first Chipotle restaurant in the UAE is officially open at 'The Beach' at Jumeirah Beach Residence (JBR). \ud83c\udf34 \ud83c\udf2f \n\ud83d\udc4f Alshaya Group. Details here: https://lnkd.in/gbz6Gajd", "total_likes": 1188}, {"article_link": "https://www.cnbc.com/video/2024/10/01/chipotle-interim-ceo-scott-boatwright-and-president-jack-hartung-sit-down-with-jim-cramer.html", "image": null, "posted_on": {"day": 4, "month": 10, "year": 2024}, "text": "Our Interim CEO Scott Boatwright and President and Chief Strategy Officer Jack Hartung joined CNBC \u2018Mad Money\u2019 host Jim Cramer to talk about Chipotle's expansion plans, technological innovations, culture, and strong leadership bench. \ud83c\udf2f \n\nhttps://lnkd.in/d3u8Gr9g", "total_likes": 324}, {"article_link": null, "image": "https://media.licdn.com/dms/image/v2/D4D22AQFyuGVQ1c-9tw/feedshare-shrink_800/feedshare-shrink_800/0/1727112434980?e=2147483647&v=beta&t=HvIDSP6JHAVXf_awjk8aHVi47trreg32BFu_ZFlgHZs", "posted_on": {"day": 4, "month": 10, "year": 2024}, "text": "Starting today, we are giving away up to $1 million in free quesadillas in celebration of National Quesadilla Day. Fans can follow @Chipotle on Instagram, @ChipotleTweets on X, or our creator partners for text-to-win codes. Details \ud83d\udc47 \n\nhttps://lnkd.in/dcD-WFQT", "total_likes": 306}], "follower_count": 250994, "acquisitions": null, "exit_data": null, "extra": null, "funding_data": [], "categories": null, "customer_list": null}
