{"linkedin_internal_id": "18274722", "description": "Coda started in 2014 with a simple observation: In a world full of pre-built tools and applications, why do documents and spreadsheets seem to run the world? The founding Coda team crossed paths at Google, YouTube, and Microsoft, where they saw their teams stretch the limits of what spreadsheets and documents can do. Then in 2014, they banded together to build the doc they always wanted. One that erased the boundaries between words and data. And where everyone could work together, in their own way, off the same data.\n\nCoda. It's a new day for docs. Learn more at https://coda.io.", "website": "https://coda.io/welcome", "industry": "Software Development", "company_size": [201, 500], "company_size_on_linkedin": 291, "hq": {"country": "US", "city": "San Francisco", "postal_code": "94104", "line_1": "250 Montgomery St", "is_hq": true, "state": "California"}, "company_type": "PRIVATELY_HELD", "founded_year": 2014, "specialities": [], "locations": [{"country": "US", "city": "San Francisco", "postal_code": "94104", "line_1": "250 Montgomery St", "is_hq": true, "state": "California"}, {"country": "US", "city": "Bellevue", "postal_code": "98004", "line_1": "500 108th Ave NE", "is_hq": true, "state": "Washington"}, {"country": "US", "city": "Mountain View", "postal_code": "94041", "line_1": "444 Castro St", "is_hq": true, "state": "CA"}], "name": "Coda", "tagline": "Coda is the all-in-one doc for teams. We're a growing startup looking to hire the next set of great Codans!", "universal_name_id": "codainc", "profile_pic_url": "https://media.licdn.com/dms/image/v2/D560BAQHnLos_hesbUg/company-logo_400_400/company-logo_400_400/0/1713199848333/codainc_logo?e=1740009600&v=beta&t=0xKZ67cnls-T4jalPRAVpcVFD5tF3kvlfN83SCzxfD8", "background_cover_image_url": "https://media.licdn.com/dms/image/v2/D563DAQG0L6yR-yiYMw/image-scale_191_1128/image-scale_191_1128/0/1712680195523/codainc_cover?e=1732687200&v=beta&t=M8x4gPNRRbBSgFtFyBXH4P40xbdS1EqHM29jK8idBeU", "search_id": "18274722", "similar_companies": [{"name": "Plato ", "link": "https://www.linkedin.com/company/platohq/", "industry": "Internet Publishing", "location": null}, {"name": "Notion", "link": "https://www.linkedin.com/company/notionhq/", "industry": "Software Development", "location": null}, {"name": "Coda Payments", "link": "https://www.linkedin.com/company/coda/", "industry": "Internet Publishing", "location": null}, {"name": "Figma", "link": "https://www.linkedin.com/company/figma/", "industry": "Design Services", "location": null}, {"name": "Glean", "link": "https://www.linkedin.com/company/gleanwork/", "industry": "Software Development", "location": null}, {"name": "Airtable", "link": "https://www.linkedin.com/company/airtable/", "industry": "Software Development", "location": null}, {"name": "Inflection AI", "link": "https://www.linkedin.com/company/inflectionai/", "industry": "Software Development", "location": null}, {"name": "Snowflake", "link": "https://www.linkedin.com/company/snowflake-computing/", "industry": "Software Development", "location": null}, {"name": "Ramp", "link": "https://www.linkedin.com/company/ramp/", "industry": "Financial Services", "location": null}, {"name": "Zapier", "link": "https://www.linkedin.com/company/zapier/", "industry": "Software Development", "location": null}, {"name": "Asana", "link": "https://www.linkedin.com/company/asana/", "industry": "Software Development", "location": null}, {"name": "Greylock", "link": "https://www.linkedin.com/company/greylock-partners/", "industry": "Financial Services", "location": null}, {"name": "Miro", "link": "https://www.linkedin.com/company/mirohq/", "industry": "Software Development", "location": null}, {"name": "Stripe", "link": "https://www.linkedin.com/company/stripe/", "industry": "Technology, Information and Internet", "location": null}, {"name": "Slack", "link": "https://www.linkedin.com/company/tiny-spec-inc/", "industry": "Technology, Information and Internet", "location": null}, {"name": "Atlassian", "link": "https://www.linkedin.com/company/atlassian/", "industry": "Software Development", "location": null}, {"name": "Tome", "link": "https://www.linkedin.com/company/magical-tome/", "industry": "Software Development", "location": null}, {"name": "OpenAI", "link": "https://www.linkedin.com/company/openai/", "industry": "Research Services", "location": null}, {"name": "HubSpot", "link": "https://www.linkedin.com/company/hubspot/", "industry": "Software Development", "location": null}, {"name": "Rippling", "link": "https://www.linkedin.com/company/rippling/", "industry": "Software Development", "location": null}], "affiliated_companies": [], "updates": [{"article_link": "https://www.linkedin.com/posts/codainc_get-instant-answers-from-500-tools-and-activity-7203784334330281984-dELT", "image": null, "posted_on": {"day": 20, "month": 6, "year": 2024}, "text": "Get instant answers, from 500+ tools and all of your Coda docs.\nToday, we\u2019re partnering with Snowflake to launch Coda Brain, your team\u2019s favorite know-it-all. It\u2019s a turnkey AI platform that understands all your company\u2019s knowledge and data by syncing all your tools into a comprehensive, up-to-date brain so you can spend less time hunting for information\u2014and more time putting data to work.\n\nCoda Brain is secure, inside and out. It\u2019s fluent in words and data. It combats hallucinations with verifiable answers. And best of all, it\u2019s connected to Coda docs.\n\nGet an early look at Coda Brain: coda.io/brain", "total_likes": 127}, {"article_link": "https://www.linkedin.com/posts/codainc_turn-your-brainstorm-into-actionfastin-activity-7264789771418255360-tCmM", "image": "https://media.licdn.com/dms/image/v2/D5610AQG5g7nRzc0wRQ/image-shrink_1280/image-shrink_1280/0/1732060854627?e=1732687200&v=beta&t=8l7EbdaMZMvYWlgULia8I-tCtEUaBd88xSLMgrsPnhI", "posted_on": {"day": 20, "month": 11, "year": 2024}, "text": "Turn your brainstorm into action\u2014fast\u2014in our new virtual event.\n\nEver start with a sea of sticky notes in Miro, only to feel stuck translating them into a project plan? With the Coda for Miro app, you can instantly turn your Miro brainstorming notes into structured Coda tables, creating the perfect launchpad for project tracking.\n\nJoin Rocky Moon, Coda\u2019s Product Education Specialist, for a live walkthrough on:\n\u2728 Taking your brainstorming from chaos to clarity\n\u2728 Building a project tracker from your sticky notes\n\u2728 Pro tips for working with tables in Coda\n\nWe\u2019ll use a product launch example, but this workflow works for any project.\n\n\ud83d\udcc5 Reserve your spot now: https://bit.ly/3APLZQU\n\ud83c\udfa5 Can\u2019t make it live? Register to get the recording.\n\nIf you\u2019ve worked with Coda or Miro, this session is for you.", "total_likes": 4}, {"article_link": "https://www.linkedin.com/posts/codainc_most-planning-starts-out-with-brainstorming-activity-7263226842432643072-fGC_", "image": "https://media.licdn.com/dms/image/v2/D5610AQHXF0Jl2p7Isg/image-shrink_1280/image-shrink_1280/0/1731688223353?e=1732687200&v=beta&t=QGku1Xtot4JxsX4r5gmkHIO8sa79SrgU_aGW_EHmab0", "posted_on": {"day": 16, "month": 11, "year": 2024}, "text": "Most planning starts out with brainstorming, but have you tried transforming these topics from sticky notes to action? It can be time-consuming and prone to error.\n\nJoin Rocky, Coda\u2019s Product Education Specialist, as we walk through how to move from a brainstorming session to a structured table in Coda that forms the foundation of a project tracker.\n\nhttps://bit.ly/4fMhU3I", "total_likes": 13}, {"article_link": "https://www.linkedin.com/posts/codainc_dates-you-can-count-on-no-matter-what-country-activity-7262530428572442625-0-5P", "image": "https://media.licdn.com/dms/image/v2/D5622AQHGXzdcZrfcVw/feedshare-shrink_2048_1536/feedshare-shrink_2048_1536/0/1731522185019?e=1735171200&v=beta&t=JP9DgMsQKeF6fClNF1rC_zvyqa_KFfit1A9M7OsLYCg", "posted_on": {"day": 14, "month": 11, "year": 2024}, "text": "Dates you can count on, no matter what country your team is in.\n\nIn Coda, you can now choose how dates and times are best displayed for your docs. Apply it to your current doc, or navigate to account settings to apply it for all new docs you create.\n\nArriving 1\u03361\u0336/\u03361\u03363\u0336 13/11.", "total_likes": 19}, {"article_link": "https://www.linkedin.com/posts/codainc_1-never-miss-another-detail-2-line-numbers-activity-7260690253907140608-uUQY", "image": "https://media.licdn.com/dms/image/v2/D5622AQFNJUqz6bsqbA/feedshare-shrink_2048_1536/feedshare-shrink_2048_1536/0/1731083452510?e=1735171200&v=beta&t=EkJBJPkBQV4BEFhmPiWpERWTHOUUi4F48RcB7blPUoE", "posted_on": {"day": 13, "month": 11, "year": 2024}, "text": "1   Never miss another detail.\n2   Line numbers make it easy\n3  to track errors,\n4   address specific points, and ensure\n5   nothing is overlooked.\n6\n7   Ready to give it a spin? Hit the gear icon \u2699\ufe0f\n8   then select Page Options\n9   to turn on line numbering for any doc.", "total_likes": 16}, {"article_link": "https://www.linkedin.com/posts/codainc_you-couldnt-have-asked-for-a-better-fall-activity-7255720785128902656-fPpN", "image": "https://media.licdn.com/dms/image/v2/D5622AQESFKzwKOFcJg/feedshare-shrink_2048_1536/feedshare-shrink_2048_1536/0/1729898637165?e=1735171200&v=beta&t=qTg_3tnIKxyWyIRag1LNF_ID6jz4ayusphmqYubFEc8", "posted_on": {"day": 30, "month": 10, "year": 2024}, "text": "You couldn't have asked for a better fall day in San Francisco.\n\nA massive thank you to Lenny Rachitsky for hosting us and over 1,000 of his friends for the Lenny & Friends Summit. We're honored to not only have sponsored, but also help put on such an incredible experience.\n\nFrom planning to building the conference app in a Coda doc (shout out Ben Lee and Rachel Ding), it was a great chance to show off all the amazing ways you can use Coda.\n\nMore to come, but for now, we rest.", "total_likes": 42}], "follower_count": 37352, "acquisitions": null, "exit_data": null, "extra": null, "funding_data": [], "categories": null, "customer_list": null}
