{"linkedin_internal_id": "3635", "description": "Unleash Your Digital Workplace Potential with Compucom \nTo be at the forefront of your industry, having the right technology is non-negotiable. We've got you. With over 35 years of industry-leading experience as a managed service provider (MSP), we've earned the trust of giants, including 5 of the top 10 Fortune 500 companies. We specialize in sourcing, integrating, and supporting all your enterprise technology needs. \n\nIndustry-Leading Solutions \nOur expertise spans three primary areas: \n1. Technology Sourcing Solutions: From end-user devices to robust data center equipment, we strategically source and equip every facet of your enterprise. \n\n2. Managed Services and IT Support: Our exceptional support maximizes workforce productivity, ensuring your technology solutions perform at their best. \n\n3. Projects and Professional Services: Need to modernize and transform your enterprise? Our team of experts is dedicated to turning your vision into reality. \n\nWhy Compucom Stands Out \nCUSTOMER-CENTRIC APPROACH \nYour success is our core mission. We place you at the center of everything we do, ensuring you adapt swiftly and stay ahead in a competitive landscape. \n\nRELENTLESS INNOVATION \nOur Full Lifecycle Observability (FLO) service offers unparalleled insight into your IT operations. FLO's data-driven analytics help optimize your infrastructure, elevate the digital employee experience, and enhance your service to customers. \n\nJoin Our Many Long-Term Customers \nWhen you choose Compucom, you join an impressive roster of organizations who we've helped turn IT challenges into strategic advantages. By leveraging our vast field tech network and Advanced Configuration Centers, you\u2019ll reduce costs, maximize productivity, and enrich both employee and customer experiences. \n\nCompucom. Technology Driven. People Powered. \n\nFor a transformative IT partnership, visit our website or get in touch with us directly. Let's redefine your digital landscape\u2014together.", "website": "http://www.compucom.com", "industry": "IT Services and IT Consulting", "company_size": [5001, 10000], "company_size_on_linkedin": 8431, "hq": {"country": "US", "city": "Fort Mill", "postal_code": "29707", "line_1": "8106 Calvin Hall Road", "is_hq": true, "state": "SC"}, "company_type": "PRIVATELY_HELD", "founded_year": 1987, "specialities": ["Managed IT Services", "Digital Workplace", "IT Staffing", "Workplace Technology", "Hybrid Work", "Managed Technology", "Managed Infrastructure and Cloud", "Technology Sourcing", "Device Lifecycle Services", "Digital Support Services", "Field Support Services", "Modern Device Management", "Infrastructure", "Cloud Services", "Enterprise Technology", "IT Support"], "locations": [{"country": "US", "city": "Fort Mill", "postal_code": "29707", "line_1": "8106 Calvin Hall Road", "is_hq": true, "state": "SC"}, {"country": "CA", "city": "Mississauga", "postal_code": "L5N7Y1", "line_1": "2480 Meadowvale Blvd", "is_hq": false, "state": "ON"}, {"country": "CA", "city": "Calgary", "postal_code": "T1Y6C1", "line_1": "3414 25th Street NE", "is_hq": false, "state": "AB"}, {"country": "US", "city": "Louisville", "postal_code": "40223", "line_1": "10100 Linn Station Rd", "is_hq": false, "state": "KY"}, {"country": "US", "city": "Paulsboro", "postal_code": "08066", "line_1": "1225 Forest Pkwy", "is_hq": false, "state": "New Jersey"}, {"country": "US", "city": "Bellevue", "postal_code": "98005", "line_1": "11900 NE 1st St", "is_hq": false, "state": "Washington"}, {"country": "US", "city": "Fairfield", "postal_code": "45014", "line_1": "5855 Union Centre Blvd", "is_hq": false, "state": "Ohio"}], "name": "Compucom", "tagline": "Transformative IT Solutions to Unlock Business Potential", "universal_name_id": "compucom", "profile_pic_url": "https://s3.us-west-000.backblazeb2.com/proxycurl/company/compucom/profile?X-Amz-Algorithm=AWS4-HMAC-SHA256&X-Amz-Credential=0004d7f56a0400b0000000001%2F20241120%2Fus-west-000%2Fs3%2Faws4_request&X-Amz-Date=20241120T045003Z&X-Amz-Expires=3600&X-Amz-SignedHeaders=host&X-Amz-Signature=a4c69b218b29dde3c34052a5a399759b01ad9c97d74d9458da1268e587faeed1", "background_cover_image_url": "https://s3.us-west-000.backblazeb2.com/proxycurl/company/compucom/cover?X-Amz-Algorithm=AWS4-HMAC-SHA256&X-Amz-Credential=0004d7f56a0400b0000000001%2F20241120%2Fus-west-000%2Fs3%2Faws4_request&X-Amz-Date=20241120T045003Z&X-Amz-Expires=3600&X-Amz-SignedHeaders=host&X-Amz-Signature=fb96120951f815060165e9d1ea6aa471ecb3bd26a14ff06e6c35dc96b25d7899", "search_id": "3635", "similar_companies": [{"name": "COMPUCOM-CSI SYSTEMS INDIA PRIVATE LIMITED", "link": "https://in.linkedin.com/company/compucom-csi-systems-india-private-limited", "industry": null, "location": "Pune, Maharashtra"}, {"name": "HCLTech", "link": "https://in.linkedin.com/company/hcltech", "industry": "IT Services and IT Consulting", "location": "Noida, Uttar Pradesh"}, {"name": "Tata Consultancy Services", "link": "https://in.linkedin.com/company/tata-consultancy-services", "industry": "IT Services and IT Consulting", "location": "Mumbai, Maharashtra"}, {"name": "Accenture", "link": "https://ie.linkedin.com/company/accenture", "industry": "Business Consulting and Services", "location": null}, {"name": "Concentrix", "link": "https://www.linkedin.com/company/concentrix", "industry": "IT Services and IT Consulting", "location": "Newark, California"}, {"name": "IBM", "link": "https://www.linkedin.com/company/ibm", "industry": "IT Services and IT Consulting", "location": "Armonk, New York, NY"}, {"name": "Cognizant", "link": "https://www.linkedin.com/company/cognizant", "industry": "IT Services and IT Consulting", "location": "Teaneck, New Jersey"}, {"name": "Wipro", "link": "https://in.linkedin.com/company/wipro", "industry": "IT Services and IT Consulting", "location": "Bangalore, Karnataka"}, {"name": "Tech Mahindra", "link": "https://in.linkedin.com/company/tech-mahindra", "industry": "IT Services and IT Consulting", "location": "Pune, Maharashtra"}, {"name": "Deloitte", "link": "https://www.linkedin.com/company/deloitte", "industry": "Business Consulting and Services", "location": null}], "affiliated_companies": [], "updates": [{"article_link": "https://www.compucom.com/whats-new-with-windows-11/", "image": null, "posted_on": {"day": 23, "month": 10, "year": 2024}, "text": "Is Your Business Ready for Windows 11?\n\nWith Windows 10 support ending in October 2025, it\u2019s time to start planning your move to Windows 11. This new OS offers enhanced performance, deeper AI integration, better security, and improved productivity features like Teams and Snap Layouts. A phased rollout and hardware refresh planning can smooth the transition, especially for businesses adopting AI-ready PCs. \n\nGet ahead by assessing your current infrastructure now and explore workshops to build a tailored roadmap for a seamless migration.\n\n#Win11 #devicelifecycle #infrastructure #productivity", "total_likes": 27}, {"article_link": null, "image": null, "posted_on": {"day": 22, "month": 10, "year": 2024}, "text": "Compucom is taking innovation to new heights with AI and sustainability through HPE Partner Ready Vantage. Learn how our Managed Services Center of Expertise drives full lifecycle services, speeds up time to market, and leverages HPE GreenLake for recurring revenue growth.", "total_likes": 15}, {"article_link": null, "image": null, "posted_on": {"day": 22, "month": 10, "year": 2024}, "text": null, "total_likes": 0}, {"article_link": "https://www.compucom.com/windows-10-eos-should-you-consider-5g-enabled-windows-11-laptops/", "image": null, "posted_on": {"day": 22, "month": 10, "year": 2024}, "text": "Future-proof your business with 5G-enabled devices. With Windows 10's EOS date quickly approaching, now is the perfect time to explore how 5G-capable laptops and tablets can drive productivity, efficiency, and innovation across industries. From seamless remote work to support for IoT and AR/VR, 5G unlocks new opportunities anywhere you need to operate.\n\nDiscover how Compucom and T-Mobile For Business can help you stay ahead.", "total_likes": 26}, {"article_link": null, "image": "https://media.licdn.com/dms/image/v2/D5622AQEGCfSjmb2btA/feedshare-shrink_2048_1536/feedshare-shrink_2048_1536/0/1729084499295?e=2147483647&v=beta&t=Ss2v3lYRX5_UIjTWysGC_wa46TIEZrc28oSuN7TT_Cc", "posted_on": {"day": 22, "month": 10, "year": 2024}, "text": "Happy Boss's Day!\n\nToday, we take a moment to celebrate the leaders who inspire, mentor, and empower us every day. We are proud to have leaders who not only drive innovation but also foster a culture of collaboration, growth, and success.\n\nTo all the managers who go the extra mile and lead with heart and vision, thank you for creating an environment where people can thrive and achieve great things together.\n\nJoin us in showing appreciation for all the leaders who make a difference. Tag a great leader who inspires you!", "total_likes": 56}, {"article_link": null, "image": "https://media.licdn.com/dms/image/v2/D5605AQEtmAhD57o0Wg/videocover-high/videocover-high/0/1729022130480?e=2147483647&v=beta&t=-nH3akFh1sTRny_vvh4G2SeK0yi4RoiC7e7v3td0NyU", "posted_on": {"day": 22, "month": 10, "year": 2024}, "text": "Windows 10 Support Ends October 2025 \u2013 Are You Ready?\n\nOlder devices will soon stop receiving security updates, making them vulnerable to risks. Upgrade to Windows 11 Pro for enhanced security, AI-powered productivity, and cost-efficient management. Get ahead of the curve with our tailored migration planning services and workshops.\n\nDownload our Quick Reference Guide and schedule your Windows 11 consultation today. https://lnkd.in/g67-e6AY\n\n#windows11 #ITmanagement #AI #security #digitaltransformation", "total_likes": 34}, {"article_link": "https://www.compucom.com/plan-for-windows-11/", "image": null, "posted_on": {"day": 15, "month": 10, "year": 2024}, "text": "Is your business ready for Windows 11? \nWith Windows 10 support ending one year from today, companies must plan now for a smooth migration. Many will need to upgrade hardware to meet new security standards, but this transition is also an opportunity to modernize your IT infrastructure. Compucom can help streamline the process with services like Digital Experience Management, smart technology sourcing, and device lifecycle management\u2014ensuring a smooth migration while enhancing efficiency and security.\n\n#win10 #win11 #msp #devicelifecycle #techsourcing", "total_likes": 25}, {"article_link": null, "image": "https://media.licdn.com/dms/image/v2/D5622AQFY9Z7HHpi2VQ/feedshare-shrink_800/feedshare-shrink_800/0/1728879877496?e=2147483647&v=beta&t=ZXKp705ZKnA2zVbVVmjHpF0ST-8YQcNwwtNwFfl5Wsk", "posted_on": {"day": 15, "month": 10, "year": 2024}, "text": "Today, we take a moment to recognize and celebrate the rich cultures, histories, and contributions of Indigenous peoples. As we reflect on the past, we also commit to listening, learning, and supporting Indigenous communities in our journey toward understanding and reconciliation.\n\nLet\u2019s work together to honor Indigenous voices, promote inclusivity, and foster respect for the diverse cultures that enrich our society. Together, we can build a future rooted in equality and respect for all.", "total_likes": 19}, {"article_link": null, "image": "https://media.licdn.com/dms/image/v2/D5622AQGxEiLKxttKMg/feedshare-shrink_2048_1536/feedshare-shrink_2048_1536/0/1728878687746?e=2147483647&v=beta&t=0BQIof6BXgG9uJRaYxQDemK8SUAz_1gEH9H31SOSIoA", "posted_on": {"day": 15, "month": 10, "year": 2024}, "text": "Happy Thanksgiving, Canada!\n\nTo all our colleagues, clients, and partners celebrating today, we hope your day is filled with joy and laughter. Wishing you and your loved ones a happy, restful, and safe Thanksgiving.", "total_likes": 34}, {"article_link": null, "image": "https://media.licdn.com/dms/image/v2/D5622AQGTR5CtxHpxxg/feedshare-shrink_800/feedshare-shrink_800/0/1728567907456?e=2147483647&v=beta&t=efUs8SW9QglDZDfEdwZXk_jG10U4uFEkVSUmae7OSRI", "posted_on": {"day": 15, "month": 10, "year": 2024}, "text": "At Compucom, we believe that mental health is just as important as physical health. On this #WorldMentalHealthDay, we encourage everyone to take a moment for self-care, check in with colleagues, and foster a supportive work environment where mental well-being is prioritized. Let\u2019s break the stigma and advocate for mental health every day.", "total_likes": 38}, {"article_link": null, "image": null, "posted_on": {"day": 15, "month": 10, "year": 2024}, "text": "Don\u2019t miss this exclusive opportunity to explore how HPE + Compucom can transform your IT strategy and drive long-term success.", "total_likes": 12}, {"article_link": null, "image": null, "posted_on": {"day": 29, "month": 9, "year": 2024}, "text": null, "total_likes": 0}], "follower_count": 136082, "acquisitions": null, "exit_data": null, "extra": null, "funding_data": [], "categories": null, "customer_list": null}
