{"linkedin_internal_id": "80106783", "description": "Cosdec Alpha is an Award-Winning, Global Consulting Group Specializing in the Application of Advanced Technologies. We help Organizational and Government Leaders apply advanced technology, driven by our global management and technological expertise, in order to achieve their Strategic Goals, Deepen Stakeholder Relationships and Maximize Enterprise Value.", "website": "https://cosdecalpha.com", "industry": "IT Services and IT Consulting", "company_size": [201, 500], "company_size_on_linkedin": 6, "hq": {"country": "GB", "city": "London", "postal_code": "EC1V 2NX", "line_1": "Kemp House, 160 City Road,", "is_hq": true, "state": null}, "company_type": "PRIVATELY_HELD", "founded_year": 2020, "specialities": ["DeFi", "Digital Assets", "Metaverse", "AI/ML", "Immersive Tech", "Blockchain", "Cybersecurity", "Industrial Intelligence", "Intelligent Industrial Web (IIW)"], "locations": [{"country": "GB", "city": "London", "postal_code": "EC1V 2NX", "line_1": "Kemp House, 160 City Road,", "is_hq": true, "state": null}, {"country": "IN", "city": "Mumbai", "postal_code": "400050", "line_1": "Pooja Bldg, Santosh Nagar", "is_hq": true, "state": "Maharashtra"}], "name": "Cosdec Alpha", "tagline": "Cosdec Alpha is an Award-Winning, Global Consulting Group Specializing in the Application of Advanced Technologies.", "universal_name_id": "cosdecalpha", "profile_pic_url": "https://media.licdn.com/dms/image/v2/C4D0BAQEC25ZGW6KKHg/company-logo_400_400/company-logo_400_400/0/1646648451208/cosdecalpha_logo?e=1740009600&v=beta&t=JFmtIYSzNOrR9RBHyw-VS6-E6DkQrGfkIHkE5XSp8e8", "background_cover_image_url": "https://media.licdn.com/dms/image/v2/D4D3DAQFYY0gQBbSj2w/image-scale_191_1128/image-scale_191_1128/0/1672236097471/cosdecalpha_cover?e=1732687200&v=beta&t=yX1fBcrer6H7sKLHl7Nr9iNdNp5EMOPISo0Uzp--_cU", "search_id": "80106783", "similar_companies": [{"name": "VirtualityHQ", "link": "https://www.linkedin.com/company/virtualityhq/", "industry": "IT Services and IT Consulting", "location": null}, {"name": "Shrex Group", "link": "https://www.linkedin.com/company/shrexgroup/", "industry": "Technology, Information and Internet", "location": null}, {"name": "FinnUp", "link": "https://www.linkedin.com/company/finnup/", "industry": "Financial Services", "location": null}, {"name": "Cosdec Labs", "link": "https://www.linkedin.com/company/cosdeclabs/", "industry": "IT Services and IT Consulting", "location": null}, {"name": "Gelo", "link": "https://www.linkedin.com/company/gelollc/", "industry": "Business Consulting and Services", "location": null}, {"name": "Empsing", "link": "https://www.linkedin.com/company/empsing/", "industry": "Technology, Information and Internet", "location": null}, {"name": "Intelekt AI", "link": "https://www.linkedin.com/company/get-intelekt-ai/", "industry": "Software Development", "location": null}, {"name": "Sprinto", "link": "https://www.linkedin.com/company/sprinto-com/", "industry": "Software Development", "location": null}, {"name": "Grey Saturn Commerce Innovation", "link": "https://www.linkedin.com/company/greysaturncommerce/", "industry": "Technology, Information and Internet", "location": null}, {"name": "Rare Routes", "link": "https://www.linkedin.com/company/rare-routes/", "industry": "Retail", "location": null}, {"name": "Datagrid Solutions", "link": "https://www.linkedin.com/company/datagrid-solutions/", "industry": "Information Technology & Services", "location": null}, {"name": "Synergetics Cloud Consulting", "link": "https://www.linkedin.com/company/synergetics-cloud-consulting/", "industry": "Information Technology & Services", "location": null}, {"name": "Global Investors Forum", "link": "https://www.linkedin.com/company/global-investors-forum/", "industry": "Events Services", "location": null}, {"name": "Mulya Finance", "link": "https://www.linkedin.com/company/mulyafinance/", "industry": "Financial Services", "location": null}, {"name": "Voxturr", "link": "https://www.linkedin.com/company/voxturr/", "industry": "Advertising Services", "location": null}, {"name": "Cartesian Consulting", "link": "https://www.linkedin.com/company/cartesian-consulting-pvt-ltd/", "industry": "Software Development", "location": null}, {"name": "Shrex Global Investments (XGI)", "link": "https://www.linkedin.com/company/xgicorp/", "industry": "Investment Management", "location": null}, {"name": "Direction Software LLP", "link": "https://www.linkedin.com/company/direction-software-llp/", "industry": "IT Services and IT Consulting", "location": null}, {"name": "United Experiences", "link": "https://www.linkedin.com/company/unitedexperiences/", "industry": "Advertising Services", "location": null}, {"name": "Neebal Technologies", "link": "https://www.linkedin.com/company/neebal-technologies/", "industry": "IT Services and IT Consulting", "location": null}], "affiliated_companies": [], "updates": [{"article_link": "https://www.linkedin.com/posts/cosdecalpha_hiring-activity-7168587917630636032-YNyj", "image": null, "posted_on": {"day": 20, "month": 3, "year": 2024}, "text": "We're #hiring a new Chief Evangelist in India. Apply today or share this post with your network.", "total_likes": 1}], "follower_count": 865, "acquisitions": null, "exit_data": null, "extra": null, "funding_data": [], "categories": null, "customer_list": null}
