{"linkedin_internal_id": "3524674", "description": "Imagine. Inspire. Influence.\n\nDDB Asia is a cohesive collaboration of global businesses, including DDB (advertising), Tribal Worldwide (digital), DDB Remedy (healthcare and medical), Track (e-commerce) and TracyLocke (shopper marketing). Comprising of six offices in four countries, DDB Asia is part of the DDB Worldwide communications network and Omnicom Group.", "website": "http://www.ddb.asia", "industry": "Advertising Services", "company_size": [1001, 5000], "company_size_on_linkedin": 661, "hq": {"country": "SG", "city": "Singapore", "postal_code": "000000", "line_1": null, "is_hq": true, "state": "Singapore"}, "company_type": "PUBLIC_COMPANY", "founded_year": null, "specialities": [""], "locations": [{"country": "SG", "city": "Singapore", "postal_code": "000000", "line_1": null, "is_hq": true, "state": "Singapore"}], "name": "DDB Asia", "tagline": null, "universal_name_id": "ddb-group-asia-pacific", "profile_pic_url": "https://s3.us-west-000.backblazeb2.com/proxycurl/company/ddb-group-asia-pacific/profile?X-Amz-Algorithm=AWS4-HMAC-SHA256&X-Amz-Credential=0004d7f56a0400b0000000001%2F20241120%2Fus-west-000%2Fs3%2Faws4_request&X-Amz-Date=20241120T045008Z&X-Amz-Expires=3600&X-Amz-SignedHeaders=host&X-Amz-Signature=662d8388d30b5a0445186ec9abbfe912b5d7e3a2b0f99d97326c5efd6f3f50f4", "background_cover_image_url": "https://s3.us-west-000.backblazeb2.com/proxycurl/company/ddb-group-asia-pacific/cover?X-Amz-Algorithm=AWS4-HMAC-SHA256&X-Amz-Credential=0004d7f56a0400b0000000001%2F20241120%2Fus-west-000%2Fs3%2Faws4_request&X-Amz-Date=20241120T045008Z&X-Amz-Expires=3600&X-Amz-SignedHeaders=host&X-Amz-Signature=e33f41186fe0b1d57cee08533356d216ec98f437fdae58894dc25ae81ecb584c", "search_id": "3524674", "similar_companies": [{"name": "Trinity Consulting Services", "link": "https://au.linkedin.com/company/trinity-consulting-services", "industry": "Advertising Services", "location": "Sydney, NSW"}, {"name": "B2Bx", "link": "https://www.linkedin.com/company/b2bxperts", "industry": "Advertising Services", "location": "Dover, Delaware"}, {"name": "Sample Central", "link": "https://au.linkedin.com/company/sample-central", "industry": "Advertising Services", "location": "Sydney, NSW"}, {"name": "Naga DDB Tribal", "link": "https://my.linkedin.com/company/nagaddbtribal", "industry": "Advertising Services", "location": "Petaling Jaya, Selangor"}, {"name": "Creata", "link": "https://www.linkedin.com/company/creata", "industry": "Advertising Services", "location": "Oakbrook Terrace, Illinois"}, {"name": "DDB", "link": "https://www.linkedin.com/company/ddb", "industry": "Advertising Services", "location": "New York, NY"}, {"name": "DDB Group Australia", "link": "https://au.linkedin.com/company/ddbgroupaustralia", "industry": "Advertising Services", "location": "Ultimo, NSW"}, {"name": "BRANDTHINK Malaysia", "link": "https://my.linkedin.com/company/brandthink", "industry": "Advertising Services", "location": "Kuala Lumpur, Kuala Lumpur"}, {"name": "DDB Group Japan", "link": "https://www.linkedin.com/company/ddbjapan", "industry": "Advertising Services", "location": null}, {"name": "Ogilvy", "link": "https://www.linkedin.com/company/ogilvy", "industry": "Advertising Services", "location": "New York, NY"}], "affiliated_companies": [{"name": "DDB Group Australia", "link": "https://au.linkedin.com/company/ddbgroupaustralia", "industry": "Advertising Services", "location": "Ultimo, NSW"}, {"name": "DDB Group Aotearoa NZ", "link": "https://nz.linkedin.com/company/ddb-aotearoa-nz", "industry": "Advertising Services", "location": null}, {"name": "Naga DDB Tribal", "link": "https://my.linkedin.com/company/nagaddbtribal", "industry": "Advertising Services", "location": "Petaling Jaya, Selangor"}, {"name": "DDB China Group", "link": "https://cn.linkedin.com/company/ddb-china-group", "industry": "Advertising Services", "location": "SHANGHAI, SHANGHAI"}, {"name": "DDB Group Japan", "link": "https://www.linkedin.com/company/ddbjapan", "industry": "Advertising Services", "location": null}], "updates": [{"article_link": "https://marketech-apac.com/breast-cancer-foundation-encourages-women-to-undergo-screening-through-latest-campaign-with-ddb-group-singapore/", "image": null, "posted_on": {"day": 13, "month": 11, "year": 2024}, "text": "\"Early detection can rewrite the story for many families.\"\n\nDDB Group Singapore has joined hands with the Breast Cancer Foundation to turn Malay classic 'Ibu' into a powerful anthem for change. \n\nThe campaign is a response to the alarming statistic that less than 20% of Malay women in Singapore undergo mammograms, despite the fact that 1 in 13 women will face a breast cancer diagnosis in their lifetime. 'Voices for Ibu' seeks to break down barriers and encourage screenings, particularly among older Malay women.\n\nDon't miss the stirring 5-minute tribute featuring a compelling ensemble of celebrities, survivors, caregivers, and community members.", "total_likes": 5}, {"article_link": "https://lbbonline.com/news/the-future-lies-in-the-rich-tapestry-of-cultures-that-asia-embodies", "image": null, "posted_on": {"day": 11, "month": 11, "year": 2024}, "text": "DDB Group Singapore's creative chief, Vinod Savio, chats with LBBonline - Little Black Book's Sunna Coleman about what makes the Asian ad market tick, plus his tips for 2025.", "total_likes": 6}, {"article_link": null, "image": "https://media.licdn.com/dms/image/v2/D4E22AQHp1YfKfBzigg/feedshare-shrink_2048_1536/feedshare-shrink_2048_1536/0/1727120746040?e=2147483647&v=beta&t=sFUhcYmd_MI8Q1Q1vxiTRDr-rj1FmLvpwTGsFO5_v48", "posted_on": {"day": 18, "month": 10, "year": 2024}, "text": "The Industry's Best & Brightest: Driving Innovation and Pushing Boundaries\ud83d\udcab\n\nA round of applause to three of our illustrious leaders for being featured in the 2024 \"40 Under 40\" List by Campaign Asia-Pacific! The annual list illustrates the first-class work of some of Asia\u2019s most influential, creative, and interesting minds across the region. \n\n\u2b50\ufe0f Adrian Tso | DDB Group Hong Kong\n\u2b50\ufe0f Hajar Yusof | Naga DDB Tribal\n\u2b50\ufe0f Neel Chhaya | DDB Group Singapore\n\nWe are thrilled to share the profound achievements of our talented and nice people whose positive impact reverberates throughout the DDB Worldwide network.\n\n#DDB #DDBGroupHongKong #NagaDDBTribal #DDBGroupSingapore #CampaignAsia #40Under40 #Talent #Creativity #Leadership", "total_likes": 83}, {"article_link": "https://www.campaignasia.com/article/40-under-40-2024-hajar-yusof-naga-ddb-tribal/498406", "image": null, "posted_on": {"day": 18, "month": 10, "year": 2024}, "text": "Naga DDB Tribal's Hajar Yusof is named among Campaign Asia-Pacific's prestigious 40 under 40 winners for 2024! \n\nThe annual list celebrates the trailblazers redefining marketing, driving innovation, and pushing boundaries. \n\nA huge congratulations on a very deserving accolade!\n\nHajar joins fellow DDB'ers Neel Chhaya and Adrian Tso on the coveted list.", "total_likes": 9}, {"article_link": "https://www.campaignasia.com/article/40-under-40-2024-adrian-tso-ddb-group/498363", "image": null, "posted_on": {"day": 18, "month": 10, "year": 2024}, "text": "DDB Group Hong Kong's Adrian Tso is named among Campaign Asia-Pacific's prestigious 40 under 40 winners for 2024! \n\nThe annual list celebrates the trailblazers redefining marketing, driving innovation, and pushing boundaries. \n\nA huge congratulations on a very well-deserved accolade!\n\nAdrian joins fellow DDB'ers Neel Chhaya and Hajar Yusof on the coveted list.", "total_likes": 11}, {"article_link": "https://www.campaignasia.com/article/40-under-40-2024-neel-chhaya-ddb-group/498372", "image": null, "posted_on": {"day": 18, "month": 10, "year": 2024}, "text": "DDB Group Singapore's Neel Chhaya is named among Campaign Asia-Pacific's prestigious 40 under 40 winners for 2024! \n\nThe annual list celebrates the trailblazers redefining marketing, driving innovation, and pushing boundaries. \n\nA huge congratulations, we are exceptionally proud!\n\nNeel joins fellow DDB'ers Adrian Tso and Hajar Yusof on the coveted list.", "total_likes": 11}, {"article_link": null, "image": "https://media.licdn.com/dms/image/v2/D4D22AQFmtKmLZQUCDg/feedshare-shrink_800/feedshare-shrink_800/0/1726559396346?e=2147483647&v=beta&t=ZDlT70xnwU-4dZFiTEVAXgvg_AXJzauV70_o9n1JH8o", "posted_on": {"day": 18, "month": 9, "year": 2024}, "text": "DDB has won #2 Agency Network of the Year at the APAC Effie Awards! Congratulations to DDB Group Hong Kong, DDB Mudra Group, and DDB Group Aotearoa NZ on their stellar performances! \n\nWe move people to move businesses. It's the Power to Move.", "total_likes": 13}, {"article_link": null, "image": "https://media.licdn.com/dms/image/v2/D5605AQGd7o-jhKaglg/feedshare-thumbnail_720_1280/feedshare-thumbnail_720_1280/0/1724857511732?e=2147483647&v=beta&t=AELaUzCfgC1L7xoA-fCoq7ocJGDOWYxtJeHQrQV0ckY", "posted_on": {"day": 18, "month": 9, "year": 2024}, "text": "It's all fun and games... until it isn't \ud83c\udfae\n\nCybercriminals are on the prowl and even the strongest of gamers are vulnerable to data leaks and scams on unsecure gaming sites. \n\nStarring Indonesia\u2019s leading action hero, Iko Uwais, the \"Protect Your Play\" campaign by DDB Group Singapore cautions against taking online security for granted in true cinematic style by highlighting Google Play's security technology that helps to protect transactions and user data from online hacker traps. \n\nVinod Savio, CCO at DDB Group Singapore said, \u201cOur task was to deliver a serious message in a way that gamers would not only enjoy but also sit up and pay attention.\u201d\n\nRead more on the work in Campaign Brief Asia here: https://lnkd.in/gijq7cnx\n\n#DDB #DDBGroupSingapore #Google #GooglePlay #Creativity #Client #NewWork", "total_likes": 43}, {"article_link": "https://lbbonline.com/news/indonesias-top-action-star-combats-hacker-traps-in-ddb-group-singapores-latest-campaign-for-google-play", "image": null, "posted_on": {"day": 18, "month": 9, "year": 2024}, "text": "Indonesia accounts for almost 46% of all gamers in Southeast Asia. The market is thriving, but so are data leaks and scams. DDB Group Singapore and Google Play have joined forces with martial arts superstar Iko Uwais to warn gamers of hacker traps in true cinematic style!", "total_likes": 11}, {"article_link": "https://lbbonline.com/news/how-senoko-energys-singlet-month-champions-energy-conservation", "image": null, "posted_on": {"day": 18, "month": 8, "year": 2024}, "text": "Tom Loudon goes behind the scenes with DDB Group Singapore's Junqi Liao and Shawn Lam to unpack the agency's latest campaign for Senoko Energy. It all started with a humble piece of clothing - the energy-saving SINGLET. Catch the full story here!\n\nLBBonline - Little Black Book", "total_likes": 15}], "follower_count": 26532, "acquisitions": null, "exit_data": null, "extra": null, "funding_data": [], "categories": null, "customer_list": null}
