{"linkedin_internal_id": "4427", "description": "At DeVry University, we are dedicated to taking innovative approaches to learning. For over 90+ years, our inclusive environment has created a platform for students to be challenged, motivated, and empowered with programs tailored to the ever-changing demands of tomorrow's tech-driven industries. \n\nOur DeVry Care Formula is at the core of our dedication to student success. Using data analytics and student-focused resources, we ensure our learners are supported at every step of their educational journey.  \n\nDeVry is here to help you advance your ambition with more than 90+ degree options for associate, bachelor\u2019s, or undergraduate certificate degree programs, as well as 35+ master\u2019s and graduate certificate degree programs through our Keller Graduate School of Management. \n\nYour success is our success. Learn more at DeVry.edu \n\nFollow us here and on other social channels to stay updated with the latest student news, resources, tips, university updates and virtual events.   \n \nFacebook: @DeVryUniversity \nLinkedIn: @DeVryUniversity \nInstagram: @DeVryUniversity \nTikTok: @DeVryUniversity \nTwitter: @DeVryUniv \nYouTube: @DeVryUniversity", "website": "http://www.DeVry.edu", "industry": "Higher Education", "company_size": [1001, 5000], "company_size_on_linkedin": 0, "hq": {"country": "US", "city": "Lisle", "postal_code": "60532", "line_1": "4225 Naperville Rd Suite 400", "is_hq": true, "state": "Illinois"}, "company_type": "EDUCATIONAL", "founded_year": null, "specialities": ["Business & Management", "Engineering & Information Sciences", "Health Sciences", "Liberal Arts & Sciences", "Media Arts & Technology", "Keller Graduate School of Management"], "locations": [{"country": "US", "city": "Lisle", "postal_code": "60532", "line_1": "4225 Naperville Rd Suite 400", "is_hq": true, "state": "Illinois"}], "name": "DeVry University", "tagline": null, "universal_name_id": "devry-university", "profile_pic_url": "https://media.licdn.com/dms/image/v2/C560BAQGRQkegWyBEsg/company-logo_200_200/company-logo_200_200/0/1650982846324/devry_university_logo?e=2147483647&v=beta&t=G8mzXnk8fAWQqZB8ruZy8uotIicx5ML8G-_fZaptXUE", "background_cover_image_url": "https://media.licdn.com/dms/image/v2/D563DAQE16k7DJ8JPZA/image-scale_191_1128/image-scale_191_1128/0/1725462665911/devry_university_cover?e=2147483647&v=beta&t=mTu3gMXTRairTQlYuPmZgsTyBI27SoCYvZHcLjlG0UI", "search_id": "4427", "similar_companies": [{"name": "One Family Illinois", "link": "https://www.linkedin.com/company/onefamilyillinois", "industry": "Individual and Family Services", "location": "Chicago, IL"}, {"name": "Belton Educational Foundation", "link": "https://www.linkedin.com/company/belton-educational-foundation", "industry": "Non-profit Organizations", "location": "Belton, Missouri"}, {"name": "Emerald Management & Realty Ltd.", "link": "https://ca.linkedin.com/company/emerald-management-&-realty-ltd.", "industry": "Real Estate", "location": "Calgary , Alberta"}, {"name": "Formerly Incarcerated College Graduates Network", "link": "https://www.linkedin.com/company/ficgn", "industry": "Higher Education", "location": "Durham, North Carolina"}, {"name": "B Cloud Engineers", "link": "https://www.linkedin.com/company/b-cloud-engineers", "industry": "IT Services and IT Consulting", "location": "Atlanta, Georgia"}, {"name": "NW Family Psychology PLLC", "link": "https://www.linkedin.com/company/nw-family-psychology-llc", "industry": "Mental Health Care", "location": "Clackamas, OR"}, {"name": "Grundy Economic Development Council", "link": "https://www.linkedin.com/company/grundy-economic-development-council", "industry": "Non-profit Organizations", "location": "Morris, IL"}, {"name": "Air Products Equipment Company", "link": "https://www.linkedin.com/company/air-products-equipment-company", "industry": "Wholesale", "location": "Elk Grove Village, Illinois"}, {"name": "DeVry University & its Keller Graduate School of Management International", "link": "https://www.linkedin.com/company/devry-university-&-its-keller-graduate-school-of-management-international", "industry": "Higher Education", "location": null}, {"name": "Encharter Insurance", "link": "https://www.linkedin.com/company/encharter-insurance", "industry": "Insurance", "location": "Amherst, MA"}], "affiliated_companies": [], "updates": [{"article_link": "https://alumni.devry.edu/s/1629/17/interior.aspx?sid=1629&gid=8&pgid=1261", "image": null, "posted_on": {"day": 19, "month": 11, "year": 2024}, "text": "Kyle F., \u201817 DeVry alum, shares how DeVry helped prepare him to step into leadership roles. Read the full story.", "total_likes": 16}, {"article_link": null, "image": "https://media.licdn.com/dms/image/v2/D5610AQFo4YLDT57Pgg/image-shrink_1280/image-shrink_1280/0/1731685298500?e=2147483647&v=beta&t=gxEOLoh1393WOvIt4dPf7ZjReHlBuSaeaiO3qRIuJAU", "posted_on": {"day": 16, "month": 11, "year": 2024}, "text": "We\u2019re honored to have won the Chicago Innovation\u2019s People\u2019s Choice Award for our Women+Tech Scholars Program. It's exciting to be recognized for our ongoing efforts to empower women in tech.", "total_likes": 131}, {"article_link": null, "image": "https://media.licdn.com/dms/image/v2/D5610AQGpb3BJ9oa2og/videocover-high/videocover-high/0/1731596418145?e=2147483647&v=beta&t=RCg46dDVgLeZF5k7Zh_bqq_1HVEl0rqtp4EHVzeMR9o", "posted_on": {"day": 15, "month": 11, "year": 2024}, "text": "Your success is our focus. Get 1-on-1 advisor support every step of the way. Learn more \u27a1\ufe0f https://devry.ly/3YmZ8IW", "total_likes": 14}, {"article_link": null, "image": "https://media.licdn.com/dms/image/v2/D5610AQEr8LGtF2RT6A/image-shrink_1280/image-shrink_1280/0/1731531601697?e=2147483647&v=beta&t=Q1SQrtNFmo9Q5_9dzxZxvVXIYSn5zRdwN5kbWkCvWW4", "posted_on": {"day": 14, "month": 11, "year": 2024}, "text": "Plan your #career path. Download our guide for tips on goal setting. \n\ud83d\udd17: https://devry.ly/3Z2aVxZ #careerdevelopmentmonth", "total_likes": 25}, {"article_link": "https://www.devry.edu/tuition-financial-aid/financial-aid/scholarships-grants.html", "image": null, "posted_on": {"day": 13, "month": 11, "year": 2024}, "text": "We\u2019re excited to team up with OneTen, a network of employers creating economic mobility for diverse talent. Our partnership will award 75 scholarships to qualifying students in an eligible certificate program.", "total_likes": 64}, {"article_link": "https://alumni.devry.edu/s/1629/17/interior.aspx?sid=1629&gid=8&pgid=1260", "image": null, "posted_on": {"day": 13, "month": 11, "year": 2024}, "text": "\u201cDeVry creates an environment that empowers you to believe you can accomplish anything. It's an inspiring community to be part of.\u201d Read alum Sherrika's story \u2b07\ufe0f. \n\n\ud83c\udf93: Sherrika S. - \u201808 DeVry, \u201811 and \u201813 Keller alum", "total_likes": 18}, {"article_link": null, "image": "https://media.licdn.com/dms/image/v2/D5610AQH-oPPfJo9vqw/image-shrink_1280/image-shrink_1280/0/1731337210300?e=2147483647&v=beta&t=n1zbjUVut0tv9u84vdhamR5VXH2jiFfAtzLXYLpdG2E", "posted_on": {"day": 13, "month": 11, "year": 2024}, "text": "Thank you to our students, alumni and all who selflessly served our country. #VeteransDay", "total_likes": 112}, {"article_link": null, "image": "https://media.licdn.com/dms/image/v2/D5610AQEpxQIEglT0zQ/image-shrink_1280/image-shrink_1280/0/1730736001675?e=2147483647&v=beta&t=DUjZrF7BVzhFiuIsk3TMvExmS0BHgOmdWmfXohaxdTo", "posted_on": {"day": 6, "month": 11, "year": 2024}, "text": "Election Day is tomorrow. Vote and make your voice heard. \ud83d\uddf3\ufe0f", "total_likes": 55}, {"article_link": "https://alumni.devry.edu/s/1629/17/interior.aspx?sid=1629-gid%3D8&pgid=1259&cmpid=osm_twt_dvu_alum-feature__cassandra&utm_medium=osm&utm_source=twt&utm_campaign=alum-feature&utm_content=cassandra", "image": null, "posted_on": {"day": 6, "month": 11, "year": 2024}, "text": "Cassandra M., \u201812 DeVry and \u201821 Keller alum, was the first in her family to graduate college and is now a Chief Information Security Officer. Learn how DeVry encouraged her to achieve her goals.", "total_likes": 30}, {"article_link": null, "image": "https://media.licdn.com/dms/image/v2/D5610AQHJN21cm9yubw/image-shrink_1280/image-shrink_1280/0/1730469605110?e=2147483647&v=beta&t=AECo0U36CjPEUgLNIS8-ghkk7X_3-DUpq99gFTe7tig", "posted_on": {"day": 6, "month": 11, "year": 2024}, "text": "Our Career Services are always here to support you. Join one of our 4\ufe0f\u20e3 events this month \u27a1\ufe0f https://devry.ly/489C7Og", "total_likes": 38}], "follower_count": 257582, "acquisitions": null, "exit_data": null, "extra": null, "funding_data": [], "categories": null, "customer_list": null}
