{"linkedin_internal_id": "2340783", "description": "Entrepreneur First invests in exceptional individuals to build startups from scratch. We bring together talented outliers to develop their most ambitious ideas and raise money from the world\u2019s best investors.\n\nSince pioneering Talent Investing in 2014, we\u2019ve learned to recognize individuals with extraordinary futures before anyone else, embedding them in a community of ambitious peers and giving them the tools they need to succeed, fast. We back them before they have a company, a team, even before they have an idea, based purely on talent.\nThe startups cofounded on our programs are now worth over $10B, and include Tractable, Magic Pony Technology, Cleo, La Vie, Aztec, Sonantic, and many more.\n\nEF is backed by some of the world's leading founders and investors, including Patrick and John Collison (Stripe); Reid Hoffman (LinkedIn), Tom Blomfield (GoCardless and Monzo), Sara Clemens (Whatnot and Twitch); Demis Hassabis (Google Deepmind); and Matt Mullenweg (Wordpress). We exist to make great companies happen that otherwise wouldn\u2019t.\n\nFor more information about Entrepreneur First, visit www.joinef.com\n\nWe're hiring! Join our global team and experience firsthand the workings of a globally unique talent investor working with cutting edge entrepreneurs on world changing technologies: https://careers.joinef.com/", "website": "https://www.joinef.com/", "industry": "Venture Capital and Private Equity Principals", "company_size": [51, 200], "company_size_on_linkedin": 903, "hq": {"country": "GB", "city": "London", "postal_code": "E2 8JF", "line_1": "Senna Building, WeWork, Gorsuch Pl", "is_hq": true, "state": null}, "company_type": "PRIVATELY_HELD", "founded_year": 2011, "specialities": [""], "locations": [{"country": "GB", "city": "London", "postal_code": "E2 8JF", "line_1": "Senna Building, WeWork, Gorsuch Pl", "is_hq": true, "state": null}, {"country": "SG", "city": "Singapore", "postal_code": "059911", "line_1": "32 Carpenter Street", "is_hq": false, "state": "Singapore"}, {"country": "IN", "city": "Bangalore", "postal_code": null, "line_1": null, "is_hq": false, "state": null}, {"country": "FR", "city": "Paris", "postal_code": "75013", "line_1": "Station F, 5 Parvis Alan Turing", "is_hq": false, "state": null}, {"country": "US", "city": "New York", "postal_code": "10011", "line_1": "33 W 17th St 5th Floor", "is_hq": false, "state": "New York"}], "name": "Entrepreneur First", "tagline": "Entrepreneur First invests in exceptional individuals to build startups from scratch.", "universal_name_id": "entrepreneur-first", "profile_pic_url": "https://s3.us-west-000.backblazeb2.com/proxycurl/company/entrepreneur-first/profile?X-Amz-Algorithm=AWS4-HMAC-SHA256&X-Amz-Credential=0004d7f56a0400b0000000001%2F20241120%2Fus-west-000%2Fs3%2Faws4_request&X-Amz-Date=20241120T053117Z&X-Amz-Expires=3600&X-Amz-SignedHeaders=host&X-Amz-Signature=70a079f4c0d183f86296dbf539abf97ad65160b633648a503fe2342b5e15fd9a", "background_cover_image_url": "https://s3.us-west-000.backblazeb2.com/proxycurl/company/entrepreneur-first/cover?X-Amz-Algorithm=AWS4-HMAC-SHA256&X-Amz-Credential=0004d7f56a0400b0000000001%2F20241120%2Fus-west-000%2Fs3%2Faws4_request&X-Amz-Date=20241120T053117Z&X-Amz-Expires=3600&X-Amz-SignedHeaders=host&X-Amz-Signature=804c948690343145d882c29b3d44b4841333a8ba71945c295e1633f1f5b3cf27", "search_id": "2340783", "similar_companies": [{"name": "Antler", "link": "https://sg.linkedin.com/company/antlerglobal", "industry": "Venture Capital and Private Equity Principals", "location": null}, {"name": "Techstars", "link": "https://www.linkedin.com/company/techstars", "industry": "Venture Capital and Private Equity Principals", "location": "New York City, New York"}, {"name": "Sequoia Capital", "link": "https://www.linkedin.com/company/sequoia", "industry": "Venture Capital and Private Equity Principals", "location": "Menlo Park, CA"}, {"name": "South Park Commons", "link": "https://www.linkedin.com/company/southparkcommons", "industry": "Software Development", "location": "San Francisco, California"}, {"name": "Pear VC", "link": "https://www.linkedin.com/company/pear-vc", "industry": "Venture Capital and Private Equity Principals", "location": "Menlo Park, California"}, {"name": "Andreessen Horowitz", "link": "https://www.linkedin.com/company/a16z", "industry": "Venture Capital and Private Equity Principals", "location": "Menlo Park, CA"}, {"name": "HF0", "link": "https://www.linkedin.com/company/hf0", "industry": "Venture Capital and Private Equity Principals", "location": "San Francisco, California"}, {"name": "Stealth Startup", "link": "https://www.linkedin.com/company/stealth-startup-51", "industry": "Technology, Information and Internet", "location": "Mountain View, WY"}, {"name": "500 Global", "link": "https://www.linkedin.com/company/500global", "industry": "Venture Capital and Private Equity Principals", "location": "San Francisco, California"}, {"name": "500 Startups", "link": "https://www.linkedin.com/company/500startupss", "industry": "Venture Capital and Private Equity Principals", "location": "San Francisco, California"}], "affiliated_companies": [], "updates": [{"article_link": null, "image": null, "posted_on": {"day": 24, "month": 10, "year": 2024}, "text": "At EF we believe there are brilliant minds who could build extraordinary companies given the right environment, network, and support.\n\nBuilding on the success of the Saturday Morning Club in London hosted by Max Mugnaioni, the Paris team are hosting a series of these sessions in partnership with Galion.exe. \n\nThis club is a focused environment outside of work commitments, for exceptional individuals with the ambition to found their own startup one day.\n\nWhether you're waiting to find the right cofounder or need to balance financial obligations, the Saturday Morning Club gives you the support and structure to take the next step toward building your company.\n\nThe next session is on November 2nd. \nApply now \ud83d\udc49  https://lu.ma/smc3", "total_likes": 43}, {"article_link": null, "image": null, "posted_on": {"day": 20, "month": 10, "year": 2024}, "text": "Last Monday the Paris W24 cohort joined the EF team on a trip to the Phagos laboratory in Suresnes, near Paris.\n\nphagos are on an urgent mission to address antibiotic resistance by harnessing the natural predator of bacteria, the bacteriophage. \n\nTheir goal is to turn these bacteriophages into an efficient and sustainable alternative to antibiotics with customizable drugs. Finding the right drug can take anywhere from 2 days (if they already have the bacteriophages) to 2 months.\n\nThe founders Alexandros Pantalis (CEO) and Ad\u00e8le James (CTO) met at EF in April 2021 and described their encounter as (professional) love at first sight. \n\nThey now have a team of 20+ scientists to help them on their mission.", "total_likes": 75}, {"article_link": "https://lu.ma/nqem2kcg", "image": null, "posted_on": {"day": 20, "month": 10, "year": 2024}, "text": "Some exciting updates for EF London's Bio x AI Hackathon (Nov 2nd-3rd) \ud83d\ude80 \n\nWe're teaming up with Amino Collective, an early-stage venture capital firm focused on health and bio, and are delighted to have Founder and Investor,  Nirmesh Patel, join us as a guest judge! \n\nWe\u2019re also thrilled to announce our partnership with Valence Labs, a company working at the cutting edge of AI-for-drug discovery. \n\nIn addition to getting access to high-quality datasets to build with, Valence Labs will be sharing access to their powerful new platform, Polaris, which enables ML engineers to easily share and access drug discovery datasets.\n\nIf you're excited by the opportunity to build over a weekend with a room of fantastic technologists and technical mentors, leverage cutting-edge tools, and compete to win a \u00a32k cash prize, apply today \u2014 or DM me for more info! :) \n\nDate: November 2nd-3rd\nApply here:", "total_likes": 74}, {"article_link": null, "image": null, "posted_on": {"day": 13, "month": 10, "year": 2024}, "text": "Check out our September portfolio roundup featuring raises, acquisitions and collaborations for the likes of Qantev, alcemy, Samp, Noah Labs, Encore Musicians, Metis Labs, Qritive, and Transcelestial.", "total_likes": 50}, {"article_link": "https://medium.com/@clemence.bellanger_62377/bio-minds-n-4-from-waste-to-wonder-1af389b5994e", "image": null, "posted_on": {"day": 13, "month": 10, "year": 2024}, "text": "\ud83c\udf3d Excited to share the latest from my Bio-Minds series: \"From Waste to Wonder\" \n\nToday, I\u2019m diving into Thalya, one of the most exciting French agritech startups to watch. \n\nCo-founded by Th\u00e9o and Hayat at Entrepreneur First, Thalya is tackling fertilizer waste head-on with a pioneering RNAi spray that not only reduces emissions but also supercharges crop yields. \n\nFrom their initial ideation in Paris, through field trials in the Midwest, to raising funds in San Francisco, Thalya is poised to redefine the future of sustainable agriculture \ud83c\udf0d\n\nLink here: https://bit.ly/3Bw07yS", "total_likes": 61}, {"article_link": null, "image": null, "posted_on": {"day": 13, "month": 10, "year": 2024}, "text": "36 cofounders\n24 weeks\n18 pitches - now live on the EF's Demo Day Investor Platform\n\nWatch them here \ud83d\udc49\ud83c\udffbhttps://bit.ly/470NiIr", "total_likes": 70}, {"article_link": null, "image": null, "posted_on": {"day": 6, "month": 10, "year": 2024}, "text": "Last week we cohosted the Privacy-Preserving AI Hackathon in Paris with Zama & Hugging Face. Over 50 talented developers and innovators from across Europe came together to implement Fully Homomorphic Encryption (FHE) in real-world applications. Their solutions prioritized both innovation and data privacy, with teams receiving guidance from expert mentors from Zama and Hugging Face.\n\nOver the weekend 14 teams worked tirelessly to create solutions that prioritize both innovation and data privacy. These ranged from analysing patient data, to generating watermarks, and detecting deep fakes. A special thank you to Zama and Hugging Face, and all the mentors who contributed their time and expertise to ensure the success of the event. \n\nFinally we\u2019d like to congratulate everyone that joined us and made contributions to the field of privacy-preserving AI.", "total_likes": 54}, {"article_link": null, "image": null, "posted_on": {"day": 6, "month": 10, "year": 2024}, "text": "Entrepreneur First will be hosting its Summer \u201824 Demo Day in San Francisco tomorrow. The event will be attended by over 250 Partners from top VC firms and will showcase our new cohort of global technologists as they launch their startups in the Valley.", "total_likes": 63}, {"article_link": null, "image": "https://media.licdn.com/dms/image/v2/D4E05AQH7UOEAhBBTMg/videocover-high/videocover-high/0/1727455923960?e=2147483647&v=beta&t=m5q1pC-PlCQmbkQKPWWLdMe7JQBn_CyjTl9kaEyNkBw", "posted_on": {"day": 29, "month": 9, "year": 2024}, "text": "5 days to go until some of Europe\u2019s most exceptional technologists pitch their startups at Demo Day, to a room of Silicon Valley\u2019s top investors.", "total_likes": 119}, {"article_link": null, "image": "https://media.licdn.com/dms/image/v2/D5622AQGdhFKLVuSkWA/feedshare-shrink_800/feedshare-shrink_800/0/1727188182620?e=2147483647&v=beta&t=dO9Z8p7heKow5cffjEPjimfmPMdTcxAlmHOrm8gPZNE", "posted_on": {"day": 27, "month": 9, "year": 2024}, "text": "Applications are now open for our London Spring and Summer programs.\n\nOur talent investors will be meeting people in person at the following universities:\n\n- Edinburgh; 25-26 September, 3-4 October - Kitty Mayo\n- Glasgow; 3-4 October - Kitty Mayo\n- Cambridge; 8-9 October, 15-16 October - Dominik Diak and Max R.\n- Imperial; 14 October, 2 November - Laura Sahyoun\n- UCL; 17 October - Laura Sahyoun\n- Warwick; 22 October - Jonny Clifford\n- Dublin; (Trinity and UCD) 20-22 November - Kitty Mayo\n\nComment below if they should be meeting you!", "total_likes": 79}], "follower_count": 147902, "acquisitions": null, "exit_data": null, "extra": null, "funding_data": [], "categories": null, "customer_list": null}
