{"linkedin_internal_id": "35562441", "description": "Book of Experts is an \"experts on demand\" referral network for entrepreneurs, coaches, consultants, and expert-based business owners who believe in doing good by connecting with other smart people. Our goal is to share referrals and recognition for each expert\u2019s hard won expertise, by building a Referral Circle of strategic partners.", "website": "https://www.linkedin.com/redir/suspicious-page?url=https%3A%2F%2FBookOfExperts%2ecom", "industry": "Professional Training and Coaching", "company_size": [2, 10], "company_size_on_linkedin": 10, "hq": null, "company_type": "PARTNERSHIP", "founded_year": 1978, "specialities": [], "locations": [], "name": "Book of Experts", "tagline": "For experts by experts. Build your Referral Circle of Strategic Partners.", "universal_name_id": "entrepreneurs-referral-network-international", "profile_pic_url": "https://media.licdn.com/dms/image/v2/C4D0BAQG6YO3eJpnmOw/company-logo_400_400/company-logo_400_400/0/1630541320610/entrepreneurs_referral_network_international_logo?e=1740009600&v=beta&t=1AgEWCRAjsSeMe5Z3PFNsVIW0YqZA2cVssCv-Kb52ck", "background_cover_image_url": "https://media.licdn.com/dms/image/v2/C4E1BAQHjT0jqn72tpQ/company-background_200/company-background_200/0/1588422242006/entrepreneurs_referral_network_international_cover?e=1732687200&v=beta&t=HTPR1eRMISjBNZ9AMqGat-Q_n_MBwlPEFpYldYPlhq4", "search_id": "35562441", "similar_companies": [{"name": "Bookexperts", "link": "https://www.linkedin.com/company/bookexperts/", "industry": "Design Services", "location": null}, {"name": "BookXpert Pvt Ltd", "link": "https://www.linkedin.com/company/bookxpert-pvt-ltd/", "industry": "Accounting", "location": null}, {"name": "Tobin Slaven", "link": "https://www.linkedin.com/company/tobin-slaven/", "industry": "Advertising Services", "location": null}, {"name": "Fair soft solutions pvt ltd", "link": "https://www.linkedin.com/company/fair-soft-solutions-pvt-ltd/", "industry": "Accounting", "location": null}, {"name": "Closers Corp, LLC", "link": "https://www.linkedin.com/company/closers-corp-llc/", "industry": "Business Consulting and Services", "location": null}, {"name": "ASAH", "link": "https://www.linkedin.com/company/al-saraya-al-hamra/", "industry": "Consumer Services", "location": null}, {"name": "Zenith Travel & Tours LLC ", "link": "https://www.linkedin.com/company/zenith-travel-tours-llc/", "industry": "Leisure, Travel & Tourism", "location": null}, {"name": "Hassan Mukhtar & Brothers LLC", "link": "https://www.linkedin.com/company/hassan-mukhtar-&-brothers-llc/", "industry": "Cosmetics", "location": null}, {"name": "SNASCO Investments L.L.C", "link": "https://www.linkedin.com/company/snasco-investments-l-l-c/", "industry": "Investment Management", "location": null}, {"name": "AMCO APPAREL MANUFACTURING FZC", "link": "https://www.linkedin.com/company/amco-apparel-mfg-co/", "industry": "Retail Apparel and Fashion", "location": null}, {"name": "Remote Teams IT Solutions Pvt Ltd", "link": "https://www.linkedin.com/company/remote-teams-it-solutions-pvt-ltd/", "industry": "IT Services and IT Consulting", "location": null}, {"name": "Arkan Building Materials PJSC", "link": "https://www.linkedin.com/company/arkan/", "industry": "Wholesale Building Materials", "location": null}, {"name": "Yas Asset Management LLC", "link": "https://www.linkedin.com/company/yasassetmanagement/", "industry": "Retail", "location": null}, {"name": "050 Telecom ", "link": "https://www.linkedin.com/company/050-telecom/", "industry": "Telecommunications", "location": null}, {"name": "Talal Group of Companies", "link": "https://www.linkedin.com/company/talal-group-of-companies/", "industry": "Retail", "location": null}, {"name": "Powermax Fitness India Pvt. Ltd.", "link": "https://www.linkedin.com/company/powermaxfitness/", "industry": "Wellness and Fitness Services", "location": null}, {"name": "DARWISH BIN AHMED & SONS", "link": "https://www.linkedin.com/company/darwish-bin-ahmed-&-sons/", "industry": "Warehousing and Storage", "location": null}, {"name": "Vridhi Finserv Home Finance Limited", "link": "https://www.linkedin.com/company/vridhi-finserv-home-finance-limited/", "industry": "Financial Services", "location": null}, {"name": "Luxury Properties Hub", "link": "https://www.linkedin.com/company/lux-luxury-properties-hub/", "industry": "Real Estate", "location": null}, {"name": "Real Jobs In Dubai", "link": "https://www.linkedin.com/company/real-jobs-in-dubai/", "industry": "Non-profit Organizations", "location": null}], "affiliated_companies": [], "updates": [], "follower_count": 437, "acquisitions": null, "exit_data": null, "extra": null, "funding_data": [], "categories": null, "customer_list": null}
