{"linkedin_internal_id": "11773424", "description": "Ezra is on a mission to detect cancer early for everyone by offering a full body MRI scan of up to 13 organs. We are developing screening technologies using artificial intelligence to make our process more accurate, faster and cheaper.", "website": "http://ezra.com", "industry": "Hospitals and Health Care", "company_size": [51, 200], "company_size_on_linkedin": 86, "hq": {"country": "US", "city": "New York", "postal_code": "10016", "line_1": "419 Park Ave S", "is_hq": true, "state": "NY"}, "company_type": "PRIVATELY_HELD", "founded_year": 2018, "specialities": [], "locations": [{"country": "US", "city": "New York", "postal_code": "10016", "line_1": "419 Park Ave S", "is_hq": true, "state": "NY"}], "name": "Ezra", "tagline": "Detecting cancer early using Full Body MRIs", "universal_name_id": "ezrainc", "profile_pic_url": "https://s3.us-west-000.backblazeb2.com/proxycurl/company/ezrainc/profile?X-Amz-Algorithm=AWS4-HMAC-SHA256&X-Amz-Credential=0004d7f56a0400b0000000001%2F20241120%2Fus-west-000%2Fs3%2Faws4_request&X-Amz-Date=20241120T045025Z&X-Amz-Expires=3600&X-Amz-SignedHeaders=host&X-Amz-Signature=7a62bbbe5117b805eb1902b8f376f07e25712ce1719497137499a2518fb9334a", "background_cover_image_url": "https://s3.us-west-000.backblazeb2.com/proxycurl/company/ezrainc/cover?X-Amz-Algorithm=AWS4-HMAC-SHA256&X-Amz-Credential=0004d7f56a0400b0000000001%2F20241120%2Fus-west-000%2Fs3%2Faws4_request&X-Amz-Date=20241120T045025Z&X-Amz-Expires=3600&X-Amz-SignedHeaders=host&X-Amz-Signature=b17b780724ff856f27757700b7da72444eb2a0397d9a9a0fe2bd32b9d24dce33", "search_id": "11773424", "similar_companies": [{"name": "Prenuvo", "link": "https://www.linkedin.com/company/prenuvo/", "industry": "Medical Practices", "location": null}, {"name": "Nucleus Genomics", "link": "https://www.linkedin.com/company/nucleusgenomics/", "industry": "Biotechnology", "location": null}, {"name": "beehiiv", "link": "https://www.linkedin.com/company/beehiiv/", "industry": "Software Development", "location": null}, {"name": "Q Bio", "link": "https://www.linkedin.com/company/q-bio/", "industry": "Biotechnology", "location": null}, {"name": "Biograph", "link": "https://www.linkedin.com/company/biograph/", "industry": "Hospitals and Health Care", "location": null}, {"name": "Neko Health", "link": "https://www.linkedin.com/company/nekohealth/", "industry": "Hospitals and Health Care", "location": null}, {"name": "Healthier Capital", "link": "https://www.linkedin.com/company/healthier-capital/", "industry": "Venture Capital and Private Equity Principals", "location": null}, {"name": "Function Health", "link": "https://www.linkedin.com/company/functionhealth/", "industry": "Technology, Information and Internet", "location": null}, {"name": "Ribbon", "link": "https://www.linkedin.com/company/ribboncareerai/", "industry": "Software Development", "location": null}, {"name": "Forward", "link": "https://www.linkedin.com/company/forwardinc/", "industry": "Software Development", "location": null}, {"name": "EZRA Coaching", "link": "https://www.linkedin.com/company/ezracoaching/", "industry": "Professional Training and Coaching", "location": null}, {"name": "Nugget", "link": "https://www.linkedin.com/company/nugget-comfort-company/", "industry": "Furniture and Home Furnishings Manufacturing", "location": null}, {"name": "Ultrahuman", "link": "https://www.linkedin.com/company/ultrahumanhq/", "industry": "Health, Wellness & Fitness", "location": null}, {"name": "Figure", "link": "https://www.linkedin.com/company/figure-ai/", "industry": "Machinery Manufacturing", "location": null}, {"name": "Ezra AI", "link": "https://www.linkedin.com/company/ezraaiservices/", "industry": "Technology, Information and Media", "location": null}, {"name": "Fountain Life", "link": "https://www.linkedin.com/company/fountain-life/", "industry": "Health and Human Services", "location": null}, {"name": "Teads Studio (formerly Brainient)", "link": "https://www.linkedin.com/company/brainient/", "industry": "Technology, Information and Internet", "location": null}, {"name": "\u014cURA", "link": "https://www.linkedin.com/company/oura/", "industry": "Wellness and Fitness Services", "location": null}, {"name": "Teads", "link": "https://www.linkedin.com/company/teads/", "industry": "Advertising Services", "location": null}, {"name": "Grow Therapy", "link": "https://www.linkedin.com/company/grow-therapy/", "industry": "Mental Health Care", "location": null}], "affiliated_companies": [], "updates": [{"article_link": "https://www.linkedin.com/posts/ezrainc_were-excited-to-introduce-the-ezra-blueprint-activity-7254526420570226688-d2OH", "image": "https://media.licdn.com/dms/image/v2/D4E22AQH8sinjcFw_Hw/feedshare-shrink_2048_1536/feedshare-shrink_2048_1536/0/1729613880364?e=1732752000&v=beta&t=oLO7u0vUNzigJkk7X-l8sAxxqCqUwgLmnZtNQ0AZ6Cc", "posted_on": {"day": 23, "month": 10, "year": 2024}, "text": "We're excited to introduce the Ezra Blueprint Scan\u2014the most advanced full body scan available today.\n\nDesigned in partnership with Bryan Johnson, leveraging his pioneering longevity protocols, Ezra Blueprint combines cutting-edge MRI, CT, and AI technology to provide an unprecedented view of your health. From assessing your body composition to understanding brain age and coronary health, Ezra Blueprint delivers deep, actionable insights to help you take control of your wellness.\n\nWe're proud to launch Ezra Blueprint at select partner facilities across Los Angeles, New York City, New Jersey, Miami, Austin, and Orange County.\nBe among the first to experience this innovation in preventive health. To learn more or book your scan, click the link below\u00a0www.ezra.com/blueprint/", "total_likes": 21}, {"article_link": "https://www.linkedin.com/posts/emigal_85-of-the-most-promising-startups-of-2024-activity-7227270388223750144-4dr1", "image": null, "posted_on": {"day": 25, "month": 8, "year": 2024}, "text": "Thrilled that Ezra has been selected as one of the most promising startups of 2024 by Business Insider. Let\u2019s save more lives!", "total_likes": 147}, {"article_link": "https://www.linkedin.com/posts/ezrainc_85-of-the-most-promising-startups-of-2024-activity-7227586295219302400-jEvR", "image": null, "posted_on": {"day": 25, "month": 8, "year": 2024}, "text": "Another milestone for the team and our community at Ezra AI. Thanks everyone for your support along the way!", "total_likes": 12}, {"article_link": "https://www.linkedin.com/posts/ezrainc_earlydetection-accessiblescreenings-morelife-activity-7181653582075572225-qJJH", "image": null, "posted_on": {"day": 25, "month": 4, "year": 2024}, "text": "Did you know that over 66,000 people are diagnosed with head and neck cancer in the US each year? As we observe Head and Neck Cancer Awareness Month this month, let\u2019s shine a spotlight on this under-discussed cancer type.\n\nHead and neck cancers include various types, with the most common affecting the squamous cells in surfaces that line the head and neck, such as the mouth, throat, and voice box. These cancers may impact salivary glands, sinuses, muscles, and nerves in the head and neck, each type identified by the specific part of the body affected.\n\nHeavy and frequent alcohol consumption and tobacco use (including cigarettes, cigars, pipes, and chewing tobacco) are significant risk factors for head and neck cancers. About 70-80 percent of head and neck cases are directly linked to tobacco use.\n\nLet\u2019s raise awareness about the importance of early detection and advocate for accessible screenings together.\n\nLearn more about head and neck cancers here:\u00a0https://lnkd.in/esAdy_QJ\n\n#EarlyDetection #AccessibleScreenings #MoreLife #Cancer", "total_likes": 13}, {"article_link": "https://www.linkedin.com/posts/ezrainc_ezrahealth-healthcareheroes-earlycancerdetection-activity-7163636110970060800-JdkF", "image": null, "posted_on": {"day": 25, "month": 2, "year": 2024}, "text": "Passionate about early cancer detection? Join Ezra, where we are committed to transforming the landscape of medical care. Or if you know anyone who might be interested, please let us know!\n\n#EzraHealth #HealthcareHeroes #EarlyCancerDetection #JoinOurTeam #Hiring", "total_likes": 10}, {"article_link": "https://www.linkedin.com/posts/ezrainc_as-a-single-mom-and-registered-nurse-janette-activity-7212051649350021120-ZTvs", "image": null, "posted_on": {"day": 25, "month": 7, "year": 2024}, "text": "As a single mom and registered nurse, Janette has witnessed the impact of late diagnoses. Motivated to take control of her health, she underwent a Full Body Ezra scan. The results transformed her life, leading to a 26 lbs weight loss and resolving her sleep apnea, eliminating the need for a CPAP machine.\nDiscover Janette's inspiring story and the importance of proactive health screenings at ezra.com/community", "total_likes": 19}], "follower_count": 10706, "acquisitions": null, "exit_data": null, "extra": null, "funding_data": [], "categories": null, "customer_list": null}
