{"linkedin_internal_id": "7158", "description": "Fred Hutch is an independent, nonprofit organization that also serves as the cancer program for UW Medicine. Together we provide the specialized focus of a top-ranked cancer center and the comprehensive services of a leading integrated health system.", "website": "http://www.fredhutch.org", "industry": "Hospitals and Health Care", "company_size": [1001, 5000], "company_size_on_linkedin": 5770, "hq": {"country": "US", "city": "Seattle", "postal_code": "98109", "line_1": "1100 Fairview Avenue N.", "is_hq": true, "state": "WA"}, "company_type": "NON_PROFIT", "founded_year": 1975, "specialities": [""], "locations": [{"country": "US", "city": "Seattle", "postal_code": "98109", "line_1": "1100 Fairview Avenue N.", "is_hq": true, "state": "WA"}], "name": "Fred Hutch", "tagline": "Making life beyond cancer a reality.", "universal_name_id": "fredhutch", "profile_pic_url": "https://s3.us-west-000.backblazeb2.com/proxycurl/company/fredhutch/profile?X-Amz-Algorithm=AWS4-HMAC-SHA256&X-Amz-Credential=0004d7f56a0400b0000000001%2F20241120%2Fus-west-000%2Fs3%2Faws4_request&X-Amz-Date=20241120T053130Z&X-Amz-Expires=3600&X-Amz-SignedHeaders=host&X-Amz-Signature=4ad45d4b3997afbc4fb590794a18ecb67d3b05c772e8a1f0906adb959dc95846", "background_cover_image_url": "https://s3.us-west-000.backblazeb2.com/proxycurl/company/fredhutch/cover?X-Amz-Algorithm=AWS4-HMAC-SHA256&X-Amz-Credential=0004d7f56a0400b0000000001%2F20241120%2Fus-west-000%2Fs3%2Faws4_request&X-Amz-Date=20241120T053130Z&X-Amz-Expires=3600&X-Amz-SignedHeaders=host&X-Amz-Signature=0b6541469031b80f57754e86117f79fc788b3112365eab8c66eaaebe39a9e739", "search_id": "7158", "similar_companies": [{"name": "The Business Council U.S.", "link": "https://www.linkedin.com/company/the-business-council-us", "industry": "Non-profit Organizations", "location": "Washington, District of Columbia"}, {"name": "Seattle Children's", "link": "https://www.linkedin.com/company/seattle-childrens", "industry": "Hospitals and Health Care", "location": "Seattle, WA"}, {"name": "Starbucks", "link": "https://www.linkedin.com/company/starbucks", "industry": "Retail", "location": "Seattle, WA"}, {"name": "Microsoft", "link": "https://www.linkedin.com/company/microsoft", "industry": "Software Development", "location": "Redmond, Washington"}, {"name": "UW Medicine", "link": "https://www.linkedin.com/company/uw-medicine", "industry": "Hospitals and Health Care", "location": "Seattle, WA"}, {"name": "Swedish", "link": "https://www.linkedin.com/company/swedish-medical-center", "industry": "Hospitals and Health Care", "location": "Seattle, WA"}, {"name": "Bill & Melinda Gates Foundation", "link": "https://www.linkedin.com/company/bill-&-melinda-gates-foundation", "industry": "Non-profit Organizations", "location": "Seattle, WA"}, {"name": "Allen Institute", "link": "https://www.linkedin.com/company/allen-institute", "industry": "Research Services", "location": "Seattle, Washington"}, {"name": "Seattle Cancer Care Alliance", "link": "https://www.linkedin.com/company/seattle-cancer-care-alliance", "industry": "Hospitals and Health Care", "location": "Seattle, Washington"}, {"name": "Kaiser Permanente", "link": "https://www.linkedin.com/company/kaiser-permanente", "industry": "Hospitals and Health Care", "location": "Oakland, California"}], "affiliated_companies": [], "updates": [{"article_link": "https://www.fredhutch.org/en/news/center-news/2024/11/herbold-computational-biology-chair.html", "image": null, "posted_on": {"day": 12, "month": 11, "year": 2024}, "text": "Fred Hutch has received a $2 million gift from philanthropists Bob and Pat Herbold to create the Bob and Pat Herbold Computational Biology Endowed Chair. This investment will permanently fund the leadership role of the Bob and Pat Herbold Computational Biology Program. These funds will be used to support researchers who are using the field of #computationalbiology to find new cures for #cancer.\n\nRead more: https://bit.ly/4hOrAfV", "total_likes": 78}, {"article_link": null, "image": "https://media.licdn.com/dms/image/v2/D5610AQHPPnfTYhMVbw/image-shrink_1280/image-shrink_1280/0/1731346381528?e=2147483647&v=beta&t=U6JZpwG73DNJBsVExcAvg3-07LAqlxhggVRNX95IqM0", "posted_on": {"day": 12, "month": 11, "year": 2024}, "text": "Today, we pay tribute to those who have served our country with strength, sacrifice and selflessness. At Fred Hutch, we are deeply grateful for your service and the bravery you show, not only in uniform but in facing every challenge life brings. We follow your example as we work toward a life beyond cancer. \ud83c\uddfa\ud83c\uddf8 \n#VeteransDay #HonoringHeroes #ThankYouVeterans", "total_likes": 81}, {"article_link": null, "image": "https://media.licdn.com/dms/image/v2/D5610AQHxyKtpYYF_Bg/image-shrink_1280/image-shrink_1280/0/1731273421481?e=2147483647&v=beta&t=38woD3PjtLhCbgLreO2ipkaM_-1elgFmKgdLRvz9d6A", "posted_on": {"day": 11, "month": 11, "year": 2024}, "text": "Healthy for the Holidays is right around the corner! This is a free event for cancer survivors, patients, caregivers, and family. Register now to save your seat: https://bit.ly/3NYDQgb\n\n#patienteducation #healthyfortheholidays #cancersurvivorship", "total_likes": 9}, {"article_link": null, "image": "https://media.licdn.com/dms/image/v2/D5610AQETQAPGFOw7bA/image-shrink_1280/image-shrink_1280/0/1731265208626?e=2147483647&v=beta&t=qX0Eh_fUn2w-kdqf_G-qMP-wUCGEDZMpYqXMyIOLMAE", "posted_on": {"day": 11, "month": 11, "year": 2024}, "text": "Check out this unique opportunity to support cutting edge #oncology research! Fred Hutch and the University of Washington are #hiring a Data Coordinator in our Phase 1 Clinical Trials Program. Learn more and apply: https://bit.ly/4fvNJNO", "total_likes": 55}, {"article_link": null, "image": "https://media.licdn.com/dms/image/v2/D5610AQGTpKOgKcvltw/ads-video-thumbnail_720_1280/ads-video-thumbnail_720_1280/0/1731178505354?e=2147483647&v=beta&t=J0xnGZju0fim3C1-CGYq58EJsEUHo6sk0EC2SAKuUU0", "posted_on": {"day": 10, "month": 11, "year": 2024}, "text": "Currently, only 10% to 15% of all eligible people in the U.S. have been screened for lung cancer. Additionally, many who are screened do not return for necessary follow-up screenings. Fred Hutch pulmonologist and public health researcher Dr. Matty Triplette and others are trying to change that: https://bit.ly/44DGJJ0\n\n#lungcancerscreeningday", "total_likes": 41}, {"article_link": null, "image": "https://media.licdn.com/dms/image/v2/D5610AQHlcR2mYAbEog/image-shrink_1280/image-shrink_1280/0/1731095103020?e=2147483647&v=beta&t=fOINCMLohfmb1ATWtKPfOdRYt0RxoJrLLlhox1liDHs", "posted_on": {"day": 9, "month": 11, "year": 2024}, "text": "\ud83d\ude80 Mission: All Systems Go! \ud83e\ude90\n\nFor the past two years, Fred Hutch - Proton Therapy and NASA's SCaN (Space Communications and Navigation) team have been working together to create an inspiring new program to help young patients facing cancer treatment.\n\nThe program features a briefing video narrated by NASA astronaut Dr. Kjell Lindgren, a specially-designed space-themed room, and even an astronaut-themed \"graduation certificate\" to celebrate each patient's treatment journey. \ud83c\udf1f\n\nInspired by a child's comparison of the proton therapy gantry to a spaceship, Seattle Children's anesthesiologist Dr. Corrie Anderson teamed up with NASA to create an experience that turns a challenging time into an exciting, empowering adventure. Patients are now treated like astronauts on their own space mission \u2013 complete with a mission-ready environment, a space playlist, and progress trackers. \ud83c\udf0c\u2728\n\nDr. Lindgren shared, \u201cAs a NASA astronaut, I\u2019m thrilled to encourage patients, showing them how my spaceflight training has similarities to their treatment journey, and that they, too, can successfully complete their \u2018mission.\u2019\u201d\n\nLearn more: https://bit.ly/3Yyw4yi", "total_likes": 39}, {"article_link": null, "image": "https://media.licdn.com/dms/image/v2/D5610AQFwmhnwv03nkg/image-shrink_800/image-shrink_800/0/1731017762157?e=2147483647&v=beta&t=YcVNbMEVS12PL0_Y_vgpmNyOhs5oTTeSONk1EXB_bUk", "posted_on": {"day": 8, "month": 11, "year": 2024}, "text": "\u201cStorytelling is not exclusive to Native American people,\u201d said artist, storyteller and Lower Elwha S\u2019Klallam Tribe member Roger Fernandes. \u201cIt\u2019s a universal human process of sharing, teaching, learning and understanding. We have all these new technologies, but we are still human. We still respond to stories. Giving people more data, more research, more reports \u2014 it\u2019s all good but it\u2019s the wrong foundation. You need to give people stories that generate belief, that tap into their spirit. Stories are still critical to human beings, and stories and art and ceremonies need to be integrated into a package as a way to help people address cancer.\u201d\n\nFernandes is the featured Indigenous artist for the second installation of Fred Hutchinson Cancer Center\u2019s Public Art and Community Dialogue Program, sponsored by the Diversity, Equity & Inclusion Core (DEI) department. Read more about his piece \"The Boy & the Wolf\" below.\n\nhttps://bit.ly/3V5dPzN", "total_likes": 90}, {"article_link": null, "image": "https://media.licdn.com/dms/image/v2/D5610AQFksStZ1u_03Q/image-shrink_1280/image-shrink_1280/0/1730937481131?e=2147483647&v=beta&t=KITORdsGumykL2aX1s8FbDc_X8JmUKeTiHa3M22OWY4", "posted_on": {"day": 7, "month": 11, "year": 2024}, "text": "You might already know that #lungcancer is the leading cause of cancer deaths in the United States. But did you know that early detection improves survival rates significantly?\n\nNational Lung Cancer Screening Day is this Saturday, November 9! #LCSDay is a great opportunity to raise screening awareness and encourage eligible individuals to get screened.\n\nFred Hutch and UW Medicine are teaming up to offer screenings at UW Northwest, Harborview Medical Center and Fred Hutch's South Lake Union clinic. Tell a loved one who may be at higher risk to get their screening scheduled today! \ud83d\udcde Call 206-606-1434 or visit https://bit.ly/47viChJ to learn more. \n\n#fredhutch #lungcancerawareness #cancerscreening #cancerprevention #lcsm", "total_likes": 26}, {"article_link": null, "image": "https://media.licdn.com/dms/image/v2/D5610AQF4Qq0pfJ8rFA/image-shrink_1280/image-shrink_1280/0/1730833922507?e=2147483647&v=beta&t=T69yzUJn2h_XXEX34rcbCn7kqXQCsDmFyNmBqNTpDUg", "posted_on": {"day": 6, "month": 11, "year": 2024}, "text": "Join us in welcoming Dr. Nicole Fleming, Fred Hutch's new Deputy Chief Medical Officer! Dr. Fleming joins us from The University of Texas MD Anderson Cancer Center, where she had a distinguished career in gynecologic oncology and reproductive medicine.\n\n\"It\u2019s a unique specialty because we are both a surgical and a medical oncologist all in one,\" she said. \"For patients with gynecologic cancers, we see and treat them from beginning to end.\"\n\nIn her new role, she will split her time evenly between providing clinical care and performing her administrative leadership duties, including overseeing our South Lake Union outpatient clinical services and promoting high-quality patient care, clinical excellence and a collaborative and patient-centered environment.\n\nRead more: https://bit.ly/48E9Y2c", "total_likes": 127}, {"article_link": "https://www.fredhutch.org/en/news/center-news/2024/11/new-funding-drives-a-slew-of-breast-cancer-studies--.html", "image": null, "posted_on": {"day": 6, "month": 11, "year": 2024}, "text": "The Breast Cancer Research Foundation names six Fred Hutch/University of Washington/Seattle Children's Cancer Consortium scientists to receive $1.7 million in grants to launch or continue studies aimed at improving outcomes in #breastcancer, the second leading cause of cancer death in women.\n\nRead more: https://bit.ly/3CbVsm9", "total_likes": 67}], "follower_count": 79616, "acquisitions": null, "exit_data": null, "extra": null, "funding_data": [], "categories": null, "customer_list": null}
