{"linkedin_internal_id": "31094593", "description": "Globalshala embraces collaborations and is venturing to make a good world better by extending affordable global educational opportunities and purposeful possibilities that will open up hopes and dreams of life long learners around the world! \n\nInspired by United Nations Sustainable Development Goals (Goal 4: Education and Goal 5: Gender Equality and Women\u2019s Empowerment), we believe that Globalshala\u2019s services, scholarships, and programs can create impact for the youth by ensuring equal and increased access to affordable and quality higher education that will maximize their potential to obtain quality jobs and sustainable economic growth.\n\nWe invite you to join us and help achieve through individual initiatives and partnerships.", "website": "https://www.globalshala.com", "industry": "Education Administration Programs", "company_size": [11, 50], "company_size_on_linkedin": 221, "hq": {"country": "IN", "city": "Gurgaon", "postal_code": null, "line_1": null, "is_hq": true, "state": null}, "company_type": "PRIVATELY_HELD", "founded_year": 2020, "specialities": [""], "locations": [{"country": "IN", "city": "Gurgaon", "postal_code": null, "line_1": null, "is_hq": true, "state": null}, {"country": "US", "city": "Saint Louis", "postal_code": "63133", "line_1": null, "is_hq": false, "state": "MO"}], "name": "GlobalShala", "tagline": "Connecting Potential with Possibilities", "universal_name_id": "globalshala", "profile_pic_url": "https://s3.us-west-000.backblazeb2.com/proxycurl/company/globalshala/profile?X-Amz-Algorithm=AWS4-HMAC-SHA256&X-Amz-Credential=0004d7f56a0400b0000000001%2F20241120%2Fus-west-000%2Fs3%2Faws4_request&X-Amz-Date=20241120T053053Z&X-Amz-Expires=3600&X-Amz-SignedHeaders=host&X-Amz-Signature=b2fad08afadf5237fe3f2999375d1a6b0ec69820a632ef4f13f8a0893f83d997", "background_cover_image_url": "https://s3.us-west-000.backblazeb2.com/proxycurl/company/globalshala/cover?X-Amz-Algorithm=AWS4-HMAC-SHA256&X-Amz-Credential=0004d7f56a0400b0000000001%2F20241120%2Fus-west-000%2Fs3%2Faws4_request&X-Amz-Date=20241120T053053Z&X-Amz-Expires=3600&X-Amz-SignedHeaders=host&X-Amz-Signature=de5685d34bc0bbdf479cc4bae01bf50b72aec53a9454b03ab2748c6ee10adec2", "search_id": "31094593", "similar_companies": [{"name": "Excelerate", "link": "https://ae.linkedin.com/company/4excelerate", "industry": "Higher Education", "location": null}, {"name": "Globally Recruit", "link": "https://in.linkedin.com/company/globally-recruit", "industry": "Education Administration Programs", "location": null}, {"name": "Excelerate", "link": "https://dk.linkedin.com/company/excelerate-dk", "industry": "Staffing and Recruiting", "location": "Copenhagen, Capital Region"}, {"name": "Internshala", "link": "https://in.linkedin.com/company/internshala", "industry": "Education Administration Programs", "location": "Gurugram, Haryana"}, {"name": "The Sparks Foundation", "link": "https://sg.linkedin.com/company/the-sparks-foundation", "industry": "Education Administration Programs", "location": "Singapore, Singapore"}, {"name": "Deloitte", "link": "https://www.linkedin.com/company/deloitte", "industry": "Business Consulting and Services", "location": null}, {"name": "CodeClause", "link": "https://in.linkedin.com/company/codeclause", "industry": "IT Services and IT Consulting", "location": null}, {"name": "Amazon", "link": "https://www.linkedin.com/company/amazon", "industry": "Software Development", "location": "Seattle, WA"}, {"name": "Bharat Intern", "link": "https://in.linkedin.com/company/bharat-intern", "industry": "Education", "location": "Bhopal , Madhya Pradesh"}, {"name": "IFORTIS WORLDWIDE\u2122", "link": "https://in.linkedin.com/company/ifortis-worldwide", "industry": "IT Services and IT Consulting", "location": "Bangalore , Karnataka"}], "affiliated_companies": [], "updates": [{"article_link": null, "image": "https://media.licdn.com/dms/image/v2/D4D22AQFpLLnKe_gGpA/feedshare-shrink_800/feedshare-shrink_800/0/1706105966571?e=2147483647&v=beta&t=Bw-n293gXUidtrzOye51vYJ7djCv7COBHldTLOtEtHs", "posted_on": {"day": 23, "month": 1, "year": 2024}, "text": "Exciting News at GlobalShala!!!\n\nWe're thrilled to introduce our newest team member - UNO, a charming golden retriever mascot! \nUNO takes center stage, proudly donning a T-shirt featuring the number 4, a symbolic representation of the journey we've shared since the inception of GlobalShala. UNO not only signifies our commitment to unity and collaboration but also embodies the joy and excitement that learning brings.\n\nA special shoutout to the incredibly talented artist Ashna Singh, who brought UNO to life with her creative brilliance! Your artistic touch has truly captured the essence of our brand and filled it with boundless energy.\n\nUNO will be making appearances at our events, brightening them up, and spreading positive vibes. We believe our furry friend will not only bring smiles to our faces but also serve as a symbol of unity and teamwork.\n\nJoin us in welcoming UNO with open arms!", "total_likes": 39}, {"article_link": null, "image": null, "posted_on": {"day": 9, "month": 10, "year": 2024}, "text": "Subject: Join Our Team! GlobalShala is Hiring! \ud83c\udf1f\n \nGlobalShala is excited to announce that we are hiring a University Relations Junior Associate to develop and implement our university marketing strategy. This full-time position welcomes applications from freshers eager to make an impact.\nKey Responsibilities:\nDevelop and execute marketing strategies.\nAttend education expos and hiring fairs in India and abroad.\nConduct market research and build relationships with partner agencies.\nOrganize training seminars and support university staff visits.\nManage travel arrangements within budgets.\n\nRequirements:\nStrong drive and project management skills.\nExcellent time-management and communication abilities.\nWillingness to travel; experience in PR, Marketing, or Hospitality is a plus.\nWhat We Offer:\nWork-from-home flexibility\nReimbursed travel expenses\nA supportive team environment\nIf you're passionate about marketing and eager to travel, we\u2019d love to hear from you! To apply, share your resume with hr@globalshala.com or reach out directly on LinkedIn.\nLet\u2019s build the future together!\n \nBest Regards,\n GlobalShala\n \n#Hiring #GlobalShala #MarketingJobs #FreshersWelcome #JoinUs #WorkFromHome", "total_likes": 26}, {"article_link": null, "image": null, "posted_on": {"day": 9, "month": 10, "year": 2024}, "text": "Subject: Exciting Job Opportunities at GlobalShala! \ud83c\udf0d\n\nDear LinkedIn Network,\nWe are thrilled to announce that GlobalShala is expanding our team! We are currently looking for talented professionals to fill the following full-time, remote positions:\nFull Stack Developer\nUI/UX Designer\nData Analyst\nPython Developer\nAt GlobalShala, we are committed to fostering a diverse and inclusive work environment. If you\u2019re passionate about technology and innovation, we would love to hear from you!\nWhy Join Us?\nWork in a collaborative, remote-first culture\nEngage with a global team of forward-thinkers\nContribute to impactful projects that make a difference\nInterested candidates can send their resumes to hr@globalshala.com or reach out directly via LinkedIn. Feel free to share this post with anyone who might be a great fit!\nLet\u2019s shape the future together!", "total_likes": 18}, {"article_link": null, "image": null, "posted_on": {"day": 2, "month": 10, "year": 2024}, "text": "\ud83c\udf1f Exciting Opportunity Alert! \ud83c\udf1f\nWe\u2019re looking for a University Relations Associate to join our dynamic team! \ud83c\udf93\u2728\nIf you\u2019re passionate about building connections, creating impactful marketing strategies and engaging with future students, this might be your perfect role!\n\n\ud83d\udd0d Key Responsibilities:\nDevelop a university marketing strategy\nAttend education expos and hiring fairs across India and beyond \ud83c\udf0d\nConduct market research and establish partnerships \ud83e\udd1d\nLead training seminars for agent counselors\nSupport university staff during their visits to India \n\nWhat We\u2019re Looking For:\nStrong project management skills\nExcellent interpersonal and communication abilities \ud83d\udcac\nProven experience in PR, marketing, or hospitality\nWillingness to travel \u2708\ufe0f\nPerks Include:\nWork from home flexibility \ud83c\udfe1\nTravel reimbursement\nReady to take the next step in your career? Apply now and help shape the future of education! \ud83d\ude80\n#JobOpportunity #UniversityRelations #Marketing #Education #CareerGrowth", "total_likes": 26}, {"article_link": null, "image": "https://media.licdn.com/dms/image/v2/D4D05AQE8Ygvv2VBTIA/videocover-high/videocover-high/0/1721985769042?e=2147483647&v=beta&t=wW3hhApiNB5sz2i1zJ6_ulPQWSZ21HoIqqOCnO2q17Y", "posted_on": {"day": 23, "month": 8, "year": 2024}, "text": "\ud83c\udf1f Spotlight on Our Enrollment Officers: Transforming Futures Worldwide! \ud83c\udf1f\n\nAt Globally Recruit, we're committed to creating transformative experiences for students around the globe. Our exceptional enrolment officers are embarking on a journey to the USA, where they'll be at the forefront of Orientation Week at our prestigious partner universities. Their mission? To be the cornerstone of support for international students, ensuring their transition is seamless and inspiring.\nOur Enrolment officers are not just mentors, they're architects of future success. By guiding students through their new academic and cultural landscapes, they\u2019re fostering a welcoming, inclusive environment that resonates with possibility and hope. This incredible journey grants our team unparalleled global exposure, enriching their professional expertise and personal growth.\nA heartfelt thank you to our Enrolment officers for their unwavering dedication and impactful work. Together, we're not just making a difference \u2013 we're transforming lives and building a brighter future!\n \n#GloballyRecruit #StudentSuccessAdvisors #GlobalImpact #OrientationWeek #HigherEducation #StudentSupport #TransformingFutures\n#Enrollmentofficers", "total_likes": 46}, {"article_link": null, "image": "https://media.licdn.com/dms/image/v2/D4D22AQHFQm8XCU4SUA/feedshare-shrink_800/feedshare-shrink_800/0/1709893129177?e=2147483647&v=beta&t=JyLSoP8yBKzaostgHuW8jkpNSvWAoXxDxcvQ1mrrVrc", "posted_on": {"day": 23, "month": 3, "year": 2024}, "text": "Happy International Women's Day! \ud83c\udf1f \nToday, let's shine a spotlight on the incredible women of GlobalShala Globally Recruit, Excelerate and beyond! Your leadership, creativity, and resilience inspire us all. Together, let's celebrate togetherness, breaking barriers and creating pathways for women to excel in every sector. \nHere's to a world where every woman's potential is realized. \n#GlobalShala\n#GloballyRecruit\n#Excelerate\n#AllWomensDay", "total_likes": 37}, {"article_link": null, "image": "https://media.licdn.com/dms/image/v2/D4D05AQG0MFtQOHT5jw/videocover-high/videocover-high/0/1709183021838?e=2147483647&v=beta&t=5Ul4akZ2R_D1JNLw4F6jZja53Awapy3HGPMMRtd3Am0", "posted_on": {"day": 23, "month": 3, "year": 2024}, "text": "\" Be yourself, love yourself, and remember that your uniqueness is your power \"\n\nAs we close the book on February, let's reflect on the love and gratitude we've shared with ourselves and each other.\nIt's not just about Valentine's Day; it's about celebrating every day, every moment, and every person that brings joy into our lives. \n\nCheers to embracing our uniqueness, spreading kindness, and fostering love for self and everyone around. as we leap into March with open hearts and a zest of life.\n\n#sharethelove #february2024 #selflove #happinessatwork #happinesswithin", "total_likes": 29}, {"article_link": null, "image": null, "posted_on": {"day": 23, "month": 2, "year": 2024}, "text": "\" Our Limit is Beyond Sky \"\n\nAs we end the first month of year 2024, all of us are set with goals and targets for the year. That's a good things. However, setting targets doesn't mean setting limits to oneself. So, this year let's try to do more, grow more and achieve more. Let's break constraints and strive above the perceived possibilities. Afterall, why keep sky as limit. Sky is boundless, so let's push forward to find what's beyond. Shall we?\u2728\ufe0f\n\nWe at GlobalShala believe in all our employees and their awesomeness, which we celebrated through townhall for the month of January making it one of the many more to come this year.\n\nA special congratulations for all the achievers and winners. \nSAGAR DEY Hetal Tharani varada Harshitha Saurabh Rana Nupur Mehta Gursimran Ahluwalia Siya Arora SAIKAT DEY Mahin Kousar Dakshita Khanna Deepti Jain Harsimar Kaur Chadha Raj Jirafe Bijoya Singha Deo Poonam Bhuria and  many many more \u2728\ufe0f\u2764\ufe0f\n\nHere's to a new year with endless possibilities. \n\n#globalshala #remotework #workplaceculture #workplacesuccess #employeeengagement #employeeappreciation #learningandgrowing #learninganddevelopment #newgoals #endlesspossibilities", "total_likes": 15}, {"article_link": null, "image": "https://media.licdn.com/dms/image/v2/D4D22AQH_6tSn-7H5mA/feedshare-shrink_2048_1536/feedshare-shrink_2048_1536/0/1701533423771?e=2147483647&v=beta&t=hk3QavVYZLUwmpfm7IBnpkWDvnvzYnRrSBlLBtH9AIQ", "posted_on": {"day": 23, "month": 12, "year": 2023}, "text": "From the technique to joyful work environments and goal-setting, Globalshala continuously devises strategies to boost employee engagement and satisfaction. We at Globalshala work on the mission to keep our relationships with employees strong, regardless of where we\u2019re working. In order to develop a focused, driven, and technologically knowledgeable workforce, Globalshala held one day Virtual Marathon challenge for all of its staff members and interns on 26th November 2023. \n\nThe motto was to encourage employees towards healthy lifestyle. The one completing the run with less time was considered as the \"Wellness Champion\" \ud83c\udfc6. At Globalshala, We believe The key to happiness is a good work-life balance.\n\n#workplacesuccess  #employeeproductivity  #training #learninganddevelopment  #employeeexperience  #employeeengagement  #organization", "total_likes": 17}, {"article_link": null, "image": "https://media.licdn.com/dms/image/v2/D4D22AQEkYJYD1pZ7DQ/feedshare-shrink_2048_1536/feedshare-shrink_2048_1536/0/1701088027011?e=2147483647&v=beta&t=U-v3-cdYcUKuemfKDkJR2wfPebBSA7tszlUDOfyp9Do", "posted_on": {"day": 23, "month": 11, "year": 2023}, "text": "Discovering the keys to increased productivity in the age of remote work! Globalshala consistently develops tactics to increase employee engagement and satisfaction, from implementing gamification and creating a happy work environment to defining SMART goals. In order to develop a focused, driven, and technologically knowledgeable workforce, Globalshala held a month-long \u201cStep-Up Challenge\u201d for all of its staff members and interns from October 9 to November 9, 2023. \nThe motto was to boost physical fitness and improve mental well-being. The one with highest steps was considered as the \"Wellness Champion\" \ud83c\udfc6.\n\nThe Results Of the Step-Up Challenge were-\n\nWinner: KARAN TIWARI \ud83e\udd47\n\n1st Runner-Up: Harshit Kulshrestha \ud83e\udd48\n\n2nd Runner-Up: Deeksha Singh Sachan  \ud83e\udd49\n\nAt Globalshala, we think that everyone can achieve a better lifestyle while having a great time along the way. \u2728\n\n #remotework  #workplacesuccess  #employeeproductivity  #training  #learninganddevelopment #employeeexperience #employeeengagement", "total_likes": 38}], "follower_count": 10089, "acquisitions": null, "exit_data": null, "extra": null, "funding_data": [], "categories": null, "customer_list": null}
