{"linkedin_internal_id": "33242739", "description": "Perfect placements. Rapid staffing. We are the foremost provider of exceptional HR solutions. We offer contract, temporary and permanent placement solutions for roles in finance and accounting, technology, marketing and creative, legal, and administrative and customer support. We deliver invaluable industry insights to our clients and commit wholeheartedly to training and mentoring our candidates.\n\nOur goal is to connect talented individuals with the job opportunities and employers they desire. Every day, we link over 5000 people to rewarding positions that utilize their skills and foster the development of new expertise for the future.", "website": "https://zexx.co.uk/Confidential", "industry": "Staffing and Recruiting", "company_size": [51, 200], "company_size_on_linkedin": 36164, "hq": {"country": "US", "city": "Greater New York City", "postal_code": "10007", "line_1": null, "is_hq": true, "state": "NY"}, "company_type": "PRIVATELY_HELD", "founded_year": 2015, "specialities": ["recruitment", "recruitment agency", "staffing", "hiring", "employment agency", "contract talent", "talent solutions", "Workforce solutions", " HR services", "Human resources", "Recruiting", "Recruitment"], "locations": [{"country": "US", "city": "Greater New York City", "postal_code": "10007", "line_1": null, "is_hq": true, "state": "NY"}, {"country": "GB", "city": "London", "postal_code": "WC2N 5DU", "line_1": null, "is_hq": false, "state": "London"}, {"country": "CA", "city": "Toronto", "postal_code": "M5C 1J4", "line_1": null, "is_hq": false, "state": "Ontario"}], "name": "Confidential", "tagline": "Helping you find skilled candidates, in-demand jobs, and solutions you need to do your best work.", "universal_name_id": "goconfidentia", "profile_pic_url": "https://s3.us-west-000.backblazeb2.com/proxycurl/company/goconfidentia/profile?X-Amz-Algorithm=AWS4-HMAC-SHA256&X-Amz-Credential=0004d7f56a0400b0000000001%2F20241120%2Fus-west-000%2Fs3%2Faws4_request&X-Amz-Date=20241120T045002Z&X-Amz-Expires=3600&X-Amz-SignedHeaders=host&X-Amz-Signature=dd98d6b1c71b5934ee0e71e6ee2fc090451ab281062c63981de1cbdbd8c2e8e0", "background_cover_image_url": "https://s3.us-west-000.backblazeb2.com/proxycurl/company/goconfidentia/cover?X-Amz-Algorithm=AWS4-HMAC-SHA256&X-Amz-Credential=0004d7f56a0400b0000000001%2F20241120%2Fus-west-000%2Fs3%2Faws4_request&X-Amz-Date=20241120T045002Z&X-Amz-Expires=3600&X-Amz-SignedHeaders=host&X-Amz-Signature=df4b14a3d2008f788f0af2b24facd5aeaf57202cd9c0f872271a07489e90139d", "search_id": "33242739", "similar_companies": [{"name": "Confidential", "link": "https://www.linkedin.com/company/zexxx", "industry": "IT Services and IT Consulting", "location": null}, {"name": "Confidential Government", "link": "https://sa.linkedin.com/company/confidentialgovernment", "industry": "Government Administration", "location": null}, {"name": "Confidential", "link": "https://www.linkedin.com/company/marg-erp9-ltd", "industry": null, "location": null}, {"name": "Public Investment Fund (PIF)", "link": "https://sa.linkedin.com/company/pifsaudi", "industry": "Financial Services", "location": "Riyadh 6121, Alnakheel District"}, {"name": "SDAIA | \u0633\u062f\u0627\u064a\u0627", "link": "https://sa.linkedin.com/company/sdaia-ksa", "industry": "Government Relations Services", "location": "Riyadh, Riyadh"}, {"name": "Elm Company", "link": "https://sa.linkedin.com/company/elm", "industry": "IT Services and IT Consulting", "location": "Riyadh, Central"}, {"name": "Zakat, Tax and Customs Authority", "link": "https://sa.linkedin.com/company/zatcasa", "industry": "Government Administration", "location": "Riyadh, Central Province"}, {"name": "Confidential", "link": "https://www.linkedin.com/company/pump-dynamics", "industry": "Industrial Automation", "location": null}, {"name": "Red Sea Global", "link": "https://sa.linkedin.com/company/red-sea-global", "industry": "Real Estate", "location": "Riyadh, Riyadh Province"}, {"name": "stc", "link": "https://sa.linkedin.com/company/stc", "industry": "Telecommunications", "location": "Riyadh, Riyadh"}], "affiliated_companies": [], "updates": [{"article_link": null, "image": null, "posted_on": {"day": 11, "month": 9, "year": 2024}, "text": "Mentorship can play a crucial role in shaping careers, offering guidance, support, and insights that might otherwise be hard to come by. Whether it's navigating complex challenges, expanding your network, or simply gaining confidence, a mentor can be a powerful ally in your professional journey. \n\nWe are curious to know how important you believe mentorship is for career advancement. \n\nShare your thoughts!", "total_likes": 261}, {"article_link": null, "image": null, "posted_on": {"day": 11, "month": 9, "year": 2024}, "text": null, "total_likes": 172}], "follower_count": 5354761, "acquisitions": null, "exit_data": null, "extra": null, "funding_data": [], "categories": null, "customer_list": null}
