{"linkedin_internal_id": "72094914", "description": "The best time to look for a job is when you're 'not looking' -- positioning students to find jobs before they need them.\n\nGet students hired faster than average [3 - 6 months] and start Return on Investment [ROI] sooner on the $40K+ tuition invested.  Teach students proven \ud835\uddef\ud835\ude02\ud835\ude00\ud835\uddf6\ud835\uddfb\ud835\uddf2\ud835\ude00\ud835\ude00 strategies from the new eBook, \ud835\uddda\ud835\uddf2\ud835\ude01 \ud835\udddb\ud835\uddf6\ud835\uddff\ud835\uddf2\ud835\uddf1 \ud835\uddd9\ud835\uddee\ud835\ude00\ud835\ude01: \ud835\uddd9\ud835\uddf6\ud835\ude03\ud835\uddf2 \ud835\uddd9\ud835\uddfc\ud835\uddf0\ud835\ude02\ud835\ude00 \ud835\uddd4\ud835\uddff\ud835\uddf2\ud835\uddee\ud835\ude00.\n\n\u00b9\ud835\uddda\ud835\uddff\ud835\uddee\ud835\uddf1\ud835\ude02\ud835\uddee\ud835\ude01\ud835\uddf2\ud835\ude00: Apply for the 11 Mentor Minutes \u27a4 https://www.linkedin.com/redir/suspicious-page?url=https%3A%2F%2Fbookofexperts%2ecom%2Fe%2Fbernie-floresca\n\n\u00b2\ud835\uddd6\ud835\uddee\ud835\uddff\ud835\uddf2\ud835\uddf2\ud835\uddff \ud835\udde6\ud835\uddf2\ud835\uddff\ud835\ude03\ud835\uddf6\ud835\uddf0\ud835\uddf2\ud835\ude00 Directors / Administrators: Send me a DM for a quick chat to see if we could \n\n\u2714\ufe0f  Capitalize on shifting college relevance [that effectively thrusts career center results to the forefront],\n\u2714\ufe0f  Boost your graduate-to-hired ratios, \n\u2714\ufe0f  Increase students' confidence, and\n\u2714\ufe0f  Make students' job search less tiring with better results.\n\nSee #OneMinute tips #GraduateToHired. \n\ud83d\udca1 https://www.youtube.com/user/berniefloresca\n", "website": "http://www.BernieFloresca.com", "industry": "Higher Education", "company_size": [0, 1], "company_size_on_linkedin": 1, "hq": {"country": "US", "city": "Chicago", "postal_code": "60611", "line_1": null, "is_hq": true, "state": "IL"}, "company_type": "SELF_EMPLOYED", "founded_year": 2020, "specialities": ["LinkedIn", "Job Search", "Branding", "Networking", "Career Services", "Marketing", "Business Relations", "Business Strategies"], "locations": [{"country": "US", "city": "Chicago", "postal_code": "60611", "line_1": null, "is_hq": true, "state": "IL"}], "name": "Graduate To Hired", "tagline": "Helping new graduates easily get hired fast; positioning students to find jobs when they don't need them", "universal_name_id": "graduatetohired", "profile_pic_url": "https://media.licdn.com/dms/image/v2/C4D0BAQHeTHLHaCjfJA/company-logo_400_400/company-logo_400_400/0/1636664611203/graduatetohired_logo?e=1740009600&v=beta&t=vCmmGaPSIenHpmsg5ihAvo_bPW2bjh0px6H53LNH8bY", "background_cover_image_url": "https://media.licdn.com/dms/image/v2/C4D1BAQHNlKnm3RwYyQ/company-background_200/company-background_200/0/1636663703626/graduatetohired_cover?e=1732687200&v=beta&t=F2VAYMYcp1epNEp7G4PtJrBHgABnbLovf-2mDPv4MmE", "search_id": "72094914", "similar_companies": [{"name": "Scarlet C Suite Program Illinois Tech", "link": "https://www.linkedin.com/company/csuiteprogramiit/", "industry": "Higher Education", "location": null}, {"name": "Hire A  Graduate", "link": "https://www.linkedin.com/company/hire-a-graduate/", "industry": "Technology, Information and Internet", "location": null}, {"name": "Muni Health", "link": "https://www.linkedin.com/company/muni-health/", "industry": "Software Development", "location": null}, {"name": "WORLD SYSTEM BUILDER", "link": "https://www.linkedin.com/company/worldsystembuilder/", "industry": "Financial Services", "location": null}, {"name": "Ampronix", "link": "https://www.linkedin.com/company/ampronix/", "industry": "Medical Device", "location": null}, {"name": "Matrix Executions", "link": "https://www.linkedin.com/company/matrix-executions/", "industry": "Financial Services", "location": null}, {"name": "CaseNine - Salesforce Partner", "link": "https://www.linkedin.com/company/casenine/", "industry": "IT Services and IT Consulting", "location": null}, {"name": "MarketScale", "link": "https://www.linkedin.com/company/marketscale/", "industry": "Media Production", "location": null}, {"name": "Shirley Ryan AbilityLab", "link": "https://www.linkedin.com/company/shirley-ryan-abilitylab/", "industry": "Hospitals and Health Care", "location": null}, {"name": "Oliveboard", "link": "https://www.linkedin.com/company/oliveboard/", "industry": "E-Learning Providers", "location": null}, {"name": "Robert Bosch Tool Corporation NA", "link": "https://www.linkedin.com/company/robert-bosch-tool-corporation/", "industry": "Manufacturing", "location": null}, {"name": "Kin Insurance", "link": "https://www.linkedin.com/company/kin-insurance/", "industry": "Insurance", "location": null}, {"name": "AGI - Ag Growth International", "link": "https://www.linkedin.com/company/aggrowthinternational/", "industry": "Industrial Machinery Manufacturing", "location": null}, {"name": "JLL", "link": "https://www.linkedin.com/company/jll/", "industry": "Real Estate", "location": null}], "affiliated_companies": [], "updates": [{"article_link": "https://www.linkedin.com/posts/graduatetohired_longevityliteracy-30millionfamiliesfinanciallyeducated-activity-7263937680093122560-2guW", "image": "https://media.licdn.com/dms/image/v2/D5622AQHRejuQqq3zYg/feedshare-shrink_2048_1536/feedshare-shrink_2048_1536/0/1731857698984?e=1735171200&v=beta&t=oPkyS4tZXCklQNaEq8HArb409lGhOgHbUlnvFWlMcxc", "posted_on": {"day": 18, "month": 11, "year": 2024}, "text": "\ud835\udde7\ud835\uddf5\ud835\uddf6\ud835\uddfb\ud835\uddf4\ud835\ude00 \ud835\udddc \ud835\uddf1\ud835\uddf6\ud835\uddf1\ud835\uddfb'\ud835\ude01 \ud835\uddf9\ud835\uddf2\ud835\uddee\ud835\uddff\ud835\uddfb \ud835\uddee\ud835\uddf3\ud835\ude01\ud835\uddf2\ud835\uddff \ud835\ude06\ud835\uddf2\ud835\uddee\ud835\uddff\ud835\ude00 \ud835\uddf6\ud835\uddfb \ud835\uddf0\ud835\uddfc\ud835\uddff\ud835\uddfd\ud835\uddfc\ud835\uddff\ud835\uddee\ud835\ude01\ud835\uddf2 \ud835\uddee\ud835\uddfb\ud835\uddf1 \ud835\uddf5\ud835\uddf6\ud835\uddf4\ud835\uddf5\ud835\uddf2\ud835\uddff \ud835\uddf2\ud835\uddf1\ud835\ude02\ud835\uddf0\ud835\uddee\ud835\ude01\ud835\uddf6\ud835\uddfc\ud835\uddfb (\ud835\uddf6\ud835\uddff\ud835\uddfc\ud835\uddfb\ud835\uddf6\ud835\uddf0\ud835\uddee\ud835\uddf9\ud835\uddf9\ud835\ude06) [Part 2]\nIf you can't work indefinitely, how will you provide?\n\nWhether your entire career is before you or you're about to retire (read on to ADL), have you an answer?\n\nI looked at the person who asked me that, (my face a big question mark as) I sheepishly said, \"Family?\" https://lnkd.in/gq3ZjD8D\n\n[What about people without family?]\n\nSome terms ...\n\nActivities of Daily Living (ADL): life  tasks like bathing, continence, dressing, eating, toileting, transferring.\n\nLong-Term Care refers to a range of services for individuals who can no longer perform at least two ADL independently. \n\nI never thought of the above scenario.\n\nI most certainly didn't think of not being able to work indefinitely in my twenties!\n\nDid you?\n\nIn uncertain times ...\n\n\u2705 Do my Employer benefits (or other sources) cover catastrophic health expenses?\n\n\u2705 What other options exist?\n\n\u2705 What are family scenario implications?\n\n\u2705 If the worst happened, what would my quality of life (care at home / facility) be?\n\n[You'll have more options if you consider these when you're NOT in need].\n\nJust like I tell job seekers, the best time to look is when you're not looking ...\n\nGetting my drift?\n\n#LongevityLiteracy  \n#30MillionFamiliesFinanciallyEducated  \nWSB Oakbrook Financial Education Center WORLD SYSTEM BUILDER\n\nRelated: https://lnkd.in/gfUu6bam\n\nPexels Credit: j.mt_photography\n\n#Results #JobSearch\n#EmployeeBenefits #PersonalFinance #NewJob #employee\n#credit #Insurance #LifeInsurance #PersonalFinance\n#investing #investment #investments #retirement\n#FinancialLiteracy #FinancialEducation #FinancialHygiene\n#BusinessTactics #college #CollegeGrad #CollegeGraduate #CollegesAndUniversities #careers #education #internship\n#networking #BusinessRelations", "total_likes": 3}, {"article_link": "https://www.linkedin.com/posts/graduatetohired_resume-linkedin-jobsearch-activity-7262460945141047296-GU3f", "image": "https://media.licdn.com/dms/image/v2/D5622AQH3SujkUWfBpg/feedshare-shrink_2048_1536/feedshare-shrink_2048_1536/0/1731505617786?e=1735171200&v=beta&t=4zs7o7OPY0v5j8Er5t5huac6Fp0tnv9MEK1yO9c60SM", "posted_on": {"day": 14, "month": 11, "year": 2024}, "text": "After previous #Resume work with Career Services ...\nCoaching: How about you post your summary in that same post\nThat way, it's not just an \"empty\" call for help -- you actually \ud835\uddf4\ud835\uddf6\ud835\ude03\ud835\uddf2 \ud835\ude01\ud835\uddf5\ud835\uddf2\ud835\uddfa \ud835\uddf6\ud835\uddfb\ud835\uddf3\ud835\uddfc \ud835\ude01\ud835\uddfc \ud835\uddf5\ud835\uddf2\ud835\uddf9\ud835\uddfd \ud835\ude06\ud835\uddfc\ud835\ude02 #LinkedIn #JobSearch\n\nDaniel Larimer https://lnkd.in/geg6hE7m\nHi everyone -I am a B.S. Aerospace Engineering Student, currently developing CPDGNSS and IMU data processing MATLAB algorithms for a NASA research grant. I improved drone maneuverability by 15% through PID controller and 6 DoF simulations, obtained DOP matrices over 24 hrs for code-based GPS tracking demonstrating reliability of GPS to within 6 m over entire 24 hr period and designed ground-based tracking systems for aircraft while reducing measurement error to 10m. I cut controller response time and overshoot in half through implementation of feed-forward PID controller, improved servo control response through implementation of DOE, and developed inertial tracking algorithms that reduced angle measurement error by 5 degrees. I have supported program reviews while holding meetings with program leaders for multi-million dollar projects.\u00a0I am currently looking to start a full time job in the aerospace industry next summer! #OpenToWork\n\nRelated: https://lnkd.in/g3VxQyHn [Access https://lnkd.in/gnQGpZW8]\n\n#Results\n#EmployeeBenefits #PersonalFinance #NewJob #credit #Insurance #LifeInsurance #PersonalFinance\n#investing #investment #investments #retirement\n#FinancialLiteracy #FinancialEducation #FinancialHygiene\n#BusinessTactics #college #CollegeGrad #CollegeGraduate #CollegesAndUniversities #careers #education #internship\n#networking #BusinessRelations", "total_likes": 6}, {"article_link": "https://www.linkedin.com/posts/graduatetohired_jobsearch-graduatetohired-activity-7261405927071723520-X5fB", "image": null, "posted_on": {"day": 13, "month": 11, "year": 2024}, "text": null, "total_likes": 0}, {"article_link": "https://www.linkedin.com/posts/graduatetohired_results-jobsearch-employeebenefits-activity-7256305449874927618-TQlz", "image": null, "posted_on": {"day": 30, "month": 10, "year": 2024}, "text": "BERNIE FLORESCA, M.Sc., Growth Catalyst", "total_likes": 0}, {"article_link": "https://www.linkedin.com/posts/graduatetohired_careerfair-resume-resume-activity-7242519998005444609-qbjg", "image": "https://media.licdn.com/dms/image/v2/D5622AQG8Pg9I69Ae3A/feedshare-shrink_2048_1536/feedshare-shrink_2048_1536/0/1726751324706?e=1735171200&v=beta&t=tn8ivl4BEepeZNyNTm6kh5wYKN0Dgsl4E_sbS5aBTIs", "posted_on": {"day": 20, "month": 9, "year": 2024}, "text": "#CareerFair #Resume What do successfully employed Illinois Institute of Technology alum, Kojo Baah, Nelia Borlu, Tony Acosta Hernandez, Marilyn Flowers, and Marut Pandya have in common?\nTomorrow, \ud835\uddd9\ud835\uddff\ud835\uddf6 \ud835\udff5/\ud835\udfee\ud835\udfec \ud835\udfed\ud835\udfed\ud835\uddd4\ud835\udde0 Register https://lnkd.in/gsdz-ey9\n\ud835\uddea\ud835\uddfc\ud835\uddff\ud835\uddf8\ud835\ude00\ud835\uddf5\ud835\uddfc\ud835\uddfd: \ud835\udde5\ud835\uddf2\ud835\ude00\ud835\ude02\ud835\uddfa\ud835\uddf2 Series [Friday, 9/6, 9/13, 9/20]\n[Exclusive links access: https://lnkd.in/g_89mTFy]\nLecturer: BERNIE FLORESCA, M.Sc., Growth Catalyst\n\nThey all finely crafted their resumes to get the interview!\n\nKojo, \u2018guided me to highlight my \u201cwow-factors\u201d and drew my attention to things I didn\u2019t consider important enough to exhibit\u00a0... he insisted I do my research and homework, with resources ... provided'\n\nTony, \u201cimproved greatly on my resume, helping me outline the skills and projects I'd gained through my experiences at IIT on my resume in a clear, concise, and impactful way ... made up for my lack of professional work in the IT industry.\u201d\n\nMarut, \"... in shaping my resume, ensuring that it effectively highlighted my strengths and experiences.\"\n\nMarilyn, \"\u00a0My resume had an abundance of background information and experience, but he helped me present my best and most genuine self.\"\nhttps://lnkd.in/g3gM5Hrn https://lnkd.in/g-QD55S3\n\n\n#\ud835\udde5\ud835\uddf2\ud835\ude00\ud835\ude02\ud835\uddfa\ud835\uddf2 \ud835\uddd7\ud835\uddf2\ud835\ude00\ud835\uddf6\ud835\uddf4\ud835\uddfb \ud835\udde3\ud835\uddff\ud835\uddf6\ud835\uddfb\ud835\uddf0\ud835\uddf6\ud835\uddfd\ud835\uddf9\ud835\uddf2\ud835\ude00\n1\ufe0f\u20e3 Think like the Hiring manager and their Job Description. Ensure that resume highlights results / accomplishments (relative to Job Description), NOT task descriptions.\n\n2\ufe0f\u20e3 HR/Hiring managers have LITTLE TIME.\u00a0Structure resume to give manager \ud835\uddf2\ud835\uddee\ud835\ude00\ud835\ude06/\ud835\uddf3\ud835\uddee\ud835\ude00\ud835\ude01 \ud835\uddee\ud835\uddf0\ud835\uddf0\ud835\uddf2\ud835\ude00\ud835\ude00 \ud835\ude01\ud835\uddfc \ud835\uddff\ud835\uddf2\ud835\uddf9\ud835\uddf2\ud835\ude03\ud835\uddee\ud835\uddfb\ud835\ude01 \ud835\uddf6\ud835\uddfb\ud835\uddf3\ud835\uddfc (relative to Job Description) SOONER; do NOT waste their 'reading time.'\n\n3\ufe0f\u20e3 A resume tailored to Job Description with results/accomplishments\u00a0is prep work to nail interview.\n\n4\ufe0f\u20e3 It's\u00a0your #JobSearch, consider advice but\u00a0it's YOUR call.\n\nFor \ud835\uddd8\ud835\uddf3\ud835\uddf3\ud835\uddf2\ud835\uddf0\ud835\ude01\ud835\uddf6\ud835\ude03\ud835\uddf2 Resume\n1. Go to the Index https://lnkd.in/gWDdATsB\n\n2. Under #Resume listen to at least (1) of (8) Resume Group Workshop sessions [Scroll to bottom of Playlist for Resume Workshops https://lnkd.in/gY2dJGQ6]\n\n3. Study Case Study Old/Better 1, 2, 3, 4, 5, 6, 7, and 8\n\n4. Use #AI ChatGPT Gemini Perplexity.ai to refine bullets\nhttps://lnkd.in/g9GSTyp2\nhttps://lnkd.in/gtpDxDtj\nhttps://lnkd.in/dxtnc22v\n\n5. Bring revised resume as the starting point for your appointment\n\nOPTIONAL FOLLOW-UP\n6. For follow-up resume appointments https://lnkd.in/gn3_dq_p\n\nRelated: https://lnkd.in/gwBDDE8w\n\ud835\udde3\ud835\uddff\ud835\uddee\ud835\uddf0\ud835\ude01\ud835\uddf6\ud835\uddf0\ud835\uddf2: https://lnkd.in/gSacuaJh https://lnkd.in/gV_RqPj8\n\n#EmployeeBenefits #PersonalFinance #NewJob #employee\n#credit #Insurance #LifeInsurance #PersonalFinance\n#investing #investment #investments #retirement\n#FinancialLiteracy #FinancialEducation #FinancialHygiene\n#BusinessTactics #college #CollegeGrad #CollegeGraduate #CollegesAndUniversities #careers #education #internship\n#networking #BusinessRelations", "total_likes": 4}, {"article_link": "https://www.linkedin.com/posts/graduatetohired_effective-linkedin-1-job-search-activity-7259211057657708544-MEcl", "image": null, "posted_on": {"day": 6, "month": 11, "year": 2024}, "text": "Bhavesh Rajesh Talreja\nMariana Sanchez Badillo\nAkheel Abbas S. CMIT, OSHA\nJason Zhou\nManoj Viswanathan", "total_likes": 2}], "follower_count": 198, "acquisitions": null, "exit_data": null, "extra": null, "funding_data": [], "categories": null, "customer_list": null}
