{"linkedin_internal_id": "18077", "description": "We are the first partner for founders. Over 80% of our investments are the first check: Pre-Seed, Seed, or Series A. Many start on a whiteboard. Focused on AI-first companies. We partner selectively, care deeply, and strive for excellence. \n\nWe back founders who are building disruptive enterprise and consumer software companies such as: Airbnb (Nasdaq: ABNB), Abnormal Security, Adept AI, AppDynamics, Arista Networks (NYSE: ANET), CATO Networks, Coinbase (Nasdaq: COIN), Discord, Dropbox (Nasdaq: DBX), Figma, Inflection, Instabase, LinkedIn, Meta (Nasdaq: Meta), Nextdoor (NYSE: KIND), Okta (Nasdaq: OKTA), Palo Alto Networks (NYSE: PANW), Roblox (NYSE: RBLX), Rubrik, and Workday (NYSE: WDAY).", "website": "http://www.greylock.com", "industry": "Financial Services", "company_size": [51, 200], "company_size_on_linkedin": 133, "hq": {"country": "US", "city": "Menlo Park", "postal_code": "94025", "line_1": "2550 Sand Hill Road", "is_hq": true, "state": "CA"}, "company_type": "PARTNERSHIP", "founded_year": 1965, "specialities": ["early stage venture capital", "seed capital and growth capital"], "locations": [{"country": "US", "city": "Menlo Park", "postal_code": "94025", "line_1": "2550 Sand Hill Road", "is_hq": true, "state": "CA"}, {"country": "US", "city": "Burlington", "postal_code": "01803", "line_1": "2400 District Ave", "is_hq": true, "state": "Massachusetts"}, {"country": "US", "city": "San Francisco", "postal_code": "94105", "line_1": "140 New Montgomery St", "is_hq": true, "state": "California"}], "name": "Greylock", "tagline": "We are the first partner for tech founders. Focused on AI-first companies in enterprise and consumer software. ", "universal_name_id": "greylock-partners", "profile_pic_url": "https://s3.us-west-000.backblazeb2.com/proxycurl/company/greylock-partners/profile?X-Amz-Algorithm=AWS4-HMAC-SHA256&X-Amz-Credential=0004d7f56a0400b0000000001%2F20241120%2Fus-west-000%2Fs3%2Faws4_request&X-Amz-Date=20241120T053118Z&X-Amz-Expires=3600&X-Amz-SignedHeaders=host&X-Amz-Signature=c9498d41d15d287b2bfcbf85ee234185eb0e43cfc19fbfd1529a5ff608b37541", "background_cover_image_url": "https://s3.us-west-000.backblazeb2.com/proxycurl/company/greylock-partners/cover?X-Amz-Algorithm=AWS4-HMAC-SHA256&X-Amz-Credential=0004d7f56a0400b0000000001%2F20241120%2Fus-west-000%2Fs3%2Faws4_request&X-Amz-Date=20241120T053118Z&X-Amz-Expires=3600&X-Amz-SignedHeaders=host&X-Amz-Signature=39e8bf9133fd65526a8e09a97cfbae1c1dc792ff647770ff08f50b3307db514c", "search_id": "18077", "similar_companies": [{"name": "Inflection AI", "link": "https://www.linkedin.com/company/inflectionai/", "industry": "Software Development", "location": null}, {"name": "Sequoia Capital", "link": "https://www.linkedin.com/company/sequoia/", "industry": "Venture Capital and Private Equity Principals", "location": null}, {"name": "Neeva", "link": "https://www.linkedin.com/company/neevaco/", "industry": "Technology, Information and Internet", "location": null}, {"name": "Andreessen Horowitz", "link": "https://www.linkedin.com/company/a16z/", "industry": "Venture Capital and Private Equity Principals", "location": null}, {"name": "Accel", "link": "https://www.linkedin.com/company/accel-vc/", "industry": "Venture Capital and Private Equity Principals", "location": null}, {"name": "Lightspeed", "link": "https://www.linkedin.com/company/lightspeed-venture-partners/", "industry": "Venture Capital and Private Equity Principals", "location": null}, {"name": "Google DeepMind", "link": "https://www.linkedin.com/company/googledeepmind/", "industry": "Research Services", "location": null}, {"name": "Kleiner Perkins", "link": "https://www.linkedin.com/company/kleinerperkins/", "industry": "Venture Capital and Private Equity Principals", "location": null}, {"name": "Khosla Ventures", "link": "https://www.linkedin.com/company/khosla-ventures/", "industry": "Venture Capital and Private Equity Principals", "location": null}, {"name": "Bessemer Venture Partners", "link": "https://www.linkedin.com/company/bessemer-venture-partners/", "industry": "Venture Capital and Private Equity Principals", "location": null}, {"name": "Index Ventures", "link": "https://www.linkedin.com/company/index-ventures/", "industry": "Venture Capital and Private Equity Principals", "location": null}, {"name": "General Catalyst", "link": "https://www.linkedin.com/company/general-catalyst/", "industry": "Venture Capital and Private Equity Principals", "location": null}, {"name": "Reos Partners", "link": "https://www.linkedin.com/company/reospartners/", "industry": "Business Consulting and Services", "location": null}, {"name": "First Round Capital", "link": "https://www.linkedin.com/company/first-round-capital/", "industry": "Venture Capital and Private Equity Principals", "location": null}, {"name": "Bain Capital Ventures", "link": "https://www.linkedin.com/company/bain-capital-ventures/", "industry": "Venture Capital and Private Equity Principals", "location": null}, {"name": "Insight Partners", "link": "https://www.linkedin.com/company/insight--partners/", "industry": "Venture Capital and Private Equity Principals", "location": null}, {"name": "GV (Google Ventures)", "link": "https://www.linkedin.com/company/googleventures/", "industry": "Venture Capital and Private Equity Principals", "location": null}, {"name": "Founders Fund", "link": "https://www.linkedin.com/company/the-founders-fund/", "industry": "Venture Capital and Private Equity Principals", "location": null}, {"name": "Snowflake", "link": "https://www.linkedin.com/company/snowflake-computing/", "industry": "Software Development", "location": null}, {"name": "Microsoft", "link": "https://www.linkedin.com/company/microsoft/", "industry": "Software Development", "location": null}], "affiliated_companies": [{"name": "Adept", "link": "https://www.linkedin.com/company/adeptai/", "industry": "Software Development", "location": null}], "updates": [{"article_link": "https://www.linkedin.com/posts/greylock-partners_a-1-billion-commitment-to-day-one-greylock-activity-7115014789315129346-DeLr", "image": null, "posted_on": {"day": 16, "month": 11, "year": 2023}, "text": "We - Greylock - have a long history of partnering with founders starting at day one through IPO. We are excited to share new steps in that effort:\n\n1/ Fund 17, our newest $1B early-stage fund focused on Pre-Seed, Seed, and Series A founders in enterprise & consumer software - specifically AI-first companies across Cyber, Infra, SaaS, Consumer, Marketplaces & Commerce, and Fintech & Crypto. \n\n2/ Edge, a bespoke program to help founders initiate new companies by harnessing the full potential of Greylock\u2019s resources & expertise. Our team works directly with founders to brainstorm & iterate foundational decisions with fully flexible financing options. (visit greylock.com/edge for more info)\n\nWe are privileged to be early partners to Airbnb, AppDynamics, LinkedIn, Meta, Palo Alto Networks, Okta, Workday and more recently, Abnormal Security, Cato Networks, Discord, Figma, Lyra Health and Rubrik. We can't wait to help the next gen of founders go from idea to iconic.", "total_likes": 426}, {"article_link": "https://www.linkedin.com/posts/greylock-partners_when-alexander-ratner-joined-the-stanford-activity-7262144809962733571-12mX", "image": "https://media.licdn.com/dms/image/v2/D5622AQEanla704LBRg/feedshare-shrink_2048_1536/feedshare-shrink_2048_1536/0/1731430245166?e=1734566400&v=beta&t=DA73K5Yyjnudy2TVu9U8pql7TLfAB2fV-3AutCvUAFA", "posted_on": {"day": 13, "month": 11, "year": 2024}, "text": "When Alexander Ratner joined the Stanford Artificial Intelligence Lab as a PhD student in 2014, he planned on spending most of his time researching better machine learning modeling techniques and algorithms. But soon after starting in the lab, a variety of people from across the Stanford campus began coming to him with similar requests: help with labeling and curating training data.\n\n\u201cAt first, we ignored these requests, thinking - like most did in AI then - that this wasn\u2019t our problem,\u201d says Ratner. \u201cLabeling and developing the data used for training and evaluating AI models was viewed as an upstream janitorial task. All people cared about in AI was the fancy new model.\u201d\n\nTurns out, the process of training models with the right data became far more important than Ratner and his team initially surmised. He now regards data to be the deciding factor in whether an ML project succeeds or fails.\n\nToday, Snorkel AI, which Ratner and four colleagues spun out of SAIL in 2019, works with everyone from Memorial Sloan Kettering to Wayfair to seven of the top US banks. In each case, Snorkel has helped shrink the time to prepare and label raw data from months down to just weeks.\n\nRead on for more about Snorkel's journey, and how the company stayed true to their original insight of the importance of the data during the GenAI boom. \n\nhttps://bit.ly/4fKtDQ2", "total_likes": 79}, {"article_link": "https://www.linkedin.com/posts/leehaney_ai-makes-great-demos-look-easy-but-production-activity-7261403987726213120-4uaq", "image": "https://media.licdn.com/dms/image/v2/D5622AQFo9KVRdtjvTg/feedshare-shrink_2048_1536/feedshare-shrink_2048_1536/0/1731083529815?e=1734566400&v=beta&t=2ltuiYlg2T884qF4goRm83nj7qLzBpQ7XItE6Tsfp0Q", "posted_on": {"day": 11, "month": 11, "year": 2024}, "text": "AI Makes Great Demos Look Easy \u2014 But Production Use Cases are HARD\n\nSure, AI demos can be impressive, but enterprises want to see consistent, production-quality AI use cases. Especially in regulated industries, scaling AI requires solid foundations \u2014 data architecture, governance, and privacy \u2013 with the fastest enterprises having already started tackling challenges back before AI was a household term. If AI pilots aren\u2019t showing clear ROI quickly, enterprises will quickly shut them down and focus energy on what\u2019s working.\n\nhttps://lnkd.in/gQ9NANcC", "total_likes": 352}, {"article_link": "https://www.linkedin.com/posts/greylock-partners_todays-newsletter-highlights-our-latest-activity-7262517786273296384-OuGI", "image": null, "posted_on": {"day": 14, "month": 11, "year": 2024}, "text": "Today's newsletter highlights our latest profile on Snorkel AI, which helps organizations like Memorial Sloan Kettering, Wayfair, and seven of the top US banks shrink the time to prepare and label raw training data from months down to just weeks. \n\nThe secret to their success in enterprise AI? The combination of focusing on the data and building based on customer feedback. \n\n\"It\u2019s this philosophy of listening to our customers and building in the field with them that drives us,\" says Alexander Ratner, CEO & co-founder of Snorkel. \n\nRead on for more about Snorkel's journey \ud83d\udc47", "total_likes": 29}, {"article_link": "https://www.linkedin.com/posts/greylock-partners_fall-conference-season-is-upon-us-if-youre-activity-7255602860334161920-GxCd", "image": null, "posted_on": {"day": 26, "month": 10, "year": 2024}, "text": "Fall conference season is upon us. If you're heading to TechCrunch Disrupt or Money20/20 next week, don't miss Greylock partners speaking at the following sessions: \n\n\u25fb  TechCrunch Disrupt (SF) \u25fb \nCorinne Marie Riley on What You Need to Raise a Series A (and Beyond) Today\nMonday, October 28: 9:30\u201310:10AM\nThe Builders Stage \nhttps://lnkd.in/gXkRrWdj\n\n\u25fb Money20/20 (Las Vegas)\u25fb \nSeth Rosenberg on Is AI Safe Enough to be used for Compliance? \nMonday, October 28: 3:55\u20144:25PM\nThe Sentient Stage\nhttps://lnkd.in/gqHtGv8G", "total_likes": 27}, {"article_link": "https://www.linkedin.com/posts/elisaschreiber_one-of-the-most-rewarding-parts-of-my-ugcPost-7262527475006492675-BMvb", "image": null, "posted_on": {"day": 14, "month": 11, "year": 2024}, "text": "\ud83c\udf1f One of the most rewarding parts of my role at Greylock is the opportunity to dig deep into the journeys of founders in our portfolio. Every founder story is unique, filled with moments of challenge, triumph, and relentless drive to innovate. Recently, we featured Alexander Ratner of Snorkel AI \u2014 a visionary whose passion and determination have shaped the company in remarkable ways. \n\nThese profiles offer a glimpse into the incredible people behind the tech shaping our future. If you\u2019re as passionate as we are about innovation and leadership, subscribe to the Greylock newsletter for regular updates on founder journeys, industry insights, and more stories from the front lines of startup life.\n\n\ud83d\udc49 Subscribe: https://lnkd.in/gkxgfrH6", "total_likes": 16}], "follower_count": 186895, "acquisitions": null, "exit_data": null, "extra": null, "funding_data": [], "categories": null, "customer_list": null}
