{"linkedin_internal_id": "8064", "description": "The Houston Independent School District is the largest public school system in Texas and the eighth largest in the United States. Its schools are dedicated to giving every student the best possible education through an intensive core curriculum and specialized, challenging instructional and career programs. HISD is working hard to become Houstonians'\u200b K\u201312 school system of choice, by constantly improving instruction and management to be as effective, productive, and economical as possible.", "website": "http://www.houstonisd.org", "industry": "Education Administration Programs", "company_size": [10001, null], "company_size_on_linkedin": 16334, "hq": {"country": "US", "city": "Houston", "postal_code": "77092-8501", "line_1": "4400 West 18th Street", "is_hq": true, "state": "Texas"}, "company_type": "EDUCATIONAL", "founded_year": 1879, "specialities": ["The Houston Independent School District exists to strengthen the social and economic foundation of Houston by assuring its youth the highest-quality elementary and secondary education available anywhere."], "locations": [{"country": "US", "city": "Houston", "postal_code": "77092-8501", "line_1": "4400 West 18th Street", "is_hq": true, "state": "Texas"}], "name": "Houston ISD", "tagline": "HISD EMPOWERS", "universal_name_id": "houston-isd", "profile_pic_url": "https://s3.us-west-000.backblazeb2.com/proxycurl/company/houston-isd/profile?X-Amz-Algorithm=AWS4-HMAC-SHA256&X-Amz-Credential=0004d7f56a0400b0000000001%2F20241120%2Fus-west-000%2Fs3%2Faws4_request&X-Amz-Date=20241120T045023Z&X-Amz-Expires=3600&X-Amz-SignedHeaders=host&X-Amz-Signature=69b9564bc3944923030b5a65f84a820fa4c6f1db7b9a7d8fd08325b106190e14", "background_cover_image_url": "https://s3.us-west-000.backblazeb2.com/proxycurl/company/houston-isd/cover?X-Amz-Algorithm=AWS4-HMAC-SHA256&X-Amz-Credential=0004d7f56a0400b0000000001%2F20241120%2Fus-west-000%2Fs3%2Faws4_request&X-Amz-Date=20241120T045023Z&X-Amz-Expires=3600&X-Amz-SignedHeaders=host&X-Amz-Signature=943311413ecf77b26554f6bee82fdc93f64ad8ab2bdef75d85bf9260b3194181", "search_id": "8064", "similar_companies": [{"name": "HISD Community Board", "link": "https://www.linkedin.com/company/hisdcommunityboard/", "industry": null, "location": null}, {"name": "Cypress-Fairbanks ISD", "link": "https://www.linkedin.com/company/cfisd/", "industry": "Education Management", "location": null}, {"name": "Spring Branch ISD", "link": "https://www.linkedin.com/company/spring-branch-isd/", "industry": "Education Administration Programs", "location": null}, {"name": "KIPP Texas Public Schools", "link": "https://www.linkedin.com/company/kipp-texas/", "industry": "Primary and Secondary Education", "location": null}, {"name": "Spring ISD", "link": "https://www.linkedin.com/company/springisd/", "industry": "Primary and Secondary Education", "location": null}, {"name": "YES Prep Public Schools", "link": "https://www.linkedin.com/company/yesprep/", "industry": "Primary and Secondary Education", "location": null}, {"name": "City of Houston", "link": "https://www.linkedin.com/company/city-of-houston/", "industry": "Government Administration", "location": null}, {"name": "Aldine ISD", "link": "https://www.linkedin.com/company/aldine-isd/", "industry": "Education Administration Programs", "location": null}, {"name": "Texas Education Agency", "link": "https://www.linkedin.com/company/texas-education-agency/", "industry": "Government Administration", "location": null}, {"name": "Klein ISD", "link": "https://www.linkedin.com/company/klein-isd/", "industry": "Primary and Secondary Education", "location": null}, {"name": "IDEA Public Schools", "link": "https://www.linkedin.com/company/idea-public-schools/", "industry": "Education Administration Programs", "location": null}, {"name": "Harris County", "link": "https://www.linkedin.com/company/harris-county/", "industry": "Government Administration", "location": null}, {"name": "Houston Methodist", "link": "https://www.linkedin.com/company/houston-methodist/", "industry": "Hospitals and Health Care", "location": null}, {"name": "Harmony Public Schools", "link": "https://www.linkedin.com/company/harmonypublicschools/", "industry": "Education Administration Programs", "location": null}, {"name": "Dallas Independent School District", "link": "https://www.linkedin.com/company/dallas-isd/", "industry": "Primary and Secondary Education", "location": null}, {"name": "Pearland ISD", "link": "https://www.linkedin.com/company/pearlandisd/", "industry": "Primary and Secondary Education", "location": null}, {"name": "HISD Student Support Services", "link": "https://www.linkedin.com/company/hisdstudentsupport/", "industry": "Education Administration Programs", "location": null}, {"name": "Humble ISD", "link": "https://www.linkedin.com/company/humble-isd/", "industry": "Primary and Secondary Education", "location": null}, {"name": "International Leadership of Texas", "link": "https://www.linkedin.com/company/iltexas/", "industry": "Education Administration Programs", "location": null}, {"name": "Harris County Department of Education", "link": "https://www.linkedin.com/company/harris-county-department-of-education/", "industry": "Education Management", "location": null}], "affiliated_companies": [], "updates": [{"article_link": "https://www.linkedin.com/posts/houston-isd_hiring-executivedirector-educationleadership-activity-7254606620813373442-32pu", "image": "https://media.licdn.com/dms/image/v2/D5622AQFiUSi4sZWoGA/feedshare-shrink_2048_1536/feedshare-shrink_2048_1536/0/1729633001007?e=1732752000&v=beta&t=GIF1kdjH835LsSuOK_MZJJs4P139SoZ5fpy1VAdvdbI", "posted_on": {"day": 22, "month": 10, "year": 2024}, "text": "\ud83d\ude80 Join Houston ISD as our next Executive Director of School Supports! \ud83d\udcda\n\nAre you passionate about student success, educational leadership, and making a meaningful impact? Houston ISD, the largest school district in Texas, is looking for an innovative and dedicated Executive Director of School Supports to lead initiatives that drive positive outcomes across our schools.\n\n\u2728 What You\u2019ll Do:\nCreate a vision and strategy focused on ensuring all students have the support needed to focus on learning in the classroom. \n\nReady to lead and inspire? Apply now and make a lasting difference in the lives of our students!\n\n\ud83d\udd17 https://lnkd.in/eiY36NjC\n\n#Hiring #ExecutiveDirector #EducationLeadership #HoustonISD #SchoolSupport #MakeAnImpact #EdLeadership #StudentSuccess", "total_likes": 26}, {"article_link": "https://www.linkedin.com/posts/houston-isd_houstonisd-educationcareers-leadershipopportunity-activity-7254218472723791872--3vp", "image": "https://media.licdn.com/dms/image/v2/D5622AQFslzi32UiZpQ/feedshare-shrink_2048_1536/feedshare-shrink_2048_1536/0/1729540459902?e=1732752000&v=beta&t=K1p4a-JulsthSs1EQa3j3--ugIsi_zY1EhMSb566vbg", "posted_on": {"day": 21, "month": 10, "year": 2024}, "text": "\ud83d\ude80 We're Hiring! Join the Leadership Team at Houston ISD! \ud83d\ude80\n\nHouston ISD is searching for a dynamic and visionary leader to fill the role of Executive Director of Performance Management. If you're passionate about driving educational success and improving district performance, this is the perfect opportunity for you!\n\n\ud83d\udd17 Apply Now: https://lnkd.in/g98Wiugp \n\nAs a key leader in Houston ISD, you will serve as district subject matter expert regarding state and federal policy as it pertains to teacher, school leader, and non-teacher appraisal systems.\n\nJoin our mission to make a lasting impact on education in Houston!\n\n#HoustonISD #EducationCareers #LeadershipOpportunity #NowHiring #ExecutiveDirector #PerformanceManagement #JoinOurTeam", "total_likes": 28}, {"article_link": "https://www.linkedin.com/posts/houston-isd_nowhiring-creativecareer-graphicdesigner-activity-7253041855167135744-NWEM", "image": "https://media.licdn.com/dms/image/v2/D5622AQEv-cgMfm7DaQ/feedshare-shrink_2048_1536/feedshare-shrink_2048_1536/0/1729259932742?e=1732752000&v=beta&t=cdI5eHNpkYLdBXo7SDZ9W77W4X9E10Q5oLCCj7lVCAU", "posted_on": {"day": 18, "month": 10, "year": 2024}, "text": "\ud83c\udf1f We're Hiring: Program Manager, Recruitment and Retention Graphic Designer \ud83c\udf1f\n\nAre you a creative visionary with a passion for education? Join our school district as a Program Manager of Recruitment and Retention with graphic design expertise and help us attract top talent to shape the future of our schools!\n\n\u2728 Key Responsibilities:\n - Design eye-catching graphics for recruitment, events, and district communications\n - Collaborate with our team to enhance our brand identity\n - Bring creativity to support our educators and students\n\n\ud83d\udd17 Apply now: https://lnkd.in/gupzek7x \n\nBe a part of our mission to inspire and support our amazing school community! \ud83c\udfa8\u270f\ufe0f\n\n#NowHiring #CreativeCareer #GraphicDesigner #EducationJobs #JoinOurTeam #RecruitmentAndRetention", "total_likes": 17}, {"article_link": "https://www.linkedin.com/posts/houston-isd_joinourteam-schoolsafety-lawenforcement-activity-7249541537947099137-5hlv", "image": "https://media.licdn.com/dms/image/v2/D5622AQFZzONxSMc1kA/feedshare-shrink_2048_1536/feedshare-shrink_2048_1536/0/1728425391991?e=1732752000&v=beta&t=kSqyQdtz6d8siCPvAnnuW-PtlH94iHHtBUOZuVOdbOU", "posted_on": {"day": 9, "month": 10, "year": 2024}, "text": "\ud83d\udea8 Join Our Team! Now Hiring: 11-Month School District Police Officer \ud83d\udea8\nLooking for a rewarding career where you can make a difference in students' lives? We're hiring dedicated, professional, and community-focused Police Officers for our school district. As part of our team, you'll ensure a safe and secure learning environment for our students and staff, while fostering positive relationships.\n\ud83d\udd39 Position: 11-Month School District Police Officer\n \ud83d\udd39Location: Houston Independent School District\n \ud83d\udd39What We Offer: Competitive pay, benefits, and the chance to impact your community.\nRequirements:\n \u2705 Valid law enforcement certification\n \u2705 Strong communication & problem-solving skills\n \u2705 Passion for serving the community\n\ud83d\udd17 Apply now at: https://lnkd.in/gn3jS3Cp\n\nBe a part of something bigger. Protect, Serve, Inspire! \ud83d\udc99\n#JoinOurTeam #SchoolSafety #LawEnforcement #NowHiring #CommunityFirst", "total_likes": 16}, {"article_link": "https://www.linkedin.com/posts/houston-isd_joinhisd-hiring-technology-activity-7248366463063842816-8gel", "image": "https://media.licdn.com/dms/image/v2/D5622AQHbK5QzUlDEkQ/feedshare-shrink_2048_1536/feedshare-shrink_2048_1536/0/1728145231258?e=1732752000&v=beta&t=MiAtiLzreJsHBQJa0mGvuDZYJHNnNeSCpGpi0f4X6-Q", "posted_on": {"day": 9, "month": 10, "year": 2024}, "text": "Houston ISD is hiring a Chief Technology Officer.\n\nHouston ISD is the largest public school system in Texas and is seeking an experienced and visionary leader to serve as its Chief Technology Officer (CTO).\n\nThe CTO for HISD leads the district\u2019s IT strategy, overseeing infrastructure, applications, data security, and services. The CTO drives innovation by implementing secure, efficient technology solutions that enhance operations and information exchange. Responsibilities include managing IT operations, strategic planning, application development, technical services, and cybersecurity, while ensuring risk management. As a key leader, the CTO fosters talent development and innovation, aligning technology with HISD\u2019s goals to support the district's evolving needs.\n\nQualified & experienced applicants should apply on our Careers site. \ud83d\udcbb\n\n#JoinHISD #Hiring #Technology #Hiring  \n\n\ud83d\udcc4 For a detailed job description and to apply, please click here:\nhttps://lnkd.in/gJ5iWtxS", "total_likes": 58}, {"article_link": "https://www.linkedin.com/posts/houston-isd_due-to-storm-damage-across-houston-houston-activity-7197320435842076673-ln3f", "image": null, "posted_on": {"day": 23, "month": 5, "year": 2024}, "text": "Due to storm damage across Houston, Houston ISD\u2019s In-Person Campus Staff Hiring Event has been postponed to June 1, 2024. All pre-registered teacher candidates will receive direct communication with information that allows them to access a virtual hiring opportunity.", "total_likes": 35}], "follower_count": 52508, "acquisitions": null, "exit_data": null, "extra": null, "funding_data": [], "categories": null, "customer_list": null}
