{"linkedin_internal_id": "35523127", "description": "The mission of the iHyperconnectivity is to explore a range of related topics and generate research debates in relation to cybersecurity, hyperconnectivity, Internet of Things (IoT), Web of Things (WoT), and Internet of Everything (IoE). Targeting researchers, practitioners, academicians, government officials, military professionals, and other industry professionals, this organization provides a forum to discuss technical, human, societal, and policy issues in relation to hyperconnectivity, and IoT. The organization was created and ran primarily by Dr. Maurice Dawson Jr.", "website": null, "industry": "Research Services", "company_size": [null, null], "company_size_on_linkedin": null, "hq": {"country": "US", "city": "Chicago", "postal_code": "60616", "line_1": null, "is_hq": true, "state": "IL"}, "company_type": "NON_PROFIT", "founded_year": 2014, "specialities": [""], "locations": [{"country": "US", "city": "Chicago", "postal_code": "60616", "line_1": null, "is_hq": true, "state": "IL"}], "name": "iHyperconnectivity Lab", "tagline": null, "universal_name_id": "ihyperconnectivity-lab", "profile_pic_url": "https://media.licdn.com/dms/image/v2/C4E0BAQF1OwY_QgaymA/company-logo_200_200/company-logo_200_200/0/1630585270087/ihyperconnectivity_lab_logo?e=2147483647&v=beta&t=kqawsAa5Xs2ScHVQjE-v_kHnRrcQwE-aL9y4cXY-_h0", "background_cover_image_url": "https://media.licdn.com/dms/image/v2/C4E1BAQEoG7QquyPUyg/company-background_10000/company-background_10000/0/1583908194506/ihyperconnectivity_lab_cover?e=2147483647&v=beta&t=WhXyhC44Q4zqDoSPAYB1asqsUH9oIkvbpbyP1L40LkM", "search_id": "35523127", "similar_companies": [], "affiliated_companies": [], "updates": [], "follower_count": 6, "acquisitions": null, "exit_data": null, "extra": null, "funding_data": [], "categories": null, "customer_list": null}
