{"linkedin_internal_id": "79994924", "description": "Inflection AI is a public benefit corporation leveraging our world class large language model to build the first AI platform focused on the needs of the enterprise. \n\nInflection AI was re-founded in March of 2024 and our leadership team has assembled a team of kind, innovative, and collaborative individuals focused on building enterprise AI solutions. We are an organization passionate about what we are building, enjoy working together and strive to hire people with diverse backgrounds and experience. \n\nOur first product, Pi, provides an empathetic and conversational chatbot. Pi is a first public instance of building from our 350B+ frontier model with our sophisticated fine-tuning (10M+ examples), inference, and orchestration platform. We are now focusing on building new systems that directly support the needs of enterprise customers using this same approach\n\nWant to work with us? Have questions? Apply to job below or reach out to us with questions!", "website": "https://inflection.ai", "industry": "Software Development", "company_size": [11, 50], "company_size_on_linkedin": 42, "hq": {"country": "US", "city": "Palo Alto", "postal_code": null, "line_1": null, "is_hq": true, "state": "California"}, "company_type": "PRIVATELY_HELD", "founded_year": 2022, "specialities": [""], "locations": [{"country": "US", "city": "Palo Alto", "postal_code": null, "line_1": null, "is_hq": true, "state": "California"}], "name": "Inflection AI", "tagline": "Enterprise AI that works for you - a scalable and tunable platform built around a 350B+ frontier large language model", "universal_name_id": "inflectionai", "profile_pic_url": "https://s3.us-west-000.backblazeb2.com/proxycurl/company/inflectionai/profile?X-Amz-Algorithm=AWS4-HMAC-SHA256&X-Amz-Credential=0004d7f56a0400b0000000001%2F20241120%2Fus-west-000%2Fs3%2Faws4_request&X-Amz-Date=20241120T053118Z&X-Amz-Expires=3600&X-Amz-SignedHeaders=host&X-Amz-Signature=b9d31230101e855a95d64645ca6a3b4d1fd2eb35ff657fa3b3493558edad5012", "background_cover_image_url": "https://s3.us-west-000.backblazeb2.com/proxycurl/company/inflectionai/cover?X-Amz-Algorithm=AWS4-HMAC-SHA256&X-Amz-Credential=0004d7f56a0400b0000000001%2F20241120%2Fus-west-000%2Fs3%2Faws4_request&X-Amz-Date=20241120T053118Z&X-Amz-Expires=3600&X-Amz-SignedHeaders=host&X-Amz-Signature=4036531ffec0a8eb1d292e3aec74886ab36c8473f2451f6baadba1acea87cb31", "search_id": "79994924", "similar_companies": [{"name": "Anthropic", "link": "https://www.linkedin.com/company/anthropicresearch", "industry": "Research Services", "location": null}, {"name": "Google DeepMind", "link": "https://uk.linkedin.com/company/googledeepmind", "industry": "Research Services", "location": "London, London"}, {"name": "Cohere", "link": "https://ca.linkedin.com/company/cohere-ai", "industry": "Software Development", "location": "Toronto, Ontario"}, {"name": "Greylock", "link": "https://www.linkedin.com/company/greylock-partners", "industry": "Financial Services", "location": "Menlo Park, CA"}, {"name": "Hugging Face", "link": "https://www.linkedin.com/company/huggingface", "industry": "Software Development", "location": null}, {"name": "Adept", "link": "https://www.linkedin.com/company/adeptai", "industry": "Software Development", "location": "San Francisco, CA"}, {"name": "OpenAI", "link": "https://www.linkedin.com/company/openai", "industry": "Research Services", "location": "San Francisco, CA"}, {"name": "Perplexity", "link": "https://www.linkedin.com/company/perplexity-ai", "industry": "Software Development", "location": "San Francisco, California"}, {"name": "Stability AI", "link": "https://uk.linkedin.com/company/stability-ai", "industry": "Research Services", "location": "London, England"}, {"name": "Reos Partners", "link": "https://ch.linkedin.com/company/reospartners", "industry": "Business Consulting and Services", "location": null}], "affiliated_companies": [], "updates": [{"article_link": null, "image": "https://media.licdn.com/dms/image/v2/D4D22AQGvod8yik3yrA/feedshare-shrink_2048_1536/feedshare-shrink_2048_1536/0/1729719821792?e=2147483647&v=beta&t=i2WLPBjfPMCqtTDOvLCCMwplT3R8jDyNNBMLqNmsNKY", "posted_on": {"day": 25, "month": 10, "year": 2024}, "text": "We are excited to welcome this incredible team - please learn more about how we will be integrating their automation and AI expertise:", "total_likes": 22}, {"article_link": null, "image": "https://media.licdn.com/dms/image/v2/D4D22AQGvod8yik3yrA/feedshare-shrink_2048_1536/feedshare-shrink_2048_1536/0/1729719821792?e=2147483647&v=beta&t=i2WLPBjfPMCqtTDOvLCCMwplT3R8jDyNNBMLqNmsNKY", "posted_on": {"day": 24, "month": 10, "year": 2024}, "text": null, "total_likes": 0}, {"article_link": "https://inflection.ai/blog/agentic", "image": null, "posted_on": {"day": 24, "month": 10, "year": 2024}, "text": "Did you hear the news? We launched agentic workflows and acquired Boundaryless Group. Hear from our CPO Ian McCarthy on how this product update and this team\u2019s automation expertise makes Inflection for Enterprise even more powerful.", "total_likes": 49}, {"article_link": null, "image": "https://media.licdn.com/dms/image/v2/D5605AQEM1IhN2zA3Yg/videocover-high/videocover-high/0/1729619474762?e=2147483647&v=beta&t=Jc6pQXsE4zf_RMbTznwinjGnJthi1Lwhk6BsBDlZpf0", "posted_on": {"day": 23, "month": 10, "year": 2024}, "text": "Should companies own their AI? Inflection AI believes they should! \n\nThey are partnering with Intel Corporation, Dell Technologies and UiPath to offer AI solutions with custom models trained on their data and running on-prem or in private clouds. \n\nI had a chance to sit down with Inflection AI's COO Ted Shelton to talk about the company's new direction, the new Inflection 3 models and their enterprise AI offerings. We also discuss some of the top challenges enterprise are facing with AI adoption.\n\nCheck out the full episode here - https://lnkd.in/gExdej2m", "total_likes": 20}, {"article_link": null, "image": "https://media.licdn.com/dms/image/v2/D5605AQHr4WhiDH_9zw/videocover-high/videocover-high/0/1728670306421?e=2147483647&v=beta&t=ytwp0mEOmJLkoQdnODXHPsr1dbsqFOUDtdvFkYGjboY", "posted_on": {"day": 13, "month": 10, "year": 2024}, "text": "Hear directly from Reid Hoffman on why his first call for a new CEO was to Dr. Sean White plus more on our enterprise focus", "total_likes": 35}, {"article_link": null, "image": "https://media.licdn.com/dms/image/v2/D5605AQHr4WhiDH_9zw/videocover-high/videocover-high/0/1728670306421?e=2147483647&v=beta&t=ytwp0mEOmJLkoQdnODXHPsr1dbsqFOUDtdvFkYGjboY", "posted_on": {"day": 13, "month": 10, "year": 2024}, "text": null, "total_likes": 0}, {"article_link": null, "image": "https://media.licdn.com/dms/image/v2/D5610AQGm0FtPno4UCw/image-shrink_1280/image-shrink_1280/0/1728313214716?e=2147483647&v=beta&t=wrDX3fPuDns9MhuDlbq2CF2kJUNx69J09M_tWf4XmIo", "posted_on": {"day": 13, "month": 10, "year": 2024}, "text": "Inflection AI and #Intel have announced Inflection for Enterprise, an industry-first, enterprise-grade #GenAI platform powered by #IntelGaudi 3 accelerators and Intel Tiber Cloud.\n\nThis AI co-worker provides the control, customization and scalability required for complex, large-scale deployments, all while delivering empathetic, conversational, employee-friendly AI capabilities.\n\nRead the full story here: https://intel.ly/3YdGzYZ", "total_likes": 431}, {"article_link": "https://inflection.ai/blog/enterprise", "image": null, "posted_on": {"day": 13, "month": 10, "year": 2024}, "text": "Introducing Inflection for Enterprise + our collaboration with Intel Corporation:", "total_likes": 39}, {"article_link": null, "image": null, "posted_on": {"day": 6, "month": 10, "year": 2024}, "text": "Have you heard this podcast from our CEO Sean White and co-founder Reid Hoffman? We'd love to hear your thoughts?", "total_likes": 26}, {"article_link": null, "image": null, "posted_on": {"day": 6, "month": 10, "year": 2024}, "text": null, "total_likes": 0}, {"article_link": "https://inflection.ai/the-future-of-pi", "image": null, "posted_on": {"day": 27, "month": 8, "year": 2024}, "text": "We are delighted to announce our collaboration with the Data Transfer Initiative - please read on to learn more about the future of Pi", "total_likes": 55}, {"article_link": null, "image": null, "posted_on": {"day": 27, "month": 5, "year": 2024}, "text": null, "total_likes": 123}, {"article_link": "https://venturebeat.com/ai/exclusive-inflection-ai-reveals-new-team-and-plan-to-embed-emotional-ai-in-business-bots/", "image": null, "posted_on": {"day": 27, "month": 5, "year": 2024}, "text": "Today, I'm thrilled to announce three talented new hires joining me at Inflection AI: Vibhu Mittal, Ted Shelton, and Ian McCarthy. With their combined expertise in science, technology, operations, and product, we're excited to see how they'll accelerate the amazing user experience of Pi to power better customer experiences for our commercial partners. \n\nAs we continue to innovate and improve, I'd love to hear your favorite story about Pi so far. How has Pi made a difference in your life or business? And how do you see Pi improving your interactions with the businesses in your life? \n\nJoin us on this journey as we embed emotional AI in business bots. Check out the exclusive announcement on VentureBeat: https://lnkd.in/gB9hCsT6", "total_likes": 337}], "follower_count": 73152, "acquisitions": null, "exit_data": null, "extra": null, "funding_data": [], "categories": null, "customer_list": null}
