{"linkedin_internal_id": "10949126", "description": "The International Consulting Network is a student-run, global consultancy that bridges interdisciplinary gaps to connect students to technology and entrepreneurial companies, creating international networks for lifelong bonds.  Students participating in our expanding network develop professional skills and collaborate with like-minded colleagues from all over the world to accelerate the growth of technological ventures in a multitude of industries.\r\n\r\nThe International Consulting Network has been focusing on the rapid expansion of student consultancy in Singapore, Taiwan, Israel, the United States, South Korea, Sweden and Australia.  Each country\u2019s chapter is be responsible for the development of local recruiting, fundraising and training of consultants.  The senior leadership team in the respective countries recruit projects and focus on quality assurance for clients.  Universities affiliated with ICON utilize resources of partner institutions. The ICON Executive Board continues researching technology clusters in order to expand its knowledge base and expertise on relevant companies across the globe.", "website": "http://www.internationalconsultingnetwork.org/", "industry": "Business Consulting and Services", "company_size": [51, 200], "company_size_on_linkedin": 54, "hq": null, "company_type": "NON_PROFIT", "founded_year": 2012, "specialities": ["Technology", "Market Entry", "Product Development", "Industry Analysis", "Strategic Partnership"], "locations": [], "name": "International Consulting Network - ICON", "tagline": null, "universal_name_id": "international-consulting-network---icon", "profile_pic_url": "https://media.licdn.com/dms/image/v2/C4D0BAQH4wllcNmqGeQ/company-logo_400_400/company-logo_400_400/0/1630510146236/international_consulting_network___icon_logo?e=1740009600&v=beta&t=hVRYsc6Ps0ihW_Im_9TI6kV8pzZjReH7o3GcbvhGh2c", "background_cover_image_url": "https://media.licdn.com/dms/image/v2/C511BAQGJd9lByxWw-Q/company-background_200/company-background_200/0/1584323352790?e=1732687200&v=beta&t=K2fs1g_8bFUnfBrBWzxbalnTPjimKWD9qOJymqE1AxQ", "search_id": "10949126", "similar_companies": [{"name": "LIU Business", "link": "https://www.linkedin.com/company/liu-business/", "industry": "Higher Education", "location": null}, {"name": "LIU - Student Investment Fund", "link": "https://www.linkedin.com/company/liuif-value-based-investment-fund-li/", "industry": "Financial Services", "location": null}, {"name": "APL Logistics", "link": "https://www.linkedin.com/company/apl-logistics/", "industry": "Transportation, Logistics, Supply Chain and Storage", "location": null}, {"name": "Ara\u00fajo Fontes", "link": "https://www.linkedin.com/company/araujo-fontes/", "industry": "Financial Services", "location": null}, {"name": "eV Interactive", "link": "https://www.linkedin.com/company/ev-interactive/", "industry": "Computer Games", "location": null}, {"name": "Illinois Sports Consulting Agency", "link": "https://www.linkedin.com/company/illinois-sports-consulting-agency/", "industry": "Business Consulting and Services", "location": null}, {"name": "iVenture Accelerator", "link": "https://www.linkedin.com/company/iventureaccelerator/", "industry": "Higher Education", "location": null}, {"name": "Startery", "link": "https://www.linkedin.com/company/startery/", "industry": "Business Consulting and Services", "location": null}, {"name": "Sky9 Capital", "link": "https://www.linkedin.com/company/sky9-capital/", "industry": "Investment Management", "location": null}, {"name": "AI 2030", "link": "https://www.linkedin.com/company/ai2030institute/", "industry": "Think Tanks", "location": null}, {"name": "Excelerate", "link": "https://www.linkedin.com/company/4excelerate/", "industry": "Higher Education", "location": null}, {"name": "Schwartzapfel Lawyers P.C.", "link": "https://www.linkedin.com/company/schwartzapfel-lawyers-p-c/", "industry": "Law Practice", "location": null}, {"name": "Chicago Transit Authority", "link": "https://www.linkedin.com/company/chicago-transit-authority/", "industry": "Urban Transit Services", "location": null}, {"name": "Latinas in Tech", "link": "https://www.linkedin.com/company/latinas-in-tech/", "industry": "Non-profit Organizations", "location": null}, {"name": "FACES Consulting", "link": "https://www.linkedin.com/company/faces-at-uiuc/", "industry": "Business Consulting and Services", "location": null}, {"name": "Illinois Business Consulting", "link": "https://www.linkedin.com/company/illinois-business-consulting/", "industry": "Business Consulting and Services", "location": null}, {"name": "Webvision Solution", "link": "https://www.linkedin.com/company/webvision-solution/", "industry": "IT Services and IT Consulting", "location": null}, {"name": "Society of Women in Business", "link": "https://www.linkedin.com/company/swbuiuc/", "industry": "Professional Training and Coaching", "location": null}, {"name": "OTCR Consulting", "link": "https://www.linkedin.com/company/otcr-consulting/", "industry": "Business Consulting and Services", "location": null}, {"name": "Sia Partners", "link": "https://www.linkedin.com/company/sia-partners/", "industry": "Business Consulting and Services", "location": null}], "affiliated_companies": [], "updates": [{"article_link": "https://www.linkedin.com/posts/vincent-sciglitano63_just-wrapped-up-another-great-international-activity-7194096221722996736-bCQU", "image": "https://media.licdn.com/dms/image/v2/D4E22AQHNWfwRPN4Ieg/feedshare-shrink_2048_1536/feedshare-shrink_2048_1536/0/1715206197957?e=1735171200&v=beta&t=PI1QeEYne4bwe81_MN3vmA4bueG4ZaQaTrmKW0HIhKo", "posted_on": {"day": 20, "month": 5, "year": 2024}, "text": "Just wrapped up another great International Consulting Network - ICON project.\n\nThank you to Graziela Fusaro, Ph.D. for making this possible.\n\nThank you Aaron Lafazan for being a great client.\n\nLastly my Team Radmir K., Daniel Kyranakis, Pedro Mendes de Carvalho Reis, Mustapha Saido and Anna Villoth. Thank you for doing a great job on this project!!", "total_likes": 51}, {"article_link": "https://www.linkedin.com/posts/graziela-fusaro_icon-liu-iq-consulting-trip-to-brazil-congratulations-ugcPost-7169427764393959424-aTcn", "image": null, "posted_on": {"day": 20, "month": 3, "year": 2024}, "text": "ICON & LIU-iQ Consulting Trip to Brazil\nCongratulations to all students on a great project cycle! Special thanks to Juan Carlos A. for producing this video", "total_likes": 96}, {"article_link": "https://www.linkedin.com/posts/araujo-fontes_hoje-estamos-recebendo-a-visita-da-international-ugcPost-7151648696345001984-n4Yx", "image": "https://media.licdn.com/dms/image/v2/D4D22AQE4HCnRHbi4_A/feedshare-shrink_2048_1536/feedshare-shrink_2048_1536/0/1705085918915?e=1735171200&v=beta&t=EIHQq723FUdwMscyxCXSKplFm5qxp41J7raKkEijExE", "posted_on": {"day": 20, "month": 1, "year": 2024}, "text": "Hoje estamos recebendo a visita da International Consulting Network - ICON.\n\nS\u00e3o 15 alunos de v\u00e1rias nacionalidades da LIU Business, de diversos cursos de gradua\u00e7\u00e3o, que est\u00e3o conhecendo o nosso neg\u00f3cio.\n\nEst\u00e1 sendo um prazer recebermos o time para contribuirmos com o seu desenvolvimento profissional!", "total_likes": 95}], "follower_count": 671, "acquisitions": null, "exit_data": null, "extra": null, "funding_data": [], "categories": null, "customer_list": null}
