{"linkedin_internal_id": "3574819", "description": "As one of the world\u2019s largest and most-impactful youth-serving NGOs, JA Worldwide delivers hands on, immersive learning in entrepreneurship, work readiness, and financial health. Reaching more than 15 million young people each year through over 400,000 teachers and business volunteers, JA Worldwide is one of few organizations with the scale, experience, and passion to build a boundless future for the next generation of innovators, entrepreneurs, and leaders.\n\nJA Worldwide is a network of teams: Each JA entity has its own board of directors and staff and each operation, whether large or small, works with young people, has an online presence, raises funds, manages finances, delivers programs, organizes events, collects/shares data, and handles diverse legal and compliance issues. In addition to working with young people of all ages and a vast alumni community, JA is in contact with volunteers, teachers and nearly 100,000 schools each year. JA Worldwide has been selected as one of the top ten NGOs in the world in annual rankings since 2019 and was nominated for the Nobel Peace Prize in 2022 and 2023.", "website": "https://jaworldwide.org", "industry": "Non-profit Organizations", "company_size": [1001, 5000], "company_size_on_linkedin": 363, "hq": {"country": "US", "city": "Boston", "postal_code": "02116", "line_1": "131 Dartmouth St", "is_hq": true, "state": "Massachusetts"}, "company_type": "EDUCATIONAL", "founded_year": 1919, "specialities": ["Entrepreneurship", "Workforce readiness", "Financial literacy", "Youth employment", "Work readiness", "future of jobs", "global NGO", "youth", "education"], "locations": [{"country": "US", "city": "Boston", "postal_code": "02116", "line_1": "131 Dartmouth St", "is_hq": true, "state": "Massachusetts"}], "name": "JA Worldwide", "tagline": "As one of the world\u2019s largest youth-serving NGOs, JA Worldwide prepares young people for employment and entrepreneurship", "universal_name_id": "ja-worldwide", "profile_pic_url": "https://s3.us-west-000.backblazeb2.com/proxycurl/company/ja-worldwide/profile?X-Amz-Algorithm=AWS4-HMAC-SHA256&X-Amz-Credential=0004d7f56a0400b0000000001%2F20241120%2Fus-west-000%2Fs3%2Faws4_request&X-Amz-Date=20241120T045049Z&X-Amz-Expires=3600&X-Amz-SignedHeaders=host&X-Amz-Signature=7cd251d48494f90918c669360d19c03664cad184dad4a17ec6fc0bb07bf9e64b", "background_cover_image_url": "https://s3.us-west-000.backblazeb2.com/proxycurl/company/ja-worldwide/cover?X-Amz-Algorithm=AWS4-HMAC-SHA256&X-Amz-Credential=0004d7f56a0400b0000000001%2F20241120%2Fus-west-000%2Fs3%2Faws4_request&X-Amz-Date=20241120T045049Z&X-Amz-Expires=3600&X-Amz-SignedHeaders=host&X-Amz-Signature=7192bcc1eff6d47895273720d8e82f55c35de4d4b9879af9992dab629d456fa5", "search_id": "3574819", "similar_companies": [{"name": "Junior Achievement Africa", "link": "https://www.linkedin.com/company/junior-achievement-africa/", "industry": "Non-profit Organizations", "location": null}, {"name": "Junior Achievement M\u00e9xico (JA M\u00e9xico)", "link": "https://www.linkedin.com/company/jamexico/", "industry": "Education", "location": null}, {"name": "Junior Achievement Argentina", "link": "https://www.linkedin.com/company/juniorenargentina/", "industry": "Education", "location": null}, {"name": "Junior Achievement Nigeria", "link": "https://www.linkedin.com/company/janigeria/", "industry": "Non-profit Organization Management", "location": null}, {"name": "Junior Achievement Americas", "link": "https://www.linkedin.com/company/jaamericas/", "industry": "Civic and Social Organizations", "location": null}, {"name": "Mujer Digital", "link": "https://www.linkedin.com/company/mujer-digital/", "industry": "Civic and Social Organizations", "location": null}, {"name": "JA Europe", "link": "https://www.linkedin.com/company/jaeurope/", "industry": "Education Administration Programs", "location": null}, {"name": "Africa International Training Facilities", "link": "https://www.linkedin.com/company/africa-international-training-facilities/", "industry": "Engineering Services", "location": null}, {"name": "Hypernova Aerospace", "link": "https://www.linkedin.com/company/hypernova-aerospace/", "industry": "Space Research and Technology", "location": null}, {"name": "Programa Nacional Contigo", "link": "https://www.linkedin.com/company/programa-nacional-contigo/", "industry": "Government Administration", "location": null}, {"name": "XIFRA GROUP", "link": "https://www.linkedin.com/company/xifra-group/", "industry": "Information Technology & Services", "location": null}, {"name": "Foro Internacional de Emprendedores", "link": "https://www.linkedin.com/company/fieargentina/", "industry": "Education", "location": null}, {"name": "Centro de Investigaci\u00f3n en Estudios de G\u00e9nero y Pol\u00edtica", "link": "https://www.linkedin.com/company/centro-de-investigaci%C3%B3n-en-estudios-de-g%C3%A9nero-y-pol%C3%ADtica/", "industry": "Research Services", "location": null}, {"name": "Fulbright Lotus", "link": "https://www.linkedin.com/company/fulbright-lotus/", "industry": "Higher Education", "location": null}, {"name": "Margaret McNamara Education Grants (MMEG)", "link": "https://www.linkedin.com/company/margaret-mcnamara-education-grants-mmeg-/", "industry": "Non-profit Organization Management", "location": null}, {"name": "Banco de Ropa del Per\u00fa", "link": "https://www.linkedin.com/company/banco-de-ropa-del-peru/", "industry": "Civic and Social Organizations", "location": null}, {"name": "Asociaci\u00f3n Nacional de Empresas de Cobranzas del Per\u00fa - ANECOP", "link": "https://www.linkedin.com/company/anecop-peru/", "industry": "Financial Services", "location": null}, {"name": "EconThaki", "link": "https://www.linkedin.com/company/econthaki/", "industry": "Education", "location": null}, {"name": "JA South Africa", "link": "https://www.linkedin.com/company/junior-achievement-south-africa/", "industry": "Non-profit Organization Management", "location": null}, {"name": "University of Cincinnati Mechanical & Materials Engineering", "link": "https://www.linkedin.com/company/uc-mme/", "industry": "Higher Education", "location": null}], "affiliated_companies": [], "updates": [{"article_link": "https://www.linkedin.com/posts/ja-worldwide_join-us-on-tuesday-october-29-right-here-activity-7254952252539310081-bwqi", "image": "https://media.licdn.com/dms/image/v2/D4E10AQH9p5CSld_u3A/image-shrink_1280/image-shrink_1280/0/1729715406054?e=1730451600&v=beta&t=t_nTcv6Y3E3K_RZrX5G0trNPQFr-Z3GyZAid05ciw8c", "posted_on": {"day": 24, "month": 10, "year": 2024}, "text": "Join us on Tuesday, October 29, right here on Instagram at 11amEDT/6pmCET/11pmHKT for a special episode of JA Live.\n\nThe JA Americas Alumni network is rebuilding its regional structure, and they're searching for a visionary leader to take on the role of regional JA alumni president. Could this be your next big step?\n\nJA Worldwide's Dana Khairallah will speak with Loran Geskens, President of JA Alumni Europe, and Nelly Cetera, JA Americas Alumni Coordinator, to explore the rewards and challenges of leading an alumni network. Tune in to learn about the impact of regional leadership, network growth, and why this opportunity could be a game-changer for you.\n\nDon\u2019t miss this inspiring conversation!", "total_likes": 17}, {"article_link": "https://www.linkedin.com/posts/ja-worldwide_jacb24-activity-7254567228870668292-kKac", "image": "https://media.licdn.com/dms/image/v2/D5610AQEF449WwqZVbQ/image-shrink_1280/image-shrink_1280/0/1729623608736?e=1730451600&v=beta&t=Ul04yByWfzDF_l7x-NB4lFZktweFdrKmf3Q0qH-8htQ", "posted_on": {"day": 23, "month": 10, "year": 2024}, "text": "Ready to unlock the next level of your JA journey? Secure your place on October 24 to become part of a global community of JA alumni driving change with impact.\n\nThis is your chance to be a part of something bigger. Whether you want to lead, learn, or collaborate with like-minded changemakers, this opportunity is for you.\n\nMark your calendars, and get ready to make an impact. It all starts with a one-minute form . . . on October 24! #JACB24\n\nThe countdown is almost over. Stay tuned!", "total_likes": 19}, {"article_link": "https://www.linkedin.com/posts/ja-worldwide_three-regional-ja-company-of-the-year-competitions-activity-7254207336813137922-4_ud", "image": "https://media.licdn.com/dms/image/v2/D4E10AQF80LCBa6fLNw/image-shrink_1280/image-shrink_1280/0/1729537804119?e=1730451600&v=beta&t=govrFeSGO_YGVd4EZlj0QEi0mx3Dp_3jwGCWcry_J7k", "posted_on": {"day": 22, "month": 10, "year": 2024}, "text": "Three regional JA Company of the Year competitions remain in 2024: INJAZ Al-Arab/JA MENA, Junior Achievement Americas, and Junior Achievement Africa. The winners of these JA Company Program competitions will automatically become finalists for the 2025 De la Vega Global Entrepreneurship Award, joining the champions from JA Europe, JA Asia Pacific, and Junior Achievement USA.\n\nFind dates and locations of the upcoming regional competitions, supported by FedEx, and learn about the 2025 finalists and past winners at https://lnkd.in/dbpCnWas.", "total_likes": 33}, {"article_link": "https://www.linkedin.com/posts/ja-worldwide_jacb24-activity-7253011967332823041-QQFY", "image": "https://media.licdn.com/dms/image/v2/D4E10AQGh_6a-ulQz7Q/image-shrink_1280/image-shrink_1280/0/1729252806179?e=1730451600&v=beta&t=srN9Q2_oe4ft6AUusd_woel0Rf7WT1kxOvROCsVIrrA", "posted_on": {"day": 19, "month": 10, "year": 2024}, "text": "The JA alumni spirit knows no boundaries. We\u2019re cooking up something special that will connect passionate individuals across the globe. \n\nTake the lead, build communities, and create impact as a certified member of the JA community. \n\nCurious? You should be! This opportunity will transform your JA journey.\n\nThe countdown has begun . . .\n\nWe'll see you on October 24! #JACB24", "total_likes": 11}, {"article_link": "https://www.linkedin.com/posts/ja-worldwide_the-wait-is-over-ja-alumni-were-thrilled-activity-7255271973625249792-Geei", "image": null, "posted_on": {"day": 24, "month": 10, "year": 2024}, "text": "The wait is over, JA alumni! \n \nWe're thrilled to announce the JA Community Builders Certificate, your passport to becoming a certified leader in the global JA alumni community. This isn't just another course. It's your opportunity to . . .\n \n\u2022 Master community leadership skills\n\u2022 Connect with changemakers worldwide\n\u2022 Turn your JA experience into real-world impact\n\u2022 Earn a specialized certification\n \nBe among the first to join this transformative journey. Join the exclusive waiting list and reimagine what it means to be a JA alumnus: https://lnkd.in/emSBAzXQ  \n \nEarly birds get special, exclusive access to the course. Don't miss out.", "total_likes": 48}, {"article_link": "https://www.linkedin.com/posts/ja-worldwide_hey-ja-alumni-are-you-wondering-whats-activity-7252370233867272192-JJxD", "image": "https://media.licdn.com/dms/image/v2/D4E10AQGLZy-GjzfmpA/image-shrink_1280/image-shrink_1280/0/1729099804875?e=1730451600&v=beta&t=mu-Avg9ITnGudnhsizNS8_t-E_RnYcmt_SYs3uB5eIc", "posted_on": {"day": 18, "month": 10, "year": 2024}, "text": "Hey, JA alumni: Are you wondering what's next in your JA journey? Do you want to learn more about the global JA alumni movement?\n\nWe're about to unveil a game-changing opportunity for JA alumni who dream big and lead bigger. Get ready to take your JA experience to new heights and join a community of changemakers who are reshaping the future. \n\nStay tuned . . . \n\nThe next chapter begins October 24!", "total_likes": 34}], "follower_count": 25937, "acquisitions": null, "exit_data": null, "extra": null, "funding_data": [], "categories": null, "customer_list": null}
