{"linkedin_internal_id": "6407329", "description": "Joby is a California-based company building quiet, all-electric aircraft to connect people like never before. Quiet as a conversation and with the ability to take off and land vertically, the Joby aircraft will change the way we move while reducing the acoustic and climate footprint of flight.", "website": "https://www.jobyaviation.com", "industry": "Airlines and Aviation", "company_size": [1001, 5000], "company_size_on_linkedin": 1485, "hq": {"country": "US", "city": "Santa Cruz", "postal_code": "95060", "line_1": "333 Encinal St.", "is_hq": true, "state": "California"}, "company_type": "PUBLIC_COMPANY", "founded_year": 2009, "specialities": ["Electric aircraft", "eVTOL aircraft", "aerial ridesharing", "aircraft manufacture", "urban air mobility", "aerial mobility", "sustainable transportation", "sustainable transportation", "uam", "advanced air mobility", "aam"], "locations": [{"country": "US", "city": "Santa Cruz", "postal_code": "95060", "line_1": "333 Encinal St.", "is_hq": true, "state": "California"}, {"country": "US", "city": "San Carlos", "postal_code": "94070", "line_1": null, "is_hq": true, "state": "CA"}, {"country": "US", "city": "Marina", "postal_code": "93933", "line_1": "741 Neeson Rd", "is_hq": true, "state": "California"}], "name": "Joby Aviation", "tagline": "We\u2019re building quiet, all-electric aircraft to connect people like never before.", "universal_name_id": "jobyaviation", "profile_pic_url": "https://s3.us-west-000.backblazeb2.com/proxycurl/company/jobyaviation/profile?X-Amz-Algorithm=AWS4-HMAC-SHA256&X-Amz-Credential=0004d7f56a0400b0000000001%2F20241120%2Fus-west-000%2Fs3%2Faws4_request&X-Amz-Date=20241120T053119Z&X-Amz-Expires=3600&X-Amz-SignedHeaders=host&X-Amz-Signature=e659b6569020bc69695f2057fea88e93de272abeb4c84abf00bdc3ab32c1a486", "background_cover_image_url": "https://s3.us-west-000.backblazeb2.com/proxycurl/company/jobyaviation/cover?X-Amz-Algorithm=AWS4-HMAC-SHA256&X-Amz-Credential=0004d7f56a0400b0000000001%2F20241120%2Fus-west-000%2Fs3%2Faws4_request&X-Amz-Date=20241120T053119Z&X-Amz-Expires=3600&X-Amz-SignedHeaders=host&X-Amz-Signature=357a6c023dfb9576edee7cc393c5e0b63d2404fffd96f0d0d30785540e3d7098", "search_id": "6407329", "similar_companies": [{"name": "Archer", "link": "https://www.linkedin.com/company/flyarcher/", "industry": "Airlines and Aviation", "location": null}, {"name": "Lilium", "link": "https://www.linkedin.com/company/lilium-aviation-gmbh/", "industry": "Aviation and Aerospace Component Manufacturing", "location": null}, {"name": "Vertical Aerospace", "link": "https://www.linkedin.com/company/vertical-aerospace-ltd/", "industry": "Aviation and Aerospace Component Manufacturing", "location": null}, {"name": "Wisk", "link": "https://www.linkedin.com/company/wisk-aero/", "industry": "Aviation and Aerospace Component Manufacturing", "location": null}, {"name": "Volocopter", "link": "https://www.linkedin.com/company/volocopter/", "industry": "Aviation and Aerospace Component Manufacturing", "location": null}, {"name": "BETA TECHNOLOGIES", "link": "https://www.linkedin.com/company/beta-air-llc/", "industry": "Aviation and Aerospace Component Manufacturing", "location": null}, {"name": "Supernal", "link": "https://www.linkedin.com/company/supernalaero/", "industry": "Aviation and Aerospace Component Manufacturing", "location": null}, {"name": "Heart Aerospace", "link": "https://www.linkedin.com/company/heart-aerospace/", "industry": "Aviation and Aerospace Component Manufacturing", "location": null}, {"name": "Eve Air Mobility", "link": "https://www.linkedin.com/company/eveairmobility/", "industry": "Aviation and Aerospace Component Manufacturing", "location": null}, {"name": "Xwing (Acquired by Joby Aviation)", "link": "https://www.linkedin.com/company/xwing/", "industry": "Aviation and Aerospace Component Manufacturing", "location": null}, {"name": "Eviation Aircraft ", "link": "https://www.linkedin.com/company/eviation-aircraft/", "industry": "Aviation and Aerospace Component Manufacturing", "location": null}, {"name": "Kitty Hawk", "link": "https://www.linkedin.com/company/kittyhawkaero/", "industry": "Aviation and Aerospace Component Manufacturing", "location": null}, {"name": "Boom Supersonic", "link": "https://www.linkedin.com/company/boom-technology-inc./", "industry": "Aviation and Aerospace Component Manufacturing", "location": null}, {"name": "Boeing", "link": "https://www.linkedin.com/company/boeing/", "industry": "Aviation & Aerospace", "location": null}, {"name": "Rivian", "link": "https://www.linkedin.com/company/rivian/", "industry": "Motor Vehicle Manufacturing", "location": null}, {"name": "Anduril Industries", "link": "https://www.linkedin.com/company/andurilindustries/", "industry": "Defense and Space Manufacturing", "location": null}, {"name": "ZeroAvia", "link": "https://www.linkedin.com/company/zeroavia/", "industry": "Aviation and Aerospace Component Manufacturing", "location": null}, {"name": "WINGCOPTER", "link": "https://www.linkedin.com/company/wingcopter/", "industry": "Aviation and Aerospace Component Manufacturing", "location": null}, {"name": "Zipline", "link": "https://www.linkedin.com/company/flyzipline/", "industry": "Transportation, Logistics, Supply Chain and Storage", "location": null}, {"name": "Isar Aerospace", "link": "https://www.linkedin.com/company/isaraerospace/", "industry": "Aviation and Aerospace Component Manufacturing", "location": null}], "affiliated_companies": [], "updates": [{"article_link": "https://www.linkedin.com/posts/jobyaviation_we-are-pleased-to-announce-toyota-motor-corporation-activity-7247226948068786176-wKNV", "image": "https://media.licdn.com/dms/image/v2/D5622AQE8_2yKDE78Hw/feedshare-shrink_2048_1536/feedshare-shrink_2048_1536/0/1727873550205?e=1732752000&v=beta&t=wA26Wvf8Pxh0As-erukauLhIApZoN3J3oTmiN4ByGVg", "posted_on": {"day": 8, "month": 10, "year": 2024}, "text": "We are pleased to announce Toyota Motor Corporation has committed to invest a further $500 million in Joby alongside plans to establish a manufacturing alliance for the first phase of commercialization. \n\nThis investment, to be made in two equal tranches, builds on seven years of partnership and brings Toyota's total investment in Joby to $894 million.\n\nJoby and Toyota have an incredibly well-aligned, long-term vision for the future of air transportation and we are honored to continue deepening our relationship.\n\nRead more about the announcement: https://lnkd.in/gbD7J5Bz", "total_likes": 3340}, {"article_link": "https://www.linkedin.com/posts/jobyaviation_to-reduce-transportations-climate-impact-activity-7245089561515560960-zs5-", "image": "https://media.licdn.com/dms/image/v2/D4E22AQHHwfxlvWPxWw/feedshare-shrink_2048_1536/feedshare-shrink_2048_1536/0/1727363957138?e=1732752000&v=beta&t=RCGhgPJqcvoMBH0zsGLDyhA18FEyDb8ucnEq9YVQxGM", "posted_on": {"day": 1, "month": 10, "year": 2024}, "text": "To reduce transportation's climate impact, we need to deploy and scale big, bold climate solutions.\nAs part of NYC Climate Week, Joby participated in Emerson Collective's  Climate Science Fair to share our progress toward making truly emissions-free flight an everyday reality.", "total_likes": 217}, {"article_link": "https://www.linkedin.com/posts/jobyaviation_atlantic-aviation-extends-agreement-begins-activity-7252750406189989890-AgBm", "image": null, "posted_on": {"day": 18, "month": 10, "year": 2024}, "text": "Our partner Atlantic Aviation, who operates aviation infrastructure across the United States, have announced they intend to install the Global Electric Aviation Charging System (GEACS) at the East 34th Street Heliport in Manhattan, marking the first site in NYC to be electrified for quiet, emissions-free air taxi service.\n\nIn November last year, we flew several exhibition flights from the Downtown Manhattan Helipad over the East River, showcasing the future of aviation to key stakeholders including the NYC Mayor, NY/NJ Port Authority, and NYC Economic Development Corporation.\n\nThe GEACS charging system is designed to enable the safe and efficient operations of all electric aircraft under development today. It allows for the rapid charging of multiple battery packs, with included coolant for thermal management as well as secure data offload.\n\nhttps://lnkd.in/g9UqCm-w", "total_likes": 396}, {"article_link": "https://www.linkedin.com/posts/jobyaviation_nyc-it-was-great-to-see-you-at-grand-central-activity-7251974713059479553-XZol", "image": null, "posted_on": {"day": 15, "month": 10, "year": 2024}, "text": "NYC, it was great to see you at Grand Central!\n\nWe'd like to thank the thousands of commuters and visitors who stopped by to see our electric air taxi in-person, as well as key partners and stakeholders who joined us including Uber CEO Dara Khosrowshahi and Gail Grimmet from Delta Air Lines.\n\nWe'll be back...!", "total_likes": 472}, {"article_link": "https://www.linkedin.com/posts/jobyaviation_joby-is-at-grand-central-terminal-in-activity-7247601182708232193-pHbd", "image": "https://media.licdn.com/dms/image/v2/D4E22AQFOdfCqzxuo6Q/feedshare-shrink_2048_1536/feedshare-shrink_2048_1536/0/1727962774589?e=1732752000&v=beta&t=TjTXN3hgv-LHgN3HNNPycnvVUw0fCNOM0PvmiVaKUEI", "posted_on": {"day": 8, "month": 10, "year": 2024}, "text": "\ud83d\udeeb\u26a1 Joby is at Grand Central Terminal in NYC! \ud83d\uddfd \n\nCome by to experience the future of flight with our quiet, emissions-free electric air taxi.\n\nThe Joby aircraft and our virtual-reality flight simulators will be open to the public until Saturday, October 5, during select hours.\n\nCheck out this link for more info: https://lnkd.in/eMaUMjaq", "total_likes": 1429}, {"article_link": "https://www.linkedin.com/posts/jobyaviation_flying-523-miles-emissions-free-jobys-activity-7249426120863793152-ZvLp", "image": null, "posted_on": {"day": 8, "month": 10, "year": 2024}, "text": "It\u2019s Hydrogen Day, and we\u2019re celebrating the tremendous potential of hydrogen to enable regional flight with no emissions except pure water.\n\nThis year, we have demonstrated multiple 500+ mile eVTOL flights with our hydrogen-electric technology demonstrator. U.S. Department of Energy (DOE)", "total_likes": 365}], "follower_count": 122657, "acquisitions": null, "exit_data": null, "extra": null, "funding_data": [], "categories": null, "customer_list": null}
