{"linkedin_internal_id": "5521", "description": "KPIT Technologies is a global partner to the automotive and mobility ecosystem for making software-defined vehicles a reality. It is a leading independent software development and integration partner helping mobility leapfrog towards a clean, smart, and safe future. With 11,000+ automobelievers across the globe specializing in embedded software, AI, and digital solutions, KPIT accelerates its clients\u2019 implementation of next-generation technologies for the future mobility roadmap. With engineering centers in Europe, the USA, Japan, China, Thailand, and India, KPIT works with leaders in automotive and mobility and is present where the ecosystem is transforming.", "website": "https://www.kpit.com/", "industry": "Software Development", "company_size": [5001, 10000], "company_size_on_linkedin": 15499, "hq": {"country": "IN", "city": "Pune", "postal_code": "411057", "line_1": "SEZ Unit-2 , Plot no- 17 Phase 3, Hinjewadi Rajiv Gandhi Infotech Park, Hinjawadi", "is_hq": true, "state": "Maharashtra"}, "company_type": "PUBLIC_COMPANY", "founded_year": 1990, "specialities": ["Business technology services", "Product Engineering", "Embedded Systems Development", "Automotive & Transportation", "Intelligent public transport", "Automotive Standards", "Software Solutions", "Connected Vehicles", "AUTOSAR", "Product engineering services", "Mechatronics", "Autonomous driving and ADAS", "Electric and Conventional powertrain", "Vehicle Diagnostics"], "locations": [{"country": "IN", "city": "Pune", "postal_code": "411057", "line_1": "SEZ Unit-2 , Plot no- 17 Phase 3, Hinjewadi Rajiv Gandhi Infotech Park, Hinjawadi", "is_hq": true, "state": "Maharashtra"}, {"country": "DE", "city": "Munich", "postal_code": "80807", "line_1": "Frankfurter Ring 105b", "is_hq": false, "state": "Bavaria"}, {"country": "US", "city": "Novi", "postal_code": "48167", "line_1": "21333 Haggerty Rd", "is_hq": false, "state": "Michigan"}, {"country": "TH", "city": "Bangkok", "postal_code": null, "line_1": "44/1 Ratchadapisek Road, Huay Kwang District ThaiGerTec Co Ltd ( Member of KPIT Group) Rungrojthanakul Building", "is_hq": false, "state": null}, {"country": "IN", "city": "Bengaluru", "postal_code": null, "line_1": "B1 Building RMZ Ecoworld Infrastructure Pvt. Ltd. \u2013 SEZ, Marathahalli - Sarjapur Outer Ring Rd, near Intel Campus, Devarabisanahalli,", "is_hq": false, "state": "Karnataka"}, {"country": "JP", "city": "Tokyo", "postal_code": null, "line_1": "Tokyo", "is_hq": false, "state": null}, {"country": "BR", "city": "S\u00e3o Paulo", "postal_code": null, "line_1": null, "is_hq": false, "state": null}, {"country": "US", "city": "Bettendorf", "postal_code": null, "line_1": "2550 Middle Rd Ste 503, Bettendorf, IA 52722", "is_hq": false, "state": null}, {"country": "KR", "city": "Korea", "postal_code": null, "line_1": null, "is_hq": false, "state": null}], "name": "KPIT", "tagline": "Cutting edge automotive software industry, Best Place to Grow", "universal_name_id": "kpit", "profile_pic_url": "https://s3.us-west-000.backblazeb2.com/proxycurl/company/kpit/profile?X-Amz-Algorithm=AWS4-HMAC-SHA256&X-Amz-Credential=0004d7f56a0400b0000000001%2F20241120%2Fus-west-000%2Fs3%2Faws4_request&X-Amz-Date=20241120T053058Z&X-Amz-Expires=3600&X-Amz-SignedHeaders=host&X-Amz-Signature=d0aa2b731bad3e435ba5c05cd81572ca967afd96351addf631b8e88110959fa6", "background_cover_image_url": "https://s3.us-west-000.backblazeb2.com/proxycurl/company/kpit/cover?X-Amz-Algorithm=AWS4-HMAC-SHA256&X-Amz-Credential=0004d7f56a0400b0000000001%2F20241120%2Fus-west-000%2Fs3%2Faws4_request&X-Amz-Date=20241120T053058Z&X-Amz-Expires=3600&X-Amz-SignedHeaders=host&X-Amz-Signature=de00d98a0ecad5f521ceffaebd886da658f020f8c5c683213fc6c1bacc1e5563", "search_id": "5521", "similar_companies": [{"name": "Birlasoft", "link": "https://in.linkedin.com/company/birlasoft", "industry": "IT Services and IT Consulting", "location": "Pune, Maharashtra"}, {"name": "Tata Consultancy Services", "link": "https://in.linkedin.com/company/tata-consultancy-services", "industry": "IT Services and IT Consulting", "location": "Mumbai, Maharashtra"}, {"name": "Persistent Systems", "link": "https://in.linkedin.com/company/persistent-systems", "industry": "IT Services and IT Consulting", "location": "Pune, Maharashtra"}, {"name": "Deloitte", "link": "https://www.linkedin.com/company/deloitte", "industry": "Business Consulting and Services", "location": null}, {"name": "Tech Mahindra", "link": "https://in.linkedin.com/company/tech-mahindra", "industry": "IT Services and IT Consulting", "location": "Pune, Maharashtra"}, {"name": "Cognizant", "link": "https://www.linkedin.com/company/cognizant", "industry": "IT Services and IT Consulting", "location": "Teaneck, New Jersey"}, {"name": "Tata Elxsi", "link": "https://in.linkedin.com/company/tataelxsi", "industry": "IT Services and IT Consulting", "location": "Bangalore, Karnataka"}, {"name": "Capgemini", "link": "https://fr.linkedin.com/company/capgemini", "industry": "Business Consulting and Services", "location": "Paris, France"}, {"name": "HCLTech", "link": "https://in.linkedin.com/company/hcltech", "industry": "IT Services and IT Consulting", "location": "Noida, Uttar Pradesh"}, {"name": "Tata Technologies", "link": "https://in.linkedin.com/company/tata-technologies", "industry": "IT Services and IT Consulting", "location": "Hinjawadi, Pune, Maharashtra"}], "affiliated_companies": [], "updates": [{"article_link": null, "image": "https://media.licdn.com/dms/image/v2/C4D05AQEJ2xk9T6HsYw/feedshare-thumbnail_720_1280/feedshare-thumbnail_720_1280/0/1664514598263?e=2147483647&v=beta&t=dCjz-gMHokba11CLWpk_nJZcMWs124BtotRTLBqnlSk", "posted_on": {"day": 23, "month": 10, "year": 2022}, "text": "Growth is the only constant at KPIT \ud83d\ude80. \n\n \n\n \n\n#KPIT #Culture #BestPlaceToGrow", "total_likes": 1133}, {"article_link": null, "image": null, "posted_on": {"day": 23, "month": 10, "year": 2024}, "text": "KPIT clocks Q2 FY25 CC revenue growth of 20.1% YoY and PAT growth of 44.7% YoY marking 17th consecutive growth quarter\n\nSwipe \ud83d\udc49\ud83c\udffd to browse the highlights of the results & our leadership\u2019s commentary on them. \nDeep dive into the numbers here:\nhttps://lnkd.in/gr6-999k\n\n#KPIT #Q2FY25Results", "total_likes": 153}, {"article_link": null, "image": "https://media.licdn.com/dms/image/v2/D4D05AQG63DaScBpcvQ/feedshare-thumbnail_720_1280/feedshare-thumbnail_720_1280/0/1729515368048?e=2147483647&v=beta&t=KY4Feo-I41jrbWBzAvx04HxtHgCK5C09t4zjyNs8g1w", "posted_on": {"day": 21, "month": 10, "year": 2024}, "text": "Curious about what drives our Global Mobility Management - Compliance and Strategy Director, Aloke Nagaraj at work? \n \nJoin us for a quick chat with Mr. Aloke as we dive into what exactly fuels growth at KPIT. Learn why teamwork, fitness, and relationship-building are key for young engineers and discover some personal favorites along the way. \n \nStay tuned for more sneak peeks into the #LifeAtKPIT \n\nWatch the full video here: https://lnkd.in/dF67-F3u\n\n#LifeAtKPIT #KPIT #BestPlaceToGrow #Teamwork #Fitness #ReimaginingMobility", "total_likes": 99}, {"article_link": null, "image": null, "posted_on": {"day": 19, "month": 10, "year": 2024}, "text": "From accelerating functional tolerance analysis to streamlining harness engineering and creating immersive cockpit virtualization, KPIT\u2019s journey with IBM ELM is shaping the future of automotive innovation.\n\nAt the IBM ELM TechXchange, India Chapter, Our expert Mr. Vikram Kothamachu showcased how MBSE is driving faster development and improving product quality.\n\nA big thank you to the organizers and participants for this fantastic platform. We look forward to collaborating and pushing the envelope of automotive technologies together!\n\nKrishna kumar, DEV DAS V, Ashirbad Dash\n\n#KPIT #IBM #Innovation #ReimaginingMobility", "total_likes": 109}, {"article_link": null, "image": null, "posted_on": {"day": 17, "month": 10, "year": 2024}, "text": "\ud83d\ude97\u2728 The 14th Edition of our #MobilityRoundups is here! \u2728\ud83d\ude97\n\nExplore the latest in mobility trends, from Toyotas Electric vehicle factory, Tatas new move, Nissans innovation to Hyundai's new factory in the USA & some interesting updates from the world of mobility. This edition is packed with insights on Innovation, collaborations and much more.\n\n\ud83d\udcd6 Read the full newsletter now!\n\nTag your fellow mobility enthusiasts in the comments below! \ud83d\udcac\n\n#KPIT #trends #automotive #mobilitytech #innovation", "total_likes": 138}, {"article_link": null, "image": null, "posted_on": {"day": 16, "month": 10, "year": 2024}, "text": "We\u2019re proud to see our \"Chhote Scientists\" program continue to spark curiosity and creativity in young minds across Thailand! Now in its second year, the program brings hands-on learning experiences to schools, turning science into an exciting adventure for students.  \n\nWith the support of our amazing volunteers, we\u2019re helping future innovators explore the wonders of science. \n \nStay tuned for more such updates about #LifeAtKPIT \n \n#KPIT #ChhoteScientist #Culture #CommunityInitiative", "total_likes": 103}, {"article_link": null, "image": null, "posted_on": {"day": 16, "month": 10, "year": 2024}, "text": "In an interview with TechCircle, our CTO Anup Sable explains how KPIT\u2019s forward-thinking approach is driving innovation in the automotive software and ER&D space. \n\nWe are constantly evolving to meet tomorrow\u2019s demands. \n \nLearn more through the full interview here : https://lnkd.in/ghWymuu5 \n\n#KPIT #AutomotiveSoftware #Tech #ReimaginingMobility", "total_likes": 238}, {"article_link": null, "image": null, "posted_on": {"day": 16, "month": 10, "year": 2024}, "text": "In today\u2019s rapidly advancing automotive world, safety isn\u2019t just about airbags and seatbelts \u2014 it\u2019s about understanding the driver. What if your car could assess your emotional state, predict fatigue, and respond in real time to keep you safe? \n\nJoin us at ELIV - Electronics in Vehicles 2024, where our expert Mr. Gowrishankar S, discusses the future of smart automotive cabins. Get to know how AI and machine learning are transforming vehicles by monitoring driver behaviour, integrating physiological data like heart rate and temperature with vehicle patterns, and enabling intelligent responses that ensure a safer and more comfortable journey. \n\nCurious to learn more? See you at ELIV 2024! \n\n16th October 2024 \nTime : 11.45 am to 12.15 pm (German Time) \nPlace: Wien (Ground floor) \n\nKishor Patil, Anup Sable, Rohit Natekar, Stefanie K\u00f6hler, ADITI TIWARI, Vijay P., Praful Mechanda, Robert Schymala, Kush Pathak, Nilesh Waman, Youssef Masmoudi, Hendrik Oliver Schall, Mahibub Shaikh, Debango Chakraborty, Gor Nikoghosyan, Lokesh Thawani, Jignesh K. , Jean-Philippe Ulpiano, Rahul Agarwal, Thomas Schulze, Erick Parra \n\n#KPIT #Europe #ELIV2024 #AI #MachineLearning #DriverBehaviour", "total_likes": 138}, {"article_link": null, "image": null, "posted_on": {"day": 16, "month": 10, "year": 2024}, "text": "We are proud to announce that our Aikyam, a brand-new auditorium project at our Pune Campus has been awarded the The Economic Times DesignScape Award in the Iconic Projects category! \n \nThis recognition celebrates innovation and sustainability, embodying our vision of creating spaces that promote unity and collaboration for our diverse community. \n \nAikyam, designed with Shell Elemental STAD Analysis and featuring 100% fresh air circulation, is a nurturing ground for ideas and creativity. We thank our partners at Venkataramanan Associates for their collaboration in this journey. \n \nTell us what you think about our Aikyam auditorium in the comments below.\n\nRajendra Sathe, Girish C Sabat, Rajesh Vaidya, Keshav Patne\n\n#KPIT #Innovation #AIkyam #Auditorium #Recognition", "total_likes": 183}, {"article_link": null, "image": "https://media.licdn.com/dms/image/v2/D4D05AQELzGMSRm5zvg/feedshare-thumbnail_720_1280/feedshare-thumbnail_720_1280/0/1728536758794?e=2147483647&v=beta&t=kms3ZaCp5HHqhKG0gxKmZ22qDrwsoVwbDDknLOWBafo", "posted_on": {"day": 16, "month": 10, "year": 2024}, "text": "Want to stay ahead of the curve in SDV development?\n \nLearn how left-shift Validation approach can help auto OEMs & Tier1's save time and reduce costs. \n\nMeet us at ELIV - Electronics in Vehicles 2024 to explore insights on how KPIT's left shift validation approach can complement your SDV Development strategy and bring greater quality and scalability to your testing processes.\n \n#SDVDevelopment #SDVValidation #SoftwareValidation #LeftShift #KPIT #ELIV2024", "total_likes": 133}], "follower_count": 549179, "acquisitions": null, "exit_data": null, "extra": null, "funding_data": [], "categories": null, "customer_list": null}
