{"linkedin_internal_id": "2691", "description": "Manulife is a leading international financial services group that helps people make their decisions easier and lives better. With our global headquarters in Toronto, we operate as Manulife across our offices in Canada, Asia, and Europe, and primarily as John Hancock in the United States. We have more than 40,000 employees, over 116,000 agents serving ~34 million customers worldwide, and over $1.3 trillion in assets under management and administration.\nVisit www.Manulife.com to find out more.\n\nFor Manulife terms of use, please visit http://bit.ly/SM_Terms\n", "website": "http://www.manulife.com", "industry": "Insurance", "company_size": [10001, null], "company_size_on_linkedin": 32706, "hq": {"country": "CA", "city": "Toronto", "postal_code": "M4W", "line_1": "200 Bloor St E", "is_hq": true, "state": "Ontario"}, "company_type": "PUBLIC_COMPANY", "founded_year": null, "specialities": [], "locations": [{"country": "CA", "city": "Toronto", "postal_code": "M4W", "line_1": "200 Bloor St E", "is_hq": true, "state": "Ontario"}, {"country": "HK", "city": "Kwun Tong", "postal_code": null, "line_1": "223 Wai Yip St", "is_hq": true, "state": "Hong Kong"}, {"country": "SG", "city": "Singapore", "postal_code": "189554", "line_1": "51 Bras Basah Rd", "is_hq": true, "state": "Singapore"}, {"country": "CA", "city": "Toronto", "postal_code": "M4W 1E6", "line_1": "250 Bloor St E", "is_hq": true, "state": "ON"}, {"country": "ID", "city": "Lombok Barat", "postal_code": "83311", "line_1": "Jalan Jenderal Sudirman", "is_hq": true, "state": "West Nusa Tenggara"}, {"country": "CA", "city": "Kitchener", "postal_code": "N2G 4Z4", "line_1": "25 Water St S", "is_hq": true, "state": "ON"}, {"country": "HK", "city": "Kwun Tong", "postal_code": null, "line_1": "223-231 Wai Yip St", "is_hq": true, "state": "Hong Kong"}, {"country": "PH", "city": "Quezon City", "postal_code": null, "line_1": "Quezon Ave 1050", "is_hq": true, "state": "National Capital Region"}, {"country": "CA", "city": "Oakville", "postal_code": "L6M 2W2", "line_1": "1235 N Service Rd W", "is_hq": true, "state": "ON"}, {"country": "CA", "city": "Waterloo", "postal_code": "N2L", "line_1": "500 King St N", "is_hq": true, "state": "ON"}], "name": "Manulife", "tagline": null, "universal_name_id": "manulife-financial", "profile_pic_url": "https://s3.us-west-000.backblazeb2.com/proxycurl/company/manulife-financial/profile?X-Amz-Algorithm=AWS4-HMAC-SHA256&X-Amz-Credential=0004d7f56a0400b0000000001%2F20241120%2Fus-west-000%2Fs3%2Faws4_request&X-Amz-Date=20241120T053125Z&X-Amz-Expires=3600&X-Amz-SignedHeaders=host&X-Amz-Signature=f69fcbf56a9a2d522e4b1dd7737ad82f4fac3bcb56be5dbf7cb94e1f786699b3", "background_cover_image_url": "https://s3.us-west-000.backblazeb2.com/proxycurl/company/manulife-financial/cover?X-Amz-Algorithm=AWS4-HMAC-SHA256&X-Amz-Credential=0004d7f56a0400b0000000001%2F20241120%2Fus-west-000%2Fs3%2Faws4_request&X-Amz-Date=20241120T053125Z&X-Amz-Expires=3600&X-Amz-SignedHeaders=host&X-Amz-Signature=b11ccc213def8ea53aeb29529d5688971c11572e046bb6708a9165018640f3c2", "search_id": "2691", "similar_companies": [{"name": "Sun Life", "link": "https://www.linkedin.com/company/sun-life-financial/", "industry": "Financial Services", "location": null}, {"name": "FWD Insurance", "link": "https://www.linkedin.com/company/fwd-insurance/", "industry": "Insurance", "location": null}, {"name": "Canada Life", "link": "https://www.linkedin.com/company/canada-life/", "industry": "Insurance", "location": null}, {"name": "John Hancock", "link": "https://www.linkedin.com/company/john-hancock/", "industry": "Financial Services", "location": null}, {"name": "RBC", "link": "https://www.linkedin.com/company/rbc/", "industry": "Banking", "location": null}, {"name": "TD", "link": "https://www.linkedin.com/company/td/", "industry": "Banking", "location": null}, {"name": "Manulife Investment Management", "link": "https://www.linkedin.com/company/manulife-investment-management/", "industry": "Financial Services", "location": null}, {"name": "AIA", "link": "https://www.linkedin.com/company/aia/", "industry": "Insurance", "location": null}, {"name": "Deloitte", "link": "https://www.linkedin.com/company/deloitte/", "industry": "Business Consulting and Services", "location": null}, {"name": "Scotiabank", "link": "https://www.linkedin.com/company/scotiabank/", "industry": "Banking", "location": null}, {"name": "CIBC", "link": "https://www.linkedin.com/company/cibc/", "industry": "Banking", "location": null}, {"name": "JPMorganChase", "link": "https://www.linkedin.com/company/jpmorganchase/", "industry": "Financial Services", "location": null}, {"name": "Citi", "link": "https://www.linkedin.com/company/citi/", "industry": "Financial Services", "location": null}, {"name": "BMO", "link": "https://www.linkedin.com/company/bank-of-montreal/", "industry": "Financial Services", "location": null}, {"name": "HSBC", "link": "https://www.linkedin.com/company/hsbc/", "industry": "Financial Services", "location": null}, {"name": "EY", "link": "https://www.linkedin.com/company/ernstandyoung/", "industry": "IT Services and IT Consulting", "location": null}, {"name": "SunLife", "link": "https://www.linkedin.com/company/sunlife-uk/", "industry": "Insurance", "location": null}, {"name": "IBM", "link": "https://www.linkedin.com/company/ibm/", "industry": "IT Services and IT Consulting", "location": null}, {"name": "Intact", "link": "https://www.linkedin.com/company/intact/", "industry": "Insurance", "location": null}, {"name": "Accenture", "link": "https://www.linkedin.com/company/accenture/", "industry": "Business Consulting and Services", "location": null}], "affiliated_companies": [{"name": "John Hancock", "link": "https://www.linkedin.com/company/john-hancock/", "industry": "Financial Services", "location": null}, {"name": "LOFT: Lab of Forward Thinking\u2122", "link": "https://www.linkedin.com/company/lab-of-forward-thinking/", "industry": "Financial Services", "location": null}, {"name": "John Hancock Investment Management", "link": "https://www.linkedin.com/company/john-hancock-investment-management/", "industry": "Financial Services", "location": null}, {"name": "Manulife Private Wealth", "link": "https://www.linkedin.com/company/manulife-private-wealth/", "industry": "Financial Services", "location": null}, {"name": "Manulife Investment Management", "link": "https://www.linkedin.com/company/manulife-investment-management/", "industry": "Financial Services", "location": null}, {"name": "Manulife Wealth", "link": "https://www.linkedin.com/company/manulifesecurities/", "industry": "Financial Services", "location": null}], "updates": [{"article_link": "https://www.linkedin.com/posts/roygori_today-i-shared-my-decision-to-retire-next-ugcPost-7264238661372719104-FmZr", "image": "https://media.licdn.com/dms/image/v2/D4E22AQFxcT8VvRDrEw/feedshare-shrink_2048_1536/feedshare-shrink_2048_1536/0/1731929455539?e=1734566400&v=beta&t=-6AJdN9s1kXmEXnCFq7ZNG2kMKLznH0m-GYP-U3Hhyc", "posted_on": {"day": 18, "month": 11, "year": 2024}, "text": "Today I shared my decision to retire next May at our Annual General Meeting and that Phil Witherington has been appointed as my successor. \n\nIt has been my honour to serve as Manulife\u2019s President and CEO, and I am humbled to have had the opportunity to play a lead role in shaping the future of such an historic company. I\u2019m extremely proud of our team\u2019s many accomplishments. We\u2019ve delivered superior operating results, de-risked our business, and become a digital customer leader in our industry. \n\nMore importantly, Manulife is a radically transformed company today, built on an exceptionally strong foundation and with tremendous momentum that will carry us to even greater heights.\n\nOur performance and disciplined execution have enabled us to deliver market leading total shareholder return and wouldn\u2019t have been possible without the incredible dedication and engagement of our outstanding global team.\n\nPhil and I have worked together for over a decade, and I know that the Board could not have selected a better successor. Phil\u2019s deep expertise and experience, principled leadership, and ability to drive change are exactly what\u2019s needed as Manulife writes its next chapter.\u00a0\n\u00a0\nAs for what comes next for me, I can now pursue some of the many other passions that I have. Of course, I\u2019ll spend more time with my family in Canada and abroad. And I\u2019ll focus on mentoring the next generation of business leaders and innovators, investing in health and longevity, which is a personal passion of mine, and philanthropy. \n\nTo my colleagues across Manulife: thank you for the privilege of leading our phenomenal team. While I\u2019m incredibly proud of the results we\u2019ve achieved, what I will always be most proud of is the culture we\u2019ve built. And I know I will miss one of the most amazing groups of people I\u2019ve had the opportunity to work with in my career.", "total_likes": 1012}, {"article_link": "https://www.linkedin.com/posts/manulife-financial_winningteam-activity-7263196658002210816-KstM", "image": "https://media.licdn.com/dms/image/v2/D5610AQELrcUSagBwhA/image-shrink_1280/image-shrink_1280/0/1731681024200?e=1732546800&v=beta&t=VMbho24nT2g8-77AyLkOx9lKR52sW0-xIMzQnTgedwM", "posted_on": {"day": 15, "month": 11, "year": 2024}, "text": "For the fourth year in a row, we've been recognized as a top employer by Canada's Top 100 Employers for being an exceptional workplace. This special recognition reinforces our ongoing work to build a #WinningTeam and culture, where our colleagues can bring their authentic selves to work and achieve their full potential.", "total_likes": 374}, {"article_link": "https://www.linkedin.com/posts/manulife-financial_manulifeinclusion-activity-7262630465113604097-pS4c", "image": "https://media.licdn.com/dms/image/v2/D5610AQEXqqtyZxYPKg/image-shrink_1280/image-shrink_1280/0/1731546035039?e=1732546800&v=beta&t=BREDrnslGQoYx56Mqny1cjpqqBeN1SAVH95EdyZpGAc", "posted_on": {"day": 14, "month": 11, "year": 2024}, "text": "We recently hosted a collaborative food festival across our offices to bring colleagues together to learn more about our Employee Resource Groups (ERGs). ERGs are volunteer, colleague-led groups that are structured and designed to support colleagues with shared identities and who are part of marginalized groups that face barriers related to race, ethnicity, gender, age, sexual orientation, or cultural backgrounds. They provide a space for colleagues to build networks, share experiences, and contribute to our global DEI efforts. #ManulifeInclusion", "total_likes": 167}, {"article_link": "https://www.linkedin.com/posts/manulife-financial_canadaremembers-activity-7261725699885969408-Gw0r", "image": "https://media.licdn.com/dms/image/v2/D5610AQGFDquyu8lilw/image-shrink_1280/image-shrink_1280/0/1731330323033?e=1732546800&v=beta&t=kOWaAfGMZs7aeH83l4C-_SjVXc_rgmRennbg0-QDpoU", "posted_on": {"day": 11, "month": 11, "year": 2024}, "text": "On Remembrance Day, we are recognizing and honouring the brave individuals who have served our country and those who have made the ultimate sacrifice. Our Global Chief Marketing Officer Karen Leggett, members of the Canadian Armed Forces, and colleagues across the country came together for a service of remembrance. The commemorative ceremony, which was held on the lawn of our global headquarters in Toronto, honours military members, both past and present.\u202f\u202fThe sacrifices made by these individuals have given us the freedoms and values we enjoy today. #CanadaRemembers", "total_likes": 580}, {"article_link": "https://www.linkedin.com/posts/manulife-financial_last-week-a-number-of-our-leaders-and-colleagues-activity-7255367593023152129-OiSk", "image": "https://media.licdn.com/dms/image/v2/D5610AQFGCcWmKSka4g/image-shrink_1280/image-shrink_1280/0/1729814431380?e=1732546800&v=beta&t=hkF67WRNc5l_O_1ksMmBa2_6efpy6_mpF1YwYAbiQ6g", "posted_on": {"day": 28, "month": 10, "year": 2024}, "text": "Last week, a number of our leaders and colleagues attended The Grace Hopper Celebration in Philadelphia. We are a proud sponsor of the conference, which is the world\u2019s largest gathering of women and non-binary technologists. The event is named in honour of Grace Hopper, who was a computer scientist and U.S. Navy rear admiral. The goal of the event is to empower tomorrow\u2019s innovators and equip women in technology with the skills, knowledge and networks necessary to drive innovation and lead transformative change in the digital age.", "total_likes": 186}, {"article_link": "https://www.linkedin.com/posts/manulife-financial_we-wish-everyone-celebrating-a-bright-and-activity-7257723559605592064-pGZt", "image": "https://media.licdn.com/dms/image/v2/D5610AQHoIVunpDXCGA/image-shrink_1280/image-shrink_1280/0/1730376138315?e=1732546800&v=beta&t=Wng_TuhvAEBWiBhl_J_7TLTdsS139fCHmoM291Isfrs", "posted_on": {"day": 4, "month": 11, "year": 2024}, "text": "We wish everyone celebrating a bright and happy Diwali.", "total_likes": 648}], "follower_count": 319437, "acquisitions": null, "exit_data": null, "extra": null, "funding_data": [], "categories": null, "customer_list": null}
