{"linkedin_internal_id": "71559067", "description": "MassMutual India is here to empower careers and help people secure their futures through innovation and technology.", "website": "https://careers.massmutualindia.com/", "industry": "IT Services and IT Consulting", "company_size": [1001, 5000], "company_size_on_linkedin": 982, "hq": {"country": "IN", "city": "Serilingampally Mandal, Nanakramguda Village, Ranga Reddy District, Hyderabad", "postal_code": "500008", "line_1": "7th Floor, Block - 1, BSR IT SEZ", "is_hq": true, "state": "Telangana"}, "company_type": "PRIVATELY_HELD", "founded_year": null, "specialities": [], "locations": [{"country": "IN", "city": "Serilingampally Mandal, Nanakramguda Village, Ranga Reddy District, Hyderabad", "postal_code": "500008", "line_1": "7th Floor, Block - 1, BSR IT SEZ", "is_hq": true, "state": "Telangana"}], "name": "MassMutual India", "tagline": "Empowering careers and helping people secure their futures through innovation and technology.", "universal_name_id": "massmutual-india", "profile_pic_url": "https://s3.us-west-000.backblazeb2.com/proxycurl/company/massmutual-india/profile?X-Amz-Algorithm=AWS4-HMAC-SHA256&X-Amz-Credential=0004d7f56a0400b0000000001%2F20241120%2Fus-west-000%2Fs3%2Faws4_request&X-Amz-Date=20241120T045004Z&X-Amz-Expires=3600&X-Amz-SignedHeaders=host&X-Amz-Signature=686e24893b3c46029783ee02abc4001a085a9af263113824a610db35e42075e4", "background_cover_image_url": "https://s3.us-west-000.backblazeb2.com/proxycurl/company/massmutual-india/cover?X-Amz-Algorithm=AWS4-HMAC-SHA256&X-Amz-Credential=0004d7f56a0400b0000000001%2F20241120%2Fus-west-000%2Fs3%2Faws4_request&X-Amz-Date=20241120T045004Z&X-Amz-Expires=3600&X-Amz-SignedHeaders=host&X-Amz-Signature=5300e1252d2de204a9faed148285ed483249b1fb2f73e64508ef58e3d0398485", "search_id": "71559067", "similar_companies": [{"name": "MassMutual", "link": "https://www.linkedin.com/company/massmutual-financial-group/", "industry": "Financial Services", "location": null}, {"name": "Mass Mutual Life Insurance Company", "link": "https://www.linkedin.com/company/mass-mutual-mml-investor-services-inc./", "industry": "Financial Services", "location": null}, {"name": "MassMutual Romania", "link": "https://www.linkedin.com/company/massmutual-romania/", "industry": "IT Services and IT Consulting", "location": null}, {"name": "Deloitte", "link": "https://www.linkedin.com/company/deloitte/", "industry": "Business Consulting and Services", "location": null}, {"name": "Wells Fargo", "link": "https://www.linkedin.com/company/wellsfargo/", "industry": "Financial Services", "location": null}, {"name": "Tata Consultancy Services", "link": "https://www.linkedin.com/company/tata-consultancy-services/", "industry": "IT Services and IT Consulting", "location": null}, {"name": "Carelon Global Solutions India", "link": "https://www.linkedin.com/company/carelon-global-solutions-in/", "industry": "IT Services and IT Consulting", "location": null}, {"name": "Cognizant", "link": "https://www.linkedin.com/company/cognizant/", "industry": "IT Services and IT Consulting", "location": null}, {"name": "JPMorganChase", "link": "https://www.linkedin.com/company/jpmorganchase/", "industry": "Financial Services", "location": null}, {"name": "EY", "link": "https://www.linkedin.com/company/ernstandyoung/", "industry": "IT Services and IT Consulting", "location": null}, {"name": "Amazon", "link": "https://www.linkedin.com/company/amazon/", "industry": "Software Development", "location": null}, {"name": "Wipro", "link": "https://www.linkedin.com/company/wipro/", "industry": "IT Services and IT Consulting", "location": null}, {"name": "Genpact", "link": "https://www.linkedin.com/company/genpact/", "industry": "Business Consulting and Services", "location": null}, {"name": "State Street", "link": "https://www.linkedin.com/company/state-street/", "industry": "Financial Services", "location": null}, {"name": "LTIMindtree", "link": "https://www.linkedin.com/company/ltimindtree/", "industry": "IT Services and IT Consulting", "location": null}, {"name": "Optum", "link": "https://www.linkedin.com/company/optum/", "industry": "Hospitals and Health Care", "location": null}, {"name": "Virtusa", "link": "https://www.linkedin.com/company/virtusa/", "industry": "IT Services and IT Consulting", "location": null}, {"name": "IBM", "link": "https://www.linkedin.com/company/ibm/", "industry": "IT Services and IT Consulting", "location": null}, {"name": "Infosys", "link": "https://www.linkedin.com/company/infosys/", "industry": "IT Services and IT Consulting", "location": null}, {"name": "HCLTech", "link": "https://www.linkedin.com/company/hcltech/", "industry": "IT Services and IT Consulting", "location": null}], "affiliated_companies": [{"name": "MassMutual", "link": "https://www.linkedin.com/company/massmutual-financial-group/", "industry": "Financial Services", "location": null}], "updates": [{"article_link": "https://www.linkedin.com/posts/massmutual-india_massmutualindia-activity-7261618694290649088-TfX3", "image": "https://media.licdn.com/dms/image/v2/D4E10AQE8zn-PJUt8WA/image-shrink_1280/image-shrink_1280/0/1731304800628?e=1732489200&v=beta&t=Ok_yW1yVg5yLCcc3fAuIOU8HMPUGgIajUgVZUappMss", "posted_on": {"day": 11, "month": 11, "year": 2024}, "text": "Week on week, we are proud to welcome new members to our ever-growing #MassMutualIndia family. If you are interested in joining us, then check out the open positions with us here http://spr.ly/60489iNlk", "total_likes": 55}, {"article_link": "https://www.linkedin.com/posts/massmutual-india_massmutualindia-activity-7259444371496882176-nBu_", "image": "https://media.licdn.com/dms/image/v2/D4E10AQFg93A1LWMyqg/image-shrink_1280/image-shrink_1280/0/1730786401682?e=1732489200&v=beta&t=h559scfb4xn1fanpD78YJShhWunxB-ERqKdzVOESID8", "posted_on": {"day": 10, "month": 11, "year": 2024}, "text": "Week on week, we are proud to welcome new members to our ever-growing #MassMutualIndia family. If you are interested in joining us, then check out the open positions with us here http://spr.ly/60489iNlk", "total_likes": 75}, {"article_link": "https://www.linkedin.com/posts/massmutual-india_massmutualindia-activity-7258103159879876608-JDwm", "image": "https://media.licdn.com/dms/image/v2/D4E10AQHUP9nLl86edg/image-shrink_1280/image-shrink_1280/0/1730466631875?e=1732489200&v=beta&t=_tlEns75DqU_ce51ghnQQkdJ-KPveBr9age0UGhv_1Q", "posted_on": {"day": 3, "month": 11, "year": 2024}, "text": "The roundtable conducted by The Economic Times focused on 'Driving Workplace Collaboration'. Industry leaders, heads of the organizations shared their experiences of collaboration and how technology is playing a role to accelerate it. \n\nKartik Ayalh, Director, Technology Delivery shared how at #MassMutualIndia we prepared the workforce to tackle the remote work situation. From the times when the remote work started to hybrid work model now, we have evolved with the needs of the time. Collaboration, as Kartik emphasized, roots from a very important value - Trust. He also mentioned that technology has helped strengthen the trust and create a transparent work culture that we currently have. http://spr.ly/6048Spt78", "total_likes": 108}, {"article_link": "https://www.linkedin.com/posts/massmutual-india_building-resilient-teams-for-tomorrow-was-activity-7256907655405780993-vdIG", "image": "https://media.licdn.com/dms/image/v2/D4E10AQFPqTBpugZJmw/image-shrink_1280/image-shrink_1280/0/1730181605696?e=1732489200&v=beta&t=SuOW4oBkwplmfuaJ5yWrGXdZp-VaqUEpOQrtOXCXBC8", "posted_on": {"day": 3, "month": 11, "year": 2024}, "text": "'Building Resilient Teams for Tomorrow' was the theme this year for the Leadership Retreat 2024. This one day retreat is the time for all people managers and leaders to come together to discuss achievements, strategy, future plans and loads of learning on leadership. Ravi Tangirala, Head of MassMutual India set the tone for the day by sharing our successes, areas of improvement and on strengthening our capabilities as innovation partner of the parent organization.\n\nThis year we had the fortune to listen to Dr. Chinnababu Sunkavalli, a renowned Robotic Surgical Oncologist. He shared many life lessons which actually struck a chord and resonated with the leaders in the room. He, through his work embodies values like trust, honesty and the need to constantly evolve. These were some lessons in leadership he left us with, to take back. The session also had team building activities with undertones of building resilient teams. As the day progressed, we also had Jodi Dudley, Head of Global Business Services talk to us virtually on the strategies for building up the GBS to the next level. \n\nThe lessons from each of the leaders, we are sure will pave the path and help us lead this digital transformation of business.", "total_likes": 170}, {"article_link": "https://www.linkedin.com/posts/massmutual-india_massmutualindia-activity-7257270041971167232-xf_M", "image": "https://media.licdn.com/dms/image/v2/D4E10AQF2WlOxyibDFg/image-shrink_1280/image-shrink_1280/0/1730268000943?e=1732489200&v=beta&t=ZjsQVsZoWbdNcNGV_l845ktgXehCtBsUuWs0vNiGqZI", "posted_on": {"day": 3, "month": 11, "year": 2024}, "text": "How can organizations make meaningful contributions in shaping the talent of tomorrow formed the crux of the roundtable discussion held by The Economic Times.\n\nRachna Taranath, Interim Head of HR #MassMutualIndia very aptly underlined the efforts made by the organization to make the future ready talent meet the niche requirements. She also emphasized on importance of symbiotic relationship between the academia and industry to see the young talent evolve and shape the next industrial revolution. https://lnkd.in/g_SUpT5D", "total_likes": 112}, {"article_link": "https://www.linkedin.com/posts/massmutual-india_massmutualindia-activity-7255095714748284929-zpfZ", "image": "https://media.licdn.com/dms/image/v2/D4E10AQEzJkZZVMz5dw/image-shrink_1280/image-shrink_1280/0/1729749600979?e=1732489200&v=beta&t=Swf2CnYgUTOZdJGBA3-Kps30eWXuT2daUDQSBRH6pNA", "posted_on": {"day": 27, "month": 10, "year": 2024}, "text": "We like to share stories of our employees that inspire. Meet Mahesh, who shares how #MassMutualIndia has helped him grow from an intern and a full time employee now. http://spr.ly/6043ivLZT", "total_likes": 56}], "follower_count": 19330, "acquisitions": null, "exit_data": null, "extra": null, "funding_data": [], "categories": null, "customer_list": null}
