{"linkedin_internal_id": "2677", "description": "McDonald\u2019s is the world\u2019s leading global foodservice retailer with over 37,000 locations in over 100 countries.  More than 90% of McDonald\u2019s restaurants worldwide are owned and operated by independent local business men and women.\n \nMcDonald's & our franchisees employ 1.9 million people worldwide.\n\nWe serve the world some of its favorite foods - World Famous Fries, Big Mac, Quarter Pounder, Chicken McNuggets and Egg McMuffin. \n\nTo learn more about the company, please visit www.aboutmcdonalds.com.", "website": "https://corporate.mcdonalds.com/", "industry": "Restaurants", "company_size": [10001, null], "company_size_on_linkedin": 376587, "hq": {"country": "US", "city": "Chicago", "postal_code": "60607", "line_1": "110 N Carpenter St", "is_hq": true, "state": "Illinois"}, "company_type": "PUBLIC_COMPANY", "founded_year": null, "specialities": ["Restaurant", "sustainability", "foodservice", "franchising", "operations", "real estate", "supply chain", "communications", "human resources", "finance", "IT", "accounting", "marketing", "investor relations", "charities", "RMHC", "diversity", "CSR", "legal", "insurance"], "locations": [{"country": "US", "city": "Chicago", "postal_code": "60607", "line_1": "110 N Carpenter St", "is_hq": true, "state": "Illinois"}], "name": "McDonald's", "tagline": null, "universal_name_id": "mcdonald's-corporation", "profile_pic_url": "https://s3.us-west-000.backblazeb2.com/proxycurl/company/mcdonald%27s-corporation/profile?X-Amz-Algorithm=AWS4-HMAC-SHA256&X-Amz-Credential=0004d7f56a0400b0000000001%2F20241120%2Fus-west-000%2Fs3%2Faws4_request&X-Amz-Date=20241120T051937Z&X-Amz-Expires=3600&X-Amz-SignedHeaders=host&X-Amz-Signature=fb6b66b6a7a2cc189ad8635ddf6e021fbbafb4359aec8964e63548d3475e0f5f", "background_cover_image_url": "https://s3.us-west-000.backblazeb2.com/proxycurl/company/mcdonald%27s-corporation/cover?X-Amz-Algorithm=AWS4-HMAC-SHA256&X-Amz-Credential=0004d7f56a0400b0000000001%2F20241120%2Fus-west-000%2Fs3%2Faws4_request&X-Amz-Date=20241120T051937Z&X-Amz-Expires=3600&X-Amz-SignedHeaders=host&X-Amz-Signature=e1f81348d7f449651fee21fc78757b2e5451eb60e758d8f3bdc2462f040dab9c", "search_id": "2677", "similar_companies": [{"name": "Burger King", "link": "https://www.linkedin.com/company/burger-king", "industry": "Restaurants", "location": "Miami, FL"}, {"name": "Starbucks", "link": "https://www.linkedin.com/company/starbucks", "industry": "Retail", "location": "Seattle, WA"}, {"name": "Domino's", "link": "https://www.linkedin.com/company/domino's-pizza", "industry": "Restaurants", "location": "Ann Arbor, MI"}, {"name": "KFC", "link": "https://www.linkedin.com/company/kfc", "industry": "Restaurants", "location": "Dallas, TX"}, {"name": "Nestl\u00e9", "link": "https://ch.linkedin.com/company/nestle-s-a-", "industry": "Food and Beverage Services", "location": null}, {"name": "Amazon", "link": "https://www.linkedin.com/company/amazon", "industry": "Software Development", "location": "Seattle, WA"}, {"name": "Arcos Dorados", "link": "https://uy.linkedin.com/company/arcosdorados", "industry": "Food and Beverage Retail", "location": "Montevideo, Montevideo"}, {"name": "Subway", "link": "https://www.linkedin.com/company/subway", "industry": "Restaurants", "location": null}, {"name": "Pizza Hut", "link": "https://www.linkedin.com/company/pizza-hut", "industry": "Restaurants", "location": "Plano, TX"}, {"name": "Google", "link": "https://www.linkedin.com/company/google", "industry": "Software Development", "location": "Mountain View, CA"}], "affiliated_companies": [{"name": "McDonald's France", "link": "https://fr.linkedin.com/showcase/mcdonalds-france/", "industry": "Restaurants", "location": null}, {"name": "McCaf\u00e9 Canada", "link": "https://ca.linkedin.com/showcase/mccafe-canada/", "industry": "Restaurants", "location": "Toronto, Ontario"}, {"name": "McDonald's Restaurants, Hungary", "link": "https://hu.linkedin.com/showcase/mcdonald's-hungary/", "industry": "Restaurants", "location": null}, {"name": "McDonald's Centre de l'Emploi & des M\u00e9tiers", "link": "https://fr.linkedin.com/company/mc-donald's-centre-de-l'emploi-&-des-m%C3%A9tiers", "industry": "Restaurants", "location": null}, {"name": "McDonald's Azerbaijan", "link": "https://az.linkedin.com/showcase/mcdonald's-azerbaijan/", "industry": "Restaurants", "location": null}], "updates": [{"article_link": null, "image": "https://media.licdn.com/dms/image/v2/D5610AQFKyaMwp87Lkw/image-shrink_1280/image-shrink_1280/0/1730208902489?e=2147483647&v=beta&t=7yMTcIQkt8I1BFj6-lmI_zjlGQ-z_ZlYZSe8Tkl4OUY", "posted_on": {"day": 4, "month": 11, "year": 2024}, "text": "We've released our Q3 2024 results. View the details here: https://bit.ly/3UrKO0I", "total_likes": 271}, {"article_link": null, "image": "https://media.licdn.com/dms/image/v2/D5610AQEljrtRsiTo9g/image-shrink_1280/image-shrink_1280/0/1730112481571?e=2147483647&v=beta&t=qhEcwqDOUQMNfABeCedrNfT2RLMUMX70D9nabI3fntU", "posted_on": {"day": 4, "month": 11, "year": 2024}, "text": "Tomorrow we're hosting our Q3 2024 earnings call. Register here to listen in: https://bit.ly/486ASPS", "total_likes": 181}, {"article_link": null, "image": null, "posted_on": {"day": 21, "month": 10, "year": 2024}, "text": "Our restaurants around the world are finding new and unique ways to be more #sustainable, including a new Arcos Dorados restaurant in Gu\u00e1piles, Costa Rica. Here\u2019s how they\u2019re helping to advance our #sustainability ambitions: \n\n\ud83c\udf1e Solar panels generate a significant portion of the restaurant\u2019s #energy \n\ud83c\udf31 This helps reduce its carbon footprint and enhances energy efficiency and supports #renewableenergy sources \n\ud83d\udca7 Other initiatives in motion include rainwater recovery for use in irrigation, faucets with flow reduction, LED lights and automatic switching on of signs and exterior lighting to prevent unnecessary energy use \n\nServing up sustainability with a side of #innovation \u26a1\ufe0f", "total_likes": 96}, {"article_link": null, "image": "https://media.licdn.com/dms/image/v2/D5610AQF8uuqDkRrpKg/image-shrink_1280/image-shrink_1280/0/1728996902058?e=2147483647&v=beta&t=Qam51eE7Y4yiAN5thSOztW8Y64t7RcqsUIdzf5Q_sc8", "posted_on": {"day": 21, "month": 10, "year": 2024}, "text": "Our friends at Ronald McDonald House Charities are celebrating 50 years! \ud83c\udf89 They've provided millions of families with physical and emotional support, ensuring access to care throughout their child\u2019s healthcare journey. So, let's take a trip down memory lane. \ud83d\udcad     \n  \nIt all started when Fred and Fran Hill were faced with a medical crisis as their daughter Kim battled Leukemia. This personal journey inspired them to help families like theirs stay together while their children receive medical treatment. With the help of McDonald's Franchisees and Philadelphia's professional football team, they launched a fundraiser and made history. The first Ronald McDonald House opened in Philadelphia on October 15, 1974.    \n  \nMcDonald's ongoing commitment to RMHC is a central pillar of our commitment to positively impacting the communities where we operate. We're proud to be the organization's founding and forever mission partner. \ud83d\udc9b #RMHC50", "total_likes": 852}, {"article_link": null, "image": "https://media.licdn.com/dms/image/v2/D5610AQHHI8i4yt2sTQ/ads-video-thumbnail_720_1280/ads-video-thumbnail_720_1280/0/1727817366037?e=2147483647&v=beta&t=x0VrHP3psGCYujRhdiY86jU3QEBGQAVgxHcLiu58c1U", "posted_on": {"day": 11, "month": 10, "year": 2024}, "text": "As you move through your #career, building and leaning on your #network is crucial. 1 in 8 Americans have worked at a #McDonald\u2019s and it\u2019s a special community to be a part of. \n\nWe recently spotlighted the power of the 1 in 8 community at an exclusive event for our Crew and Franchisees, from Golden headshots to \"Fryside chats\" with notable alumni. Check it out \u2b07\ufe0f\ud83d\udc9b", "total_likes": 620}, {"article_link": null, "image": "https://media.licdn.com/dms/image/v2/D5610AQGM6k3YSNp3wg/ads-video-thumbnail_720_1280/ads-video-thumbnail_720_1280/0/1727865061844?e=2147483647&v=beta&t=_CTdenXUnPl2psW4aIk0Co8GpRytIuyLldCRoT09EHg", "posted_on": {"day": 11, "month": 10, "year": 2024}, "text": "It\u2019s true what they say: good things can come in small (and more sustainable) packages \ud83d\udc95 \n\nIn the U.S., both the Mini and Regular #McFlurry are now served in a more sustainable four-flap cup, phasing out plastic McFlurry cup lids. This will help reduce waste and advance our goal of sourcing 100% of primary guest #packaging from renewable, #recycled or certified materials by the end of 2025 \u267b\ufe0f \n\nThe four-flap cups are currently available in several other international markets like Canada and Indonesia \u2013 join us in welcoming them (and their Mini counterpart) to the U.S.! \ud83c\udf0f", "total_likes": 821}, {"article_link": null, "image": "https://media.licdn.com/dms/image/v2/D5610AQHHI8i4yt2sTQ/ads-video-thumbnail_720_1280/ads-video-thumbnail_720_1280/0/1727817366037?e=2147483647&v=beta&t=x0VrHP3psGCYujRhdiY86jU3QEBGQAVgxHcLiu58c1U", "posted_on": {"day": 11, "month": 10, "year": 2024}, "text": "As you move through your #career, building and leaning on your #network is crucial. 1 in 8 Americans have worked at a #McDonald\u2019s and it\u2019s a special community to be a part of. \n\nWe recently spotlighted the power of the 1 in 8 community at an exclusive event for our Crew and Franchisees, from Golden headshots to \"Fryside chats\" with notable alumni. Check it out \u2b07\ufe0f\ud83d\udc9b", "total_likes": 620}, {"article_link": null, "image": "https://media.licdn.com/dms/image/v2/D5610AQEpVPEs5ZfwNQ/image-shrink_800/image-shrink_800/0/1727364244127?e=2147483647&v=beta&t=yPhCSW15XslXAcYHHkANxjN4ldiZrKFu54U-M3CvV3A", "posted_on": {"day": 11, "month": 10, "year": 2024}, "text": "Throughout September, you can find McDonald\u2019s employees around the world giving back to the communities we serve! It\u2019s #GlobalVolunteerMonth \u2014 here\u2019s what we\u2019ve been up to around the world \ud83d\udc9b #volunteer", "total_likes": 464}, {"article_link": null, "image": "https://media.licdn.com/dms/image/v2/D5610AQH6kDxnGfiY7Q/ads-video-thumbnail_720_1280/ads-video-thumbnail_720_1280/0/1727182983551?e=2147483647&v=beta&t=4DpjHf0kUbEF-ki81keYdcN_LqTzi7qPjbxD7iHSU5w", "posted_on": {"day": 11, "month": 10, "year": 2024}, "text": "Let\u2019s unpack some impressive #sustainability stats on McDonald\u2019s progress against our packaging, toys, and waste ambitions. \ud83c\udf5f\ud83c\udf31  \n\nThis is just one part of our vision to help ensure the #impact we\u2019re leaving on the #planet and our communities is a positive one. Learn more about our efforts: https://bit.ly/3AO6cGE", "total_likes": 540}, {"article_link": null, "image": "https://media.licdn.com/dms/image/v2/D4D10AQFPkrZpaaLF2Q/ads-video-thumbnail_720_1280/ads-video-thumbnail_720_1280/0/1726759210749?e=2147483647&v=beta&t=74uNuZheHwB8xPb4zzJmQNfylRjAeGHWeBFPgT8LURo", "posted_on": {"day": 11, "month": 10, "year": 2024}, "text": "Career chats? Sign us up! Hear from McDonald\u2019s Global Chief Communications Officer, Sandy Rodriguez, about everything from overcoming challenging moments to her work bag essentials.\n\nWhat\u2019s the best piece of career advice you\u2019ve received? Drop it in the comments! \ud83d\udca1 #careerdevelopment #careeradvice", "total_likes": 602}], "follower_count": 2005452, "acquisitions": null, "exit_data": null, "extra": null, "funding_data": [], "categories": null, "customer_list": null}
