{"linkedin_internal_id": "27456", "description": "Welcome to the official Linkedin page for McHenry County College (MCC)! MCC is a leading community college, located in McHenry County, offering both credit programs and non-credit continuing & professional education. Visit www.mchenry.edu today.", "website": "https://www.mchenry.edu", "industry": "Higher Education", "company_size": [501, 1000], "company_size_on_linkedin": 800, "hq": {"country": "US", "city": "Crystal Lake", "postal_code": "60012-2761", "line_1": "8900 US Hwy 14", "is_hq": true, "state": "il"}, "company_type": "EDUCATIONAL", "founded_year": 1967, "specialities": [], "locations": [{"country": "US", "city": "Crystal Lake", "postal_code": "60012-2761", "line_1": "8900 US Hwy 14", "is_hq": true, "state": "il"}], "name": "McHenry County College", "tagline": "Our focus is on learning. Student success is our goal.", "universal_name_id": "mchenry-county-college", "profile_pic_url": "https://media.licdn.com/dms/image/v2/C4E0BAQGDsowYTKmMOQ/company-logo_400_400/company-logo_400_400/0/1631313591399?e=1740009600&v=beta&t=bthDnb9DMlkF3XHE3VWfUAPh_2JqAmHZzPbJw-AoJsU", "background_cover_image_url": "https://media.licdn.com/dms/image/v2/C4E1BAQERgaWrLj7urw/company-background_200/company-background_200/0/1584037586237/mchenry_county_college_cover?e=1732687200&v=beta&t=BEQhOhlibsBK5bEcSg3xvSE4_KWm7qKAppWCijmHMZw", "search_id": "27456", "similar_companies": [{"name": "AGEX TRANSPORTES URGENTES", "link": "https://www.linkedin.com/company/agextransportes/", "industry": "Truck Transportation", "location": null}], "affiliated_companies": [], "updates": [{"article_link": "https://www.linkedin.com/posts/mchenry-county-college_cati-robotics-mechatronics-activity-7264710360543223808-eFxL", "image": "https://media.licdn.com/dms/image/v2/D5610AQGHQYEUsBLimg/image-shrink_1280/image-shrink_1280/0/1732041921691?e=1732687200&v=beta&t=A4g1Jc4CoEOCJDwt1fn4ZJKRE6jnyCWXCKXX51elCE0", "posted_on": {"day": 19, "month": 11, "year": 2024}, "text": "Did you know you can take a guided walking tour of MCC's new Foglia Center for Advanced Technology and Innovation (CATI)? This tour lets you preview our skilled trade programs while exploring the building\u2019s state-of-the-art labs, classrooms with the latest industry-standard technology and equipment, and collaborative spaces with the Griffin Museum of Science and Industry. \nTours are available on November 19 and 26, December 17, and January 7, 14, 21, and 28, all at 5:30 p.m. Registration is encouraged but not mandatory. Register today at https://lnkd.in/gAXT7izh.\n#CATI #Robotics #Mechatronics #HVAC #CNCMachining", "total_likes": 15}, {"article_link": "https://www.linkedin.com/posts/mchenry-county-college_workforcetraining-nonprofittraining-skillsdevelopment-activity-7263310045608620032-znhS", "image": "https://media.licdn.com/dms/image/v2/D5610AQHBGSxxwsCcTg/image-shrink_1280/image-shrink_1280/0/1731708060454?e=1732687200&v=beta&t=Zt6dw9S3AZ-GptzCaengdfTlDT_WMkIjXEzV8EK9QE4", "posted_on": {"day": 16, "month": 11, "year": 2024}, "text": "Illinois Community College Board Workforce Training Grant funds can offset the cost of training by 50% for eligible McHenry County businesses and nonprofit organizations (Government agencies excluded). Contact us at talentimpact@mchenry.edu or (815) 455-8593 for details. \n#WorkforceTraining #NonprofitTraining #SkillsDevelopment", "total_likes": 11}, {"article_link": "https://www.linkedin.com/posts/mchenry-county-college_mcc-is-searching-for-a-piano-accompanist-activity-7263264921381974016-jF5n", "image": "https://media.licdn.com/dms/image/v2/D5610AQGv4qLa5P5Wsg/image-shrink_1280/image-shrink_1280/0/1731697301927?e=1732687200&v=beta&t=1CkMq8foGDpisacB2yuF0BHWUgXjghiZ6qkC_N5WS8A", "posted_on": {"day": 16, "month": 11, "year": 2024}, "text": "MCC is searching for a Piano accompanist for the production of Legally Blonde. Auditions are December 9, 10, and 12 from 6-9 p.m. Rehearsals will start on January 13 on Mondays, Wednesdays, and Fridays from 6- 9:30 p.m. and possibly some Sundays. Tech week is March 2-6.\nTen performances: \u00a0March 7, 8, 9, 14, 15, 16 (two shows), 21, 22, 23.\nCompensation will be negotiable based on the candidate\u2019s experience, recommendations, and availability to play for all of the above. Interested candidates should contact Michael Hillstrom at (815) 479-7814 or mhillstrom@mchenry.edu.", "total_likes": 4}, {"article_link": "https://www.linkedin.com/posts/mchenry-county-college_archaeology-anthropology-activity-7262494881485324289-tI-n", "image": "https://media.licdn.com/dms/image/v2/D5610AQF9HS6F7MrFcg/image-shrink_1280/image-shrink_1280/0/1731513710031?e=1732687200&v=beta&t=40ij9GauRQPJ7gtSlMOOH3Q76zLhHacwKC1OwZC8HRc", "posted_on": {"day": 14, "month": 11, "year": 2024}, "text": "Fascinated by anthropology? You can take classes from an expert right here at MCC! Learn more about MCC anthropology instructor Dr. Christopher Davis, his extensive experience in archaeoastronomy, and even his recent feature in a Netflix documentary at https://lnkd.in/g6ucDrZe. Then enroll in one of five anthropology classes this spring!\n#Archaeology #Anthropology", "total_likes": 8}, {"article_link": "https://www.linkedin.com/posts/mchenry-county-college_discover-how-scrooges-transformation-from-activity-7262524382655229953-E-Kp", "image": null, "posted_on": {"day": 14, "month": 11, "year": 2024}, "text": "Discover how Scrooge's transformation from miser to philanthropist can inspire your own holiday spirit on December 11 at MCC. Enjoy live music, refreshments, and a captivating presentation with Q&A. This event is free and open to the community.", "total_likes": 7}, {"article_link": "https://www.linkedin.com/posts/mchenry-county-college_futureotas-occupationaltherapy-activity-7262102200342990848-eUIi", "image": "https://media.licdn.com/dms/image/v2/D5610AQEXjNLVmDh3iw/image-shrink_1280/image-shrink_1280/0/1731420087599?e=1732687200&v=beta&t=_RPeVc4c7FswO1rV5n4msQoBbuyjLFyb8LBDTlqwPUk", "posted_on": {"day": 13, "month": 11, "year": 2024}, "text": "Our first-year OTA students recently completed a challenging lab practical where they led a Sensory Bingo group therapy session. This experience helped them learn how to adapt interventions to meet the needs of clients with cognitive difficulties, a crucial skill for their upcoming Level I Fieldwork. Learn about the OTA program at our information session on December 10, at 3 p.m. in E217 or visit www.mchenry.edu/ota \n#FutureOTAs #OccupationalTherapy", "total_likes": 27}], "follower_count": 19144, "acquisitions": null, "exit_data": null, "extra": null, "funding_data": [], "categories": null, "customer_list": null}
