{"linkedin_internal_id": "10023541", "description": "Nauto is the leader in AI-powered safety and operations excellence for commercial fleets. Nauto simplifies day-to-day operations by consolidating driver and fleet safety, risk, and core telematics in a driver-friendly platform. Nauto's real-time safety solution with multi-risk fusion, built upon more than 3 billion AI-processed driving miles, delivers superior outcomes, and provides pedestrian, bicyclist, and motorcyclist detection and alerting. With Nauto, fleets are able to foster a culture of performance excellence as demonstrated by reduced collisions, costs, risk, and driver training and churn. Nauto is trusted by 800 fleets worldwide and customers across multiple industry verticals have seen up to 80% collision reduction.", "website": "https://www.nauto.com", "industry": "Software Development", "company_size": [51, 200], "company_size_on_linkedin": 136, "hq": {"country": "US", "city": "Palo Alto", "postal_code": "94306", "line_1": "220 Portage Ave", "is_hq": true, "state": "California"}, "company_type": "PRIVATELY_HELD", "founded_year": 2015, "specialities": ["Urban Mobility", "Continuous-Learning Cloud Technology", "Automotive/Transportation", "Urban Transportation", "Fleet Safety", "Driver Safety", "Artificial Intelligence", "AI", "Fleets", "Trucking", "Fleet Management", "Claims Management", "Incident Reporting", "Dash Cam", "Machine Learning", "ADAS", "DMS", "vehicle safety"], "locations": [{"country": "US", "city": "Palo Alto", "postal_code": "94306", "line_1": "220 Portage Ave", "is_hq": true, "state": "California"}], "name": "Nauto", "tagline": "Nauto\u24c7 is predictive vehicle safety technology built for commercial fleets today and autonomous vehicles of tomorrow.", "universal_name_id": "nauto", "profile_pic_url": "https://media.licdn.com/dms/image/v2/C560BAQF9PtrUlpTKyQ/company-logo_400_400/company-logo_400_400/0/1662156303886/nauto_logo?e=1740009600&v=beta&t=K3PbW8GJx2yubd5r0C6MaMthNXcixmOeL2fKubF-Kwc", "background_cover_image_url": "https://media.licdn.com/dms/image/v2/D563DAQEpX1v-9_nmJQ/image-scale_191_1128/image-scale_191_1128/0/1662158629503/nauto_cover?e=1732687200&v=beta&t=FNCLPQMA7BnS7X78KOVvT_T2j-hP0fCvI1lILCmFLLQ", "search_id": "10023541", "similar_companies": [{"name": "Slope", "link": "https://www.linkedin.com/company/slope-tech/", "industry": "Software Development", "location": null}, {"name": "Hayden AI", "link": "https://www.linkedin.com/company/haydenaitech/", "industry": "Software Development", "location": null}, {"name": "Mavik Ventures", "link": "https://www.linkedin.com/company/mavik-ventures/", "industry": "Staffing and Recruiting", "location": null}, {"name": "Aurora", "link": "https://www.linkedin.com/company/auroradriver/", "industry": "Software Development", "location": null}, {"name": "Inflection AI", "link": "https://www.linkedin.com/company/inflectionai/", "industry": "Software Development", "location": null}, {"name": "Coda", "link": "https://www.linkedin.com/company/codainc/", "industry": "Software Development", "location": null}, {"name": "Nueevo Technologies", "link": "https://www.linkedin.com/company/nueevo/", "industry": "Automotive", "location": null}, {"name": "Greylock", "link": "https://www.linkedin.com/company/greylock-partners/", "industry": "Financial Services", "location": null}, {"name": "Joby Aviation", "link": "https://www.linkedin.com/company/jobyaviation/", "industry": "Airlines and Aviation", "location": null}, {"name": "Klara", "link": "https://www.linkedin.com/company/getklara/", "industry": "Hospitals and Health Care", "location": null}, {"name": "Glisten.ai (YC W20)", "link": "https://www.linkedin.com/company/glisten-ai/", "industry": "Software Development", "location": null}, {"name": "Village Global", "link": "https://www.linkedin.com/company/villageglobal/", "industry": "Venture Capital and Private Equity Principals", "location": null}, {"name": "Entrepreneur First", "link": "https://www.linkedin.com/company/entrepreneur-first/", "industry": "Venture Capital and Private Equity Principals", "location": null}, {"name": "Dream Voyage", "link": "https://www.linkedin.com/company/dreamvoyage/", "industry": "Software Development", "location": null}, {"name": "Blockstream", "link": "https://www.linkedin.com/company/blockstream/", "industry": "Software Development", "location": null}, {"name": "Reinvent Capital", "link": "https://www.linkedin.com/company/reinventcapital/", "industry": "Financial Services", "location": null}, {"name": "Edmodo", "link": "https://www.linkedin.com/company/edmodo/", "industry": "E-Learning Providers", "location": null}, {"name": "Convoy Inc", "link": "https://www.linkedin.com/company/convoy-inc/", "industry": "Transportation, Logistics, Supply Chain and Storage", "location": null}, {"name": "Nuro", "link": "https://www.linkedin.com/company/nuro-inc./", "industry": "Software Development", "location": null}, {"name": "Waymo", "link": "https://www.linkedin.com/company/waymo/", "industry": "Technology, Information and Internet", "location": null}], "affiliated_companies": [], "updates": [{"article_link": "https://www.linkedin.com/posts/nauto_hurricanemilton-continues-to-pose-a-grave-activity-7249817742483042304-k_ON", "image": null, "posted_on": {"day": 20, "month": 10, "year": 2024}, "text": "Hurricane\u00a0Milton continues to pose a grave danger to Florida. Our thoughts are with\u00a0everyone\u00a0impacted. Please stay safe out there and follow official guidance for preparedness.", "total_likes": 11}, {"article_link": "https://www.linkedin.com/posts/stefanheck_ev-ai-activity-7252340646823313412-AtHi", "image": null, "posted_on": {"day": 20, "month": 10, "year": 2024}, "text": "#EV and #AI are synergistic if deployed the right way to get zero emissions and zero fatalities. https://lnkd.in/euEmGQ6k", "total_likes": 34}, {"article_link": "https://www.linkedin.com/posts/nauto_how-can-you-increase-fleet-profitability-activity-7239787438863175680-BIEQ", "image": null, "posted_on": {"day": 20, "month": 9, "year": 2024}, "text": "How can you increase fleet profitability with AI? Our Founder and CEO, Stefan Heck, is speaking at the K-Conference in Cologne, Germany on September 12th on this topic. If you are attending the conference, we invite you to join the session! See you there.", "total_likes": 19}, {"article_link": "https://www.linkedin.com/posts/nauto_netstalk-now-driving-change-activity-7257920239751868416-idug", "image": null, "posted_on": {"day": 6, "month": 11, "year": 2024}, "text": "Is AI the New Seatbelt?\nSeatbelts have had a significant impact on safety. Can AI beat the results achieved by seatbelts when it comes to safety? Hear all about it in this educational podcast.\nhttps://lnkd.in/gAugzaWG\n#ai #vehiclesafety", "total_likes": 3}, {"article_link": "https://www.linkedin.com/posts/nauto_nauto-and-beansai-join-forces-to-optimize-activity-7255726276156502017-WRTi", "image": null, "posted_on": {"day": 30, "month": 10, "year": 2024}, "text": "Thrilled to partner with Beans.ai to offer a comprehensive solution tailored to the unique needs of commercial fleets engaged in the last mile delivery.\n#ai #vehiclesafety\nBeans.ai\nhttps://lnkd.in/gH2raGtS", "total_likes": 11}, {"article_link": "https://www.linkedin.com/posts/nauto_under-the-ufp-hood-the-future-of-fleet-activity-7247675939386466304-qFaw", "image": null, "posted_on": {"day": 20, "month": 10, "year": 2024}, "text": "Nauto Founder and CEO Stefan Heck was a guest on the Utility Fleet Professional podcast, Under the UFP Hood, where he shared insights into how AI can predict and prevent accidents by detecting risks like driver distraction and drowsiness.\u00a0\n#ai #vehiclesafety #driversafety\nListen here:\u00a0https://bit.ly/4ethL4Q", "total_likes": 8}], "follower_count": 12205, "acquisitions": null, "exit_data": null, "extra": null, "funding_data": [], "categories": null, "customer_list": null}
