{"linkedin_internal_id": "1696", "description": "NEC Corporation has established itself as a leader in the integration of IT and network technologies while promoting the brand statement of \u201cOrchestrating a brighter world.\u201d NEC enables businesses and communities to adapt to rapid changes taking place in both society and the market as it provides for the social values of safety, security, fairness and efficiency to promote a more sustainable world where everyone has the chance to reach their full potential. For more information, visit NEC at http://www.nec.com\n\nNEC's Strengths and Competencies\n\u30fbNamed \"2017 Global 100 Most Sustainable Corporations in the World\"\u200b  an Index Listing the World\u2019s 100 Most Sustainable Corporations\n\u30fbNamed one of the \"World's Top 100 Most Innovative Organizations for 2016\"\u200b by Thomson Reuters \n\u30fbFace recognition technology achieved No. 1 in the recent Face in Video Evaluation (FIVE, *1) testing performed by the U.S. National Institute of Standards and Technology (NIST) (*2)\n\n(*1) https://www.nist.gov/programs-projects/face-video-evaluation-five\n(*2) Results shown from the Face In Video Evaluation (FIVE), the Multiple Biometric Grand Challenge (MBGC), the Multiple Biometric Evaluation (MBE) and the Face Recognition Vendor Test (FRVT) do not constitute endorsement of any particular product by the U.S. Government.\n\n** Please note that we reserve the right to delete any comments posted on NEC Corporation\u2019s LinkedIn page that are deemed extremely defamatory or libelous to any company or individual, or that may be offensive to others.", "website": "https://www.nec.com/en/", "industry": "IT Services and IT Consulting", "company_size": [10001, null], "company_size_on_linkedin": 17162, "hq": {"country": "JP", "city": "Tokyo", "postal_code": "108-8001", "line_1": "7-1, Shiba 5-chome", "is_hq": true, "state": null}, "company_type": "PUBLIC_COMPANY", "founded_year": 1899, "specialities": ["Network Systems", "Personal Solutions", "Electron", "Devices", "Big Data", "SDN", "Cloud", "Security", "Energy and environment", "Work style transformation", "Network Services", "Virtualization", "Space solutions", "Common business solutions", "Common base technology"], "locations": [{"country": "JP", "city": "Tokyo", "postal_code": "108-8001", "line_1": "7-1, Shiba 5-chome", "is_hq": true, "state": null}, {"country": "JP", "city": "Fuchu", "postal_code": "183-8501", "line_1": "1-10 Nisshin-cho", "is_hq": true, "state": "Tokyo"}, {"country": "JP", "city": "Kawasaki", "postal_code": "211-8666", "line_1": "1753 Shimonumabe", "is_hq": true, "state": "Kanagawa"}, {"country": "JP", "city": "Abiko", "postal_code": "270-1198", "line_1": "1131 Hinode", "is_hq": true, "state": "Chiba"}], "name": "NEC Corporation", "tagline": null, "universal_name_id": "nec", "profile_pic_url": "https://media.licdn.com/dms/image/v2/D560BAQHSpDE_5rue1A/company-logo_400_400/company-logo_400_400/0/1719790054099/nec_logo?e=1740009600&v=beta&t=zWw2w0E4f1mV5FjnDYH3PeIGle4wK2h8zSxm0vRG4aw", "background_cover_image_url": "https://media.licdn.com/dms/image/v2/D563DAQGD3-Sg9I8ZMQ/image-scale_191_1128/image-scale_191_1128/0/1727335951604/nec_cover?e=1732687200&v=beta&t=noy8BPkdIy3ZNUq-FuhHfof4OXWVB8VdGuIcRc-GuW0", "search_id": "1696", "similar_companies": [{"name": "NEC Corporation India Pvt Ltd.", "link": "https://www.linkedin.com/company/nec-corporation-india/", "industry": "IT Services and IT Consulting", "location": null}, {"name": "NEC Software Solutions (India)", "link": "https://www.linkedin.com/company/necsws-india/", "industry": "IT Services and IT Consulting", "location": null}, {"name": "Avaloq", "link": "https://www.linkedin.com/company/avaloq/", "industry": "IT Services and IT Consulting", "location": null}, {"name": "NEC Asia Pacific Pte Ltd", "link": "https://www.linkedin.com/company/nec-asia-pacific-pte-ltd/", "industry": "IT Services and IT Consulting", "location": null}, {"name": "NEC Software Solutions", "link": "https://www.linkedin.com/company/necsws/", "industry": "IT Services and IT Consulting", "location": null}, {"name": "NEC Corporation of America", "link": "https://www.linkedin.com/company/nec-corporation-of-america/", "industry": "IT Services and IT Consulting", "location": null}, {"name": "NEC Australia", "link": "https://www.linkedin.com/company/nec-australia/", "industry": "IT Services and IT Consulting", "location": null}, {"name": "NEC Brasil (NEC Latin America SA)", "link": "https://www.linkedin.com/company/nec-do-brasil/", "industry": "IT Services and IT Consulting", "location": null}, {"name": "Fujitsu", "link": "https://www.linkedin.com/company/fujitsu/", "industry": "IT Services and IT Consulting", "location": null}, {"name": "NEC Europe", "link": "https://www.linkedin.com/company/nec-europe-ltd/", "industry": "IT Services and IT Consulting", "location": null}, {"name": "Deloitte", "link": "https://www.linkedin.com/company/deloitte/", "industry": "Business Consulting and Services", "location": null}, {"name": "Ericsson", "link": "https://www.linkedin.com/company/ericsson/", "industry": "Telecommunications", "location": null}, {"name": "IBM", "link": "https://www.linkedin.com/company/ibm/", "industry": "IT Services and IT Consulting", "location": null}, {"name": "Accenture", "link": "https://www.linkedin.com/company/accenture/", "industry": "Business Consulting and Services", "location": null}, {"name": "Netcracker Technology", "link": "https://www.linkedin.com/company/netcrackertech/", "industry": "Telecommunications", "location": null}, {"name": "Cisco", "link": "https://www.linkedin.com/company/cisco/", "industry": "Software Development", "location": null}, {"name": "NEC Corporation of Malaysia Sdn Bhd", "link": "https://www.linkedin.com/company/nec-corporation-of-malaysia/", "industry": "Information Technology & Services", "location": null}, {"name": "Huawei", "link": "https://www.linkedin.com/company/huawei/", "industry": "Telecommunications", "location": null}, {"name": "Microsoft", "link": "https://www.linkedin.com/company/microsoft/", "industry": "Software Development", "location": null}, {"name": "Google", "link": "https://www.linkedin.com/company/google/", "industry": "Software Development", "location": null}], "affiliated_companies": [{"name": "NEC Open Networks", "link": "https://www.linkedin.com/company/nec-open-networks/", "industry": "Software Development", "location": null}, {"name": "NEC Public Safety", "link": "https://www.linkedin.com/company/nec-global-safety-division/", "industry": "Public Safety", "location": null}, {"name": "NEC Brasil (NEC Latin America SA)", "link": "https://www.linkedin.com/company/nec-do-brasil/", "industry": "IT Services and IT Consulting", "location": null}, {"name": "NEC New Zealand Limited", "link": "https://www.linkedin.com/company/nec-new-zealand-ltd/", "industry": "Technology, Information and Internet", "location": null}, {"name": "NEC Chile S.A.", "link": "https://www.linkedin.com/company/nec_cl/", "industry": "Telecommunications", "location": null}, {"name": "NEC Europe", "link": "https://www.linkedin.com/company/nec-europe-ltd/", "industry": "IT Services and IT Consulting", "location": null}, {"name": "NEC Latin America Support Center", "link": "https://www.linkedin.com/company/neclasc/", "industry": "IT Services and IT Consulting", "location": null}, {"name": "NEC de M\u00e9xico", "link": "https://www.linkedin.com/company/innovary-com/", "industry": "Telecommunications", "location": null}, {"name": "Sharp NEC Display Solutions Europe GmbH", "link": "https://www.linkedin.com/company/sharp-nec-display-solutions-europe/", "industry": "Computer Hardware Manufacturing", "location": null}, {"name": "PT NEC Indonesia", "link": "https://www.linkedin.com/company/nec-indonesia-pt/", "industry": "IT Services and IT Consulting", "location": null}, {"name": "NEC Hong Kong", "link": "https://www.linkedin.com/company/nec-hong-kong/", "industry": "Information Technology & Services", "location": null}, {"name": "NEC Australia", "link": "https://www.linkedin.com/company/nec-australia/", "industry": "IT Services and IT Consulting", "location": null}, {"name": "NEC Corporation of Malaysia Sdn Bhd", "link": "https://www.linkedin.com/company/nec-corporation-of-malaysia/", "industry": "Information Technology & Services", "location": null}, {"name": "NEC Philippines, Inc.", "link": "https://www.linkedin.com/company/nec-philippines-inc./", "industry": "IT Services and IT Consulting", "location": null}, {"name": "NEC Argentina", "link": "https://www.linkedin.com/company/nec-argentina/", "industry": "IT Services and IT Consulting", "location": null}, {"name": "NEC Corporation India Pvt Ltd.", "link": "https://www.linkedin.com/company/nec-corporation-india/", "industry": "IT Services and IT Consulting", "location": null}, {"name": "NEC Asia Pacific Pte Ltd", "link": "https://www.linkedin.com/company/nec-asia-pacific-pte-ltd/", "industry": "IT Services and IT Consulting", "location": null}], "updates": [{"article_link": "https://www.linkedin.com/posts/takayuki-morita_nec-necglobal-sktelecom-ugcPost-7264847874071363584-mJq4", "image": "https://media.licdn.com/dms/image/v2/D5622AQFgnrMxxsUgKA/feedshare-shrink_2048_1536/feedshare-shrink_2048_1536/0/1732074706309?e=1735171200&v=beta&t=dLwls0M2vvVG0wJYkioG-Wog8pa2q58ddkMuOweE_CI", "posted_on": {"day": 20, "month": 11, "year": 2024}, "text": "I recently had the pleasure of hosting Young Sang Ryu, President & CEO of SK Telecom, the largest mobile operator in Korea, at NEC headquarters. \u00a0\n\u00a0\nBoth NEC and SK Telecom share roots in the telecommunications industry and we are each now forming partnerships with global companies while applying AI to key business areas. \n\u00a0\nI truly appreciate the opportunity to meet with everyone from the SK Telecom delegation, to strengthen our relationships and to explore new ways for creating value for society. \u00a0\n\u00a0\n#NEC #NECGlobal #SKTelecom", "total_likes": 33}, {"article_link": "https://www.linkedin.com/posts/takayuki-morita_nec-necglobal-celonis-activity-7264547740540428289-HUDE", "image": "https://media.licdn.com/dms/image/v2/D5622AQEJSNUhtNkg3g/feedshare-shrink_2048_1536/feedshare-shrink_2048_1536/0/1732003149263?e=1735171200&v=beta&t=UhghLbV-WiU43ineh-6xx-T6gvBuAsinmM7zkzepmoQ", "posted_on": {"day": 19, "month": 11, "year": 2024}, "text": "I would like to thank Bastian Nominacher, Co-Founder and Co-CEO of Celonis, for taking the time to visit NEC headquarters recently and for your continued support. It was a pleasure discussing how our partnership is driving the growth of digital transformation (DX) and I am excited about how our collaboration can enable the development of tailored solutions that optimize business processes and unlock new efficiencies.\n\nI look forward to continuing this journey of innovation and growth together.\n\n#NEC #NECglobal #Celonis #DX", "total_likes": 108}, {"article_link": "https://www.linkedin.com/posts/nec_nec-necglobal-clientzero-activity-7264517765963624448-bnbH", "image": null, "posted_on": {"day": 19, "month": 11, "year": 2024}, "text": "NEC is driving digital transformation through its Mid-term Management Plan, positioning itself as \"Client Zero\" for advanced corporate evolution. Biometric authentication and digital IDs transform workstyles to boost productivity and collaboration, and standardized processes and accessible dashboards empower data-driven decisions at all levels. Partnering with innovators, NEC delivers seamless AI integration to foster a culture of rapid transformation. We aim to create social value and share insights through global co-creation.\n\n#NEC #NECglobal #ClientZero #DigitalTransformation #Innovation #AI #Productivity #CorporateEvolution #SocialValue", "total_likes": 130}, {"article_link": "https://www.linkedin.com/posts/motoo-nishihara-40784ab_fostering-pilots-of-excellence-in-climate-activity-7262720934690643970-v2v5", "image": null, "posted_on": {"day": 15, "month": 11, "year": 2024}, "text": "I have arrived in Baku, Azerbaijan to participate in the 29th Conference of the Parties to the United Nations Framework Convention on Climate Change (#COP29).\n\u00a0\nAt this COP29, the Adaptation Finance Consortium jointly established by NEC and Mitsui Sumitomo Insurance (\u4e09\u4e95\u4f4f\u53cb\u6d77\u4e0a\u706b\u707d\u4fdd\u967a\u682a\u5f0f\u4f1a\u793e) is exhibiting a pavilion. We look forward to discussing with many people, aiming to realize a society resilient to climate change.\n\nI am scheduled to speak at several seminars, some of which can be attended online. I will introduce the latest activities and achievements of 'Adaptation Finance,' which promotes investment towards reducing the impacts of climate change. If you're interested, please join us:\n-> Advancing Climate Adaptation with Digital Technology: Fostering Pilots of Excellence in Climate Resilience through Partnerships (https://lnkd.in/gJXKPSiN) \u00a0Nov.15 16:30 - 17:30 (Azerbaijan Time) \norganized by: UN Climate Change\n-> ICT X Green Seminar (https://lnkd.in/gxVamPtt) Nov. 16 11:45 - 13:00 (Azerbaijan Time)\u00a0\n organized by: the Ministry of Internal Affairs and Communications of Japan\n\u00a0\n#COP29 #NEC #NECglobal", "total_likes": 55}, {"article_link": "https://www.linkedin.com/posts/nec_nec-necglobal-ttbc-activity-7262358576248074240-YGrh", "image": "https://media.licdn.com/dms/image/v2/D5622AQF0eFl6muQ5vg/feedshare-shrink_2048_1536/feedshare-shrink_2048_1536/0/1730958741028?e=1735171200&v=beta&t=K0yp31HWFEac5cS9-VMWqAt3H5bCKLA38kA9PP-rlio", "posted_on": {"day": 14, "month": 11, "year": 2024}, "text": "Business leaders from Australia and New Zealand pay a visit to NEC. \ud83e\udd1d\n \nDelegation from Women Leaders by the Circle organized by Trans - Tasman Business Circle, an organization comprised of Australian and New Zealand businesses, including NEC Australia, were recently invited to visit NEC where they were introduced to the company\u2019s solutions for accelerating DX and initiatives aimed at promoting Diversity & Inclusion (D&I).\u00a0\n \nIn attendance from NEC were Chief Diversity Officer Yuka Shigesawa and Corporate Senior Vice President Mayuko Tatewaki, both of whom engaged in a spirited exchange of views with participants. \n\n#NEC #NECglobal #TTBC #DEI #InclusionandDiversity", "total_likes": 317}, {"article_link": "https://www.linkedin.com/posts/nec_necs-generative-ai-activity-7262720930433441792-bdKP", "image": null, "posted_on": {"day": 15, "month": 11, "year": 2024}, "text": "NEC's generative AI service \"NEC cotomi\" was launched in 2023. \ud83c\udf1f\n\u00a0\nNEC embarked on the development of artificial intelligence (AI) technology in the 1960s. Since then, it has focused on developing the technologies comprising AI\u2014namely, speech recognition, image and video recognition, language and semantic understanding, and machine learning. We have also engaged in the development of supercomputers, including the supercomputer \"SX-1\" and \"SX-2\" announced in 1983. \n\u00a0\nDrawing on expertise gained over many years, NEC launched its NEC cotomi generative AI services boasting world-class Japanese language processing performance in August 2023. \n\u00a0\nThe name \u201ccotomi\u201d was derived from our belief that words have the power to shape the future and our desire to bring the dreams of our customers to fruition. And we are finding that we have been able to do just that as many of the customers who have already introduced these services tell us they have helped streamline their operations. \n\u00a0\nNEC remains committed to contributing to its customers\u2019 operations and business endeavors with the advanced technological capabilities it has cultivated over many years and the provision of comprehensive support ranging from introduction to operation and risk management. \n\u00a0\n#NEC #NECglobal #NECs125th #Celebrating125yearsofNEC #AI #technology #NECcotomi", "total_likes": 41}], "follower_count": 233979, "acquisitions": null, "exit_data": null, "extra": null, "funding_data": [], "categories": null, "customer_list": null}
