{"linkedin_internal_id": "6961", "description": "We are dedicated to renewing the promise of America by continuing the quest to realize our nation\u2019s highest ideals.\n\nNew America is a new kind of think-and-action tank: a civic platform that connects a research institute, technology lab, solutions network, media hub, and public forum.\n\nWe generate big, bold ideas as templates for change.\n\nWe design and advance evidence-based public policies.\n\nWe surface, share, and scale locally generated and tested solutions to public problems through a national and global network of public, private, and civic partners.\n\nWe develop legal, political, and technological tools to build democratic capacity and enable solutions to grow and spread.\n\nWe tell stories about what is happening and what is possible, to give Americans a window into what we are capable of achieving together and a vision of what a renewed America could and should be.", "website": "http://www.newamerica.org", "industry": "Think Tanks", "company_size": [201, 500], "company_size_on_linkedin": 367, "hq": {"country": "US", "city": "Washington", "postal_code": "20005", "line_1": "740 15th Street NW", "is_hq": true, "state": "DC"}, "company_type": "NON_PROFIT", "founded_year": 1999, "specialities": [], "locations": [{"country": "US", "city": "Washington", "postal_code": "20005", "line_1": "740 15th Street NW", "is_hq": true, "state": "DC"}, {"country": "US", "city": "New York", "postal_code": "10010", "line_1": "18 W 21st Street", "is_hq": true, "state": "NY"}, {"country": "US", "city": "Oakland", "postal_code": "94607", "line_1": "555 12th St", "is_hq": true, "state": "California"}], "name": "New America", "tagline": "We are dedicated to renewing the promise of America.", "universal_name_id": "new-america-foundation", "profile_pic_url": "https://media.licdn.com/dms/image/v2/D4E0BAQGxyu5CTLUmiA/company-logo_400_400/company-logo_400_400/0/1731686479929/new_america_foundation_logo?e=1740009600&v=beta&t=NKItl8m7DfFkkPrJ4985cED1lFFCHJkw9FGE-AHmL1o", "background_cover_image_url": "https://media.licdn.com/dms/image/v2/D4E1BAQHkqIBd2CaX3A/company-background_200/company-background_200/0/1655324725205/new_america_foundation_cover?e=1732687200&v=beta&t=qwLXE3XmCpvyzT0z-hA7Z6ko3BY2qEGkBOIX2DLVFLw", "search_id": "6961", "similar_companies": [{"name": "Center for American Progress", "link": "https://www.linkedin.com/company/center-for-american-progress/", "industry": "Think Tanks", "location": null}, {"name": "The Brookings Institution", "link": "https://www.linkedin.com/company/the-brookings-institution/", "industry": "Think Tanks", "location": null}, {"name": "The Aspen Institute", "link": "https://www.linkedin.com/company/the-aspen-institute/", "industry": "Non-profit Organizations", "location": null}, {"name": "Urban Institute", "link": "https://www.linkedin.com/company/urban-institute/", "industry": "Research Services", "location": null}, {"name": "Bipartisan Policy Center", "link": "https://www.linkedin.com/company/bipartisan-policy-center/", "industry": "Think Tanks", "location": null}, {"name": "Pew Research Center", "link": "https://www.linkedin.com/company/pew-research-center/", "industry": "Think Tanks", "location": null}, {"name": "Roosevelt Institute", "link": "https://www.linkedin.com/company/roosevelt-institute/", "industry": "Public Policy Offices", "location": null}, {"name": "Progressive Policy Institute", "link": "https://www.linkedin.com/company/progressive-policy-institute/", "industry": "Public Policy Offices", "location": null}, {"name": "Brennan Center for Justice", "link": "https://www.linkedin.com/company/brennan-center-for-justice/", "industry": "Think Tanks", "location": null}, {"name": "EdTrust", "link": "https://www.linkedin.com/company/education-trust/", "industry": "Public Policy Offices", "location": null}, {"name": "Center for Strategic and International Studies (CSIS)", "link": "https://www.linkedin.com/company/csis/", "industry": "Think Tanks", "location": null}, {"name": "Council on Foreign Relations", "link": "https://www.linkedin.com/company/council-on-foreign-relations/", "industry": "Think Tanks", "location": null}, {"name": "Economic Security Project", "link": "https://www.linkedin.com/company/economicsecurityproject/", "industry": "Government Administration", "location": null}, {"name": "RAND", "link": "https://www.linkedin.com/company/rand-corporation/", "industry": "Think Tanks", "location": null}, {"name": "Third Way", "link": "https://www.linkedin.com/company/third-way/", "industry": "Think Tanks", "location": null}, {"name": "Obama Foundation", "link": "https://www.linkedin.com/company/obama-foundation/", "industry": "Non-profit Organizations", "location": null}, {"name": "Vera Institute of Justice", "link": "https://www.linkedin.com/company/verainstitute/", "industry": "Government Administration", "location": null}, {"name": "Community Change", "link": "https://www.linkedin.com/company/communitychange/", "industry": "Public Policy Offices", "location": null}, {"name": "Ford Foundation", "link": "https://www.linkedin.com/company/fordfoundation/", "industry": "Philanthropic Fundraising Services", "location": null}, {"name": "Learning Policy Institute", "link": "https://www.linkedin.com/company/learning-policy-institute/", "industry": "Research Services", "location": null}], "affiliated_companies": [{"name": "New America \u2013 Education Policy Program", "link": "https://www.linkedin.com/showcase/education-policy-program-at-new-america/", "industry": "Think Tanks", "location": null}, {"name": "National Fellows Program at New America", "link": "https://www.linkedin.com/showcase/national-fellows-program-at-new-america/", "industry": "Think Tanks", "location": null}], "updates": [{"article_link": "https://www.linkedin.com/posts/new-america-foundation_democracydeciphered-activity-7260667646465970176-kyh9", "image": "https://media.licdn.com/dms/image/v2/D4E10AQFd2Z_2C61HuQ/image-shrink_1280/image-shrink_1280/0/1731078063272?e=1732687200&v=beta&t=rr8QbX6rjlrksnCshAXtnh7r5Q5tqgWNR7c1cNFj6ik", "posted_on": {"day": 13, "month": 11, "year": 2024}, "text": "\ud83c\udf8a We are excited to announce the launch of \u201cDemocracy Deciphered,\u201d a New America original podcast dedicated to unraveling the rich history of democratic governance.\n\nIn the immediate aftermath of the 2024 Presidential Election, Maresa Strano and Mark Schmitt of New America's political reform program share their insights on the results.\n\n\ud83c\udfa7 Listen to Episode 1 #DemocracyDeciphered: https://lnkd.in/eFZYRyMS", "total_likes": 13}, {"article_link": "https://www.linkedin.com/posts/new-america-foundation_newamericaevents-activity-7264708026211700736-akME", "image": "https://media.licdn.com/dms/image/v2/D4E10AQHTNY6bc-1JWA/image-shrink_1280/image-shrink_1280/0/1732041364961?e=1732687200&v=beta&t=q5ZVPK1ZrTMciLzTyzeB_g0nQP1tWR3aqFTWSkj01jU", "posted_on": {"day": 19, "month": 11, "year": 2024}, "text": "\"On Sovereign AI\", the 2024 Digital Futures Symposium keynote conversation, will examine national approaches to AI governance, ethics, and technological capabilities.\n\nThe panel will be moderated by Senior Fellow Akash Kapur of New America's Planetary Politics Initiative and feature experts Pablo Chavez from the Center for a New American Security and Susan Ariel Aaronson, Director of the Digital Trade and Data Governance Hub.\n\n\ud83d\udcc5 11/20 @ 9:30a ET #NewAmericaEvents https://lnkd.in/ewhbhG7t", "total_likes": 3}, {"article_link": "https://www.linkedin.com/posts/new-america-foundation_newamericaevents-activity-7264298066180988929-7hYW", "image": "https://media.licdn.com/dms/image/v2/D4E10AQHtR4q8b90vlw/image-shrink_1280/image-shrink_1280/0/1731943622812?e=1732687200&v=beta&t=7aBySzrvFm8_9im7Mx8-H4xbSiVqR-pxEuc9TMnVaqM", "posted_on": {"day": 19, "month": 11, "year": 2024}, "text": "What lessons can we learn about Black voters from this election?\n\nJoin New America's Us@250 Initiative and the Political Reform Program\ufeff on November 21st from 1 - 2pm ET for a panel discussion about the election and Black America during a second Trump administration.\n\n\ud83d\udde3\ufe0f Speakers:\n\nTed Johnson, New America Senior Advisor and head of the Us@250 \ufeffInitiative\nLeah Wright Rigueur, Associate Professor of History at The Johns Hopkins University, CNN Contributor\nMaya King, Politics Reporter for The New York Times\n\n\ud83d\udcc5 RSVP: 11/21 @ 1p ET #NewAmericaEvents https://lnkd.in/evVvsWwU", "total_likes": 4}, {"article_link": "https://www.linkedin.com/posts/new-america-foundation_the-application-for-the-2026-class-of-activity-7263332199310004224-zRWN", "image": "https://media.licdn.com/dms/image/v2/D4E10AQEA_SD8kTJ_GA/image-shrink_1280/image-shrink_1280/0/1731713342198?e=1732687200&v=beta&t=3AaMMcHce0l9JSNZiPZEnKQy_lerWuarogjYsqSNFUY", "posted_on": {"day": 16, "month": 11, "year": 2024}, "text": "\ud83c\udf8a The application for the 2026 Class of New America Fellows is live! \n\nAre you looking for funding and a community of peers to help develop your next big idea? If so, then the Fellows Program wants to hear from you!\n\n\ud83d\udcdd Apply by February 3, 2025: https://lnkd.in/epf3KRPz", "total_likes": 13}, {"article_link": "https://www.linkedin.com/posts/new-america-foundation_tech-policy-experts-share-their-insights-activity-7262884265992884225-ymZL", "image": "https://media.licdn.com/dms/image/v2/D4E10AQGN5Xh0Vnk9EA/image-shrink_1280/image-shrink_1280/0/1731606543740?e=1732687200&v=beta&t=PQF-m9l8zTYceoHyefzA3-S1g2T-dTzjUvWxfI8NUIY", "posted_on": {"day": 15, "month": 11, "year": 2024}, "text": "Tech policy experts share their insights on AI sovereignty ahead of the 2nd Annual Digital Futures Symposium.\n\n\ud83d\udde3\ufe0f Featured:\nSusan Ariel Aaronson, Research Professor and GWU Public Interest Technology Scholar\nPablo Chavez, Adjunct Senior Fellow, CNAS \nAkash Kapur, Senior Fellow, Planetary Politics, New America\nFaisal Lalani, Fellow, Planetary Politics, New America\n\nDon't forget to tune in to the 2nd Annual Digital Futures Symposium keynote panel, \u201cOn Sovereign AI\u201d, November 20, 2024 at 9:30am ET.\n\n\ud83d\udcc5 https://lnkd.in/ewhbhG7t", "total_likes": 23}, {"article_link": "https://www.linkedin.com/posts/richardodavisjr_the-harsh-reality-of-parenting-student-homelessness-activity-7263320757630382080-FB0R", "image": null, "posted_on": {"day": 16, "month": 11, "year": 2024}, "text": "\u270d\ufe0f I\u2019m happy to share my first New America blog post, co-authored with my colleague, Edward Conroy!\n\n\ud83c\udfe0 In The Harsh Reality of Parenting Student Homelessness, we examine striking data from the latest NPSAS survey: nearly 7% of parenting college students experience homelessness\u2014a rate alarmingly close to that of all undergraduate students. This stark reality exposes critical gaps in our public safety net and the urgent need to improve our public benefits programs to support college students. \n\n\ud83d\udeab While many housing support programs are designed to support families with children, they often fall short for parenting students, who are striving to achieve economic security for themselves and their children under incredibly challenging circumstances.\n\n\ud83d\udc69\u200d\ud83d\udc66 Addressing this gap is essential\u2014not only for the success of student parents but for the long-term stability and prosperity of future generations.\n\n\ud83d\udcdd This is the first blog post in a series I\u2019m leading, and I hope it sparks meaningful conversations and drives actionable policy change to better support parenting students.\n\nRead it below and I\u2019d love to hear your thoughts.\n\n#parentingstudents #studentparents #housing #studentbasicneeds #highereducation #publicpolicy #collegeattainment #economicsecurity", "total_likes": 12}], "follower_count": 22487, "acquisitions": null, "exit_data": null, "extra": null, "funding_data": [], "categories": null, "customer_list": null}
