{"linkedin_internal_id": "10219", "description": "Maharatna ONGC is the largest producer of crude oil and natural gas in India, contributing around 70 per cent of Indian domestic production. The crude oil is the raw material used by downstream companies like IOC, BPCL, HPCL to produce petroleum products like Petrol, Diesel, Kerosene, Naphtha, Cooking Gas-LPG.\n\nONGC is India\u2019s Top Energy Company and ranks 14th among global energy majors (Platts). It is the only Indian company to figure in Fortune\u2019s \u2018Most Admired Energy Companies\u2019 list. ONGC ranks 226th overall in Forbes Global 2000. Acclaimed for its Corporate Governance practices, Transparency International has ranked ONGC 26th among the biggest publicly traded global giants. It is most valued public enterprise in India, and one of the highest profit-making and dividend-paying.\n\nONGC has a unique distinction of being a company with in-house service capabilities in all areas of Exploration and Production of oil & gas and related oil-field services. Winner of the Best Employer award, a dedicated team of over 25,000 professionals toil round the clock in challenging locations.\n\nONGC is an integrated energy company with interests in upstream, midstream and downstream sector of the hydrocarbon value chain, renewables, LNG, Power generation, petrochemicals and Value Added Products. \n\nONGC's wholly-owned subsidiary Navratna ONGC Videsh Limited (OVL) is the biggest Indian multinational in the energy space, participating in 32 oil and gas properties in 15 countries. ONGC's subsidiary Mangalore Refinery and Petrochemicals Limited (MRPL) is a Schedule \u2018A\u2019 Miniratna, with a single-location refining capacity of 15 million tons per annum. \n\nONGC subsidiary HPCL is a Maharatna CPSE, and has the second largest share of product pipelines in India with a pipeline network of more than 3370 kms for transportation of petroleum products and a vast marketing network consisting of 14 Zonal offices and 133 Regional Offices.", "website": "http://www.ongcindia.com/", "industry": "Oil and Gas", "company_size": [10001, null], "company_size_on_linkedin": 18963, "hq": {"country": "IN", "city": "New Delhi", "postal_code": "110070", "line_1": "5 Nelson Mandela Marg", "is_hq": true, "state": "Delhi"}, "company_type": "PUBLIC_COMPANY", "founded_year": 1956, "specialities": ["Exploration and Production", "Energy", "Gas", "Oil", "Renewables"], "locations": [{"country": "IN", "city": "New Delhi", "postal_code": "110070", "line_1": "5 Nelson Mandela Marg", "is_hq": true, "state": "Delhi"}, {"country": "IN", "city": "Mumbai", "postal_code": null, "line_1": "ONGC Green Building", "is_hq": true, "state": "Maharashtra"}, {"country": "IN", "city": "Dehradun", "postal_code": null, "line_1": "Tel Bhavan", "is_hq": true, "state": "Uttarakhand"}, {"country": "IN", "city": "Nazira", "postal_code": null, "line_1": "Nazira", "is_hq": true, "state": "Assam"}, {"country": "IN", "city": "Kakinada", "postal_code": null, "line_1": "Bhangudi Complex", "is_hq": true, "state": "Andhra Pradesh"}], "name": "Oil and Natural Gas Corporation Ltd", "tagline": "Touching Lives\nSpreading Smiles", "universal_name_id": "oilandnaturalgascorporation", "profile_pic_url": "https://media.licdn.com/dms/image/v2/D560BAQFYn0eZgNf1fw/img-crop_100/img-crop_100/0/1721650725009?e=1740009600&v=beta&t=hXAXDYB7eqKpBIbFpMfeM32JVIMCJ-ilFRB5GPi5Fr4", "background_cover_image_url": "https://media.licdn.com/dms/image/v2/D4D3DAQHN8QVlVy11LQ/image-scale_191_1128/image-scale_191_1128/0/1688730398224/oilandnaturalgascorporation_cover?e=1732687200&v=beta&t=9E6aXd8z3ABt5GaiBQ1QxCfHNxK_HgITbKgCRm4HTkk", "search_id": "10219", "similar_companies": [{"name": "Indian Oil Corp Limited", "link": "https://www.linkedin.com/company/indian-oil-corp-limited/", "industry": "Oil and Gas", "location": null}, {"name": "Bharat Petroleum Corporation Limited", "link": "https://www.linkedin.com/company/bpcl/", "industry": "Oil and Gas", "location": null}, {"name": "GAIL (India) Limited", "link": "https://www.linkedin.com/company/gail-india-limited/", "industry": "Oil and Gas", "location": null}, {"name": "NTPC Limited", "link": "https://www.linkedin.com/company/ntpc/", "industry": "Utilities", "location": null}, {"name": "Bharat Heavy Electricals Limited", "link": "https://www.linkedin.com/company/bhel/", "industry": "Appliances, Electrical, and Electronics Manufacturing", "location": null}, {"name": "ONGC Foundation", "link": "https://www.linkedin.com/company/ongc-foundation/", "industry": "Non-profit Organizations", "location": null}, {"name": "Hindustan Petroleum Corporation Limited", "link": "https://www.linkedin.com/company/hpcl/", "industry": "Oil and Gas", "location": null}, {"name": "Reliance Industries Limited", "link": "https://www.linkedin.com/company/reliance/", "industry": "Oil and Gas", "location": null}, {"name": "Nayara Energy", "link": "https://www.linkedin.com/company/nayaraenergy/", "industry": "Oil and Gas", "location": null}, {"name": "ONGC Videsh Ltd", "link": "https://www.linkedin.com/company/ongc-videsh-ltd/", "industry": "Oil and Gas", "location": null}, {"name": "Larsen & Toubro", "link": "https://www.linkedin.com/company/larsen-&-toubro-limited/", "industry": "Executive Offices", "location": null}, {"name": "Engineers India Limited", "link": "https://www.linkedin.com/company/engineers-india-limited/", "industry": "Oil and Gas", "location": null}, {"name": "Cairn Oil and Gas", "link": "https://www.linkedin.com/company/cairn-india-ltd/", "industry": "Oil and Gas", "location": null}, {"name": "HPCL-Mittal Energy Limited", "link": "https://www.linkedin.com/company/hpcl-mittal-energy-ltd/", "industry": "Oil and Gas", "location": null}, {"name": "Steel Authority of India Limited", "link": "https://www.linkedin.com/company/steel-authority-of-india-limited/", "industry": "Manufacturing", "location": null}, {"name": "Adani Group", "link": "https://www.linkedin.com/company/adani-group/", "industry": "Utilities", "location": null}, {"name": "Jindal Steel & Power Ltd.", "link": "https://www.linkedin.com/company/jindal-steel-power-ltd-/", "industry": "Mining", "location": null}, {"name": "Shell", "link": "https://www.linkedin.com/company/shell/", "industry": "Oil and Gas", "location": null}, {"name": "Tata Steel", "link": "https://www.linkedin.com/company/tatasteelltd/", "industry": "Mining", "location": null}, {"name": "Tata Motors", "link": "https://www.linkedin.com/company/tata-motors/", "industry": "Motor Vehicle Manufacturing", "location": null}], "affiliated_companies": [], "updates": [{"article_link": "https://www.linkedin.com/posts/oilandnaturalgascorporation_ongc-energy-maharatna-activity-7264866393521561600-qQZf", "image": "https://media.licdn.com/dms/image/v2/D5622AQHZMAOTSxC5zQ/feedshare-shrink_2048_1536/feedshare-shrink_2048_1536/0/1732079120266?e=1735171200&v=beta&t=mIzlRfgfc-bVuBbOVQYkYtTrk9MIZWsfLvJ80Ra0r5c", "posted_on": null, "text": "Shape the Future of Digital Energy with #ONGC! \ud83c\udf10 \n\nStep into the role of Head Digital Projects and drive the digital transformation of India\u2019s #Energy #Maharatna.  \n\nONGC, India\u2019s largest oil & gas producer, is seeking 4 visionary professionals for a Fixed Term Engagement in:  \n\ud83d\udd39 Asset Monetization  \n\ud83d\udd39 Reservoir Management  \n\ud83d\udd39 Renewables  \n\ud83d\udd39 Asset Development Board  \n\n\u2705 Who can apply? \n- Bachelor\u2019s in Engineering (Postgraduate/MBA preferred)  \n- 15+ years of expertise in digital transformation, with 4 years in senior leadership  \n- Proven experience in managing large-scale digital projects  \n\n\ud83d\udccd Be the force behind ONGC\u2019s digital revolution. Apply now! \n\n\ud83d\udd17 Explore more: https://lnkd.in/g9PTkEin\n\nMinistry of Petroleum and Natural Gas Govt of India \nHardeep Singh Puri \n#SureshGopi\n#EnergyNowAndNext #YouAreEnergy", "total_likes": 15}, {"article_link": "https://www.linkedin.com/posts/oilandnaturalgascorporation_gurpurab-ongc-sureshgopi-activity-7263083204331413505-DMqD", "image": "https://media.licdn.com/dms/image/v2/D5622AQHxFCt-54vmDg/feedshare-shrink_2048_1536/feedshare-shrink_2048_1536/0/1731653956046?e=1735171200&v=beta&t=uyyaPcsDZphlXJm19PTwk8gOsrKP_xIxg_l6Jb4T2rk", "posted_on": {"day": 16, "month": 11, "year": 2024}, "text": "On this auspicious #Gurpurab, #ONGC pays homage to the wisdom and compassion of Guru Nanak Dev Ji. \nHis teachings of selfless service, humility, and equality inspire us as we continue our journey to empower the nation with sustainable energy. \nMay His divine light guide us all toward a future of unity and prosperity. \ud83c\udf38\n\nMinistry of Petroleum and Natural Gas Govt of India \nHardeep Singh Puri \n#SureshGopi\n\n#EnergyNowAndNext #YouAreEnergy", "total_likes": 131}, {"article_link": "https://www.linkedin.com/posts/oilandnaturalgascorporation_ongc-geoindia2024-energysecurity-activity-7263139606680805376-vW3N", "image": "https://media.licdn.com/dms/image/v2/D5622AQFbKUFM0927OA/feedshare-shrink_2048_1536/feedshare-shrink_2048_1536/0/1731667418815?e=1735171200&v=beta&t=_gCNhDIZiklNX08zc_WklDt7TVxo4r5CdHweSx2OqOQ", "posted_on": {"day": 16, "month": 11, "year": 2024}, "text": "Ministry of Petroleum and Natural Gas Govt of India  Additional Secretary Praveen Mal Khanooja, IA & AS, inaugurated #ONGC Pavilion at #GEOINDIA2024, in the presence of Association of Petroleum Geologists (APG) India Patron and ONGC Director (Exploration) Sushma Rawat.\nA remarkable showcase of India\u2019s geoscience capabilities, our Pavilion delves into ONGC\u2019s 6+ decades of pioneering exploration\u2014proudly discovering 8 of India\u2019s 9 producing basins, essential for India\u2019s #EnergySecurity. \nExplore the science behind seismic imaging, the thrill of discovery, and interactive Exploration Games designed to captivate one and all.\nONGC\u2019s relentless spirit continues with cutting-edge R&D and new acreage ambitions of 500,000 sq km to fuel India\u2019s growth. \nJoin us at the forefront of #EnergyExploration. \n\nHardeep Singh Puri \n#SureshGopi\n#EnergyNowAndNext #YouAreEnergy", "total_likes": 468}, {"article_link": "https://www.linkedin.com/posts/oilandnaturalgascorporation_geoindia2024-ongc-india-activity-7263113140412776448-A4y8", "image": "https://media.licdn.com/dms/image/v2/D5622AQGbDubzbUYWnQ/feedshare-shrink_2048_1536/feedshare-shrink_2048_1536/0/1731660452071?e=1735171200&v=beta&t=74XjFg1Np8wU_9pCwvCqSoSX9ymyyPyuYjWHwc-S5R4", "posted_on": {"day": 16, "month": 11, "year": 2024}, "text": "Hon'ble Minister of the Ministry of Petroleum and Natural Gas Govt of India Hardeep Singh Puri  inaugurated the 6th South Asian Geosciences Conference and Exhibition #GEOINDIA2024 on 15 November 2024, in the presence of Oil India Limited / \u0911\u092f\u0932 \u0907\u0902\u0921\u093f\u092f\u093e \u0932\u093f\u092e\u093f\u091f\u0947\u0921 CMD Dr. Ranjit Rath, #ONGC Chairman Arun Kumar Singh , along with Association of Petroleum Geologists (APG) India Patron and ONGC Director (Exploration) Sushma Rawat \nOrganized by APG India, the event-themed \u201cExploring New Dimensions of Energy Dynamics,\u201d runs from 15 to 17 November 2024.\n\n\"With the Government of India\u2019s support on open revenue-sharing and ease of business reforms, #India\u2019s #energy future looks promising. Most of the exploration in future will be in deepwaters which presents huge hope and huge challenges. The current exploration cycle requires a minimum of 5 years\u20143 years for seismic data acquisition and processing (API) and 2 years for drilling and appraisal. Adding another 5 years for asset development in deepwaters, making the first oil cycle extend to 10 years\u2014an unsustainable timeline in this era of energy transition. \n\nWe must compress timelines at every stage. By adopting out-of-the-box solutions in data processing and interpretation, we can significantly accelerate progress. Given India\u2019s energy appetite, far exceeding that of many major economies, it\u2019s critical to reduce seismic API time to just one year. Collaboration and innovation are essential to meet this ambitious goal and secure a robust energy future.\"\n\nDelivering the welcome address, the ONGC Chairman and CEO underscored the critical need for energy self-reliance to achieve #ViksitBharat. He highlighted the importance of accelerating exploration, fostering innovation, and forging partnerships to address India's energy challenges.\n\n#SureshGopi\n#EnergyNowAndNext #YouAreEnergy", "total_likes": 257}, {"article_link": "https://www.linkedin.com/posts/oilandnaturalgascorporation_artificialintelligence-ongc-ciipsesummit2024-activity-7262750237780246528-z34Z", "image": "https://media.licdn.com/dms/image/v2/D5622AQFLS-HKpqE7ew/feedshare-shrink_2048_1536/feedshare-shrink_2048_1536/0/1731574589861?e=1735171200&v=beta&t=np2k1FiUX77dIGq5VPAZZjSJkml-RZeXg0Ac-4mqSkE", "posted_on": {"day": 15, "month": 11, "year": 2024}, "text": "\u201cTo build a Viksit Bharat, we have to Think, Dream and Do big. Unconventional decisions may have to be taken without fear. \nOne area where we need to catch up is skill development, which is bogging many public enterprises. As a nation, while we are over-educated, we are under-skilled in field jobs. Public enterprises should invest in the Hon'ble Prime Minister's Internship scheme, to manage this gap. \nIn #ArtificialIntelligence, we need to catch up with the world in office assignments; we can enhance process efficiencies by 25-30 per cent.\nAnother area to improve is to have better mediation practices for better collaboration, as legal disputes don\u2019t serve anybody in business. ONGC has got success in this recently.\u201d \n\n#ONGC Chairman Arun Kumar Singh in the 12th Confederation of Indian Industry #CIIPSESummit2024 with the theme \"Viksit Bharat: Transforming PSEs into Engines of Sustainable Growth\"\n\nMinistry of Petroleum and Natural Gas Govt of India Hardeep Singh Puri Narendra Modi \nEngineers India Limited Bharat Petroleum Corporation Limited Steel Authority of India Limited Oil India Limited / \u0911\u092f\u0932 \u0907\u0902\u0921\u093f\u092f\u093e \u0932\u093f\u092e\u093f\u091f\u0947\u0921  Mangalore Refinery & Petrochemicals LTD - India \n\n#SureshGopi\n#EnergyNowAndNext #YouAreEnergy", "total_likes": 159}, {"article_link": "https://www.linkedin.com/posts/oilandnaturalgascorporation_atvatbassatcatc-ongc-atuataatvatbataatpatl-activity-7262728369404805121-UCJf", "image": "https://media.licdn.com/dms/image/v2/D5622AQF51fZ0jzJW6w/feedshare-shrink_2048_1536/feedshare-shrink_2048_1536/0/1731569375553?e=1735171200&v=beta&t=BcxiWTNGtISkvtnKz9vDf790G8duAlxgg6Xg-RpmY-c", "posted_on": {"day": 15, "month": 11, "year": 2024}, "text": "\u092d\u093e\u0930\u0924\u0940\u092f \u0938\u093e\u0939\u093f\u0924\u094d\u092f \u0915\u0947 \u0905\u092e\u0930 \u0927\u0930\u094b\u0939\u0930 \u0915\u093e \u0909\u0924\u094d\u0938\u0935, \u090a\u0930\u094d\u091c\u093e \u0915\u093e \u0909\u0924\u094d\u0938\u0935 \n\n#\u0939\u093f\u0902\u0926\u0940 \u0938\u093e\u0939\u093f\u0924\u094d\u092f \u0915\u0947 \u092e\u0939\u093e\u0928 \u0930\u091a\u0928\u093e\u0915\u093e\u0930 \u091c\u092f\u0936\u0902\u0915\u0930 \u092a\u094d\u0930\u0938\u093e\u0926 \u091c\u0940 \u0928\u0947 \u092d\u093e\u0930\u0924 \u0915\u0940 \u092a\u094d\u0930\u093e\u091a\u0940\u0928 \u0917\u093e\u0925\u093e\u0913\u0902 \u0915\u094b \u0915\u0947\u0935\u0932 \u0938\u0902\u091c\u0940\u0935\u0928\u0940 \u0928\u0939\u0940\u0902 \u0926\u0940, \u092c\u0932\u094d\u0915\u093f \u0909\u0928\u094d\u0939\u0947\u0902 \u0936\u094c\u0930\u094d\u092f \u0914\u0930 \u0938\u093e\u0902\u0938\u094d\u0915\u0943\u0924\u093f\u0915 \u092a\u094d\u0930\u0947\u092e \u0938\u0947 \u0938\u0902\u092a\u0943\u0915\u094d\u0924 \u0915\u0930 \u0926\u093f\u092f\u093e\u0964 \n\u0909\u0928\u0915\u093e \u0905\u092e\u0930 \u0928\u093e\u091f\u0915 '\u091a\u0902\u0926\u094d\u0930\u0917\u0941\u092a\u094d\u0924' \u0938\u092e\u094d\u0930\u093e\u091f \u091a\u0902\u0926\u094d\u0930\u0917\u0941\u092a\u094d\u0924 \u092e\u094c\u0930\u094d\u092f \u0915\u0940 \u0935\u0940\u0930\u0924\u093e \u0915\u093e \u092a\u094d\u0930\u0924\u0940\u0915 \u0939\u0948, \u091c\u094b \u092d\u093e\u0930\u0924 \u0915\u0940 \u092a\u0939\u091a\u093e\u0928 \u0914\u0930 \u0907\u0924\u093f\u0939\u093e\u0938 \u0915\u094b \u090f\u0915 \u0938\u0942\u0924\u094d\u0930 \u092e\u0947\u0902 \u091c\u094b\u0921\u093c\u0924\u093e \u0939\u0948\u0964 \n\u092e\u0939\u093e\u0930\u0924\u094d\u0928 #ONGC \u092d\u093e\u0930\u0924 \u0915\u0940 \u0907\u0938 \u0905\u0926\u094d\u0935\u093f\u0924\u0940\u092f \u0927\u0930\u094b\u0939\u0930 \u0915\u094b \u0928\u092e\u0928 \u0915\u0930\u0924\u093e \u0939\u0948 \u0914\u0930 \u0939\u093f\u0902\u0926\u0940 \u092d\u093e\u0937\u093e \u0915\u0947 \u0917\u094c\u0930\u0935 \u090f\u0935\u0902 \u092d\u093e\u0930\u0924\u0940\u092f #\u0938\u093e\u0939\u093f\u0924\u094d\u092f \u092a\u0930 \u0907\u0938\u0915\u0947 \u0905\u092e\u093f\u091f \u092a\u094d\u0930\u092d\u093e\u0935 \u0915\u093e \u0905\u092d\u093f\u0928\u0902\u0926\u0928 \u0915\u0930\u0924\u093e \u0939\u0948\u0964\n\nMinistry of Petroleum and Natural Gas Govt of India Hardeep Singh Puri \n#SureshGopi\n#YouAreEnergy #EnergyNowAndNext", "total_likes": 37}], "follower_count": 475495, "acquisitions": null, "exit_data": null, "extra": null, "funding_data": [], "categories": null, "customer_list": null}
