{"linkedin_internal_id": "1110", "description": "Orange is one of the world\u2019s leading telecommunications operators with revenues of 39.7 billion euros in 2023 and 128,000 employees worldwide at 30 June 2024, including 72,000 employees in France. The Group has a total customer base of 285 million customers worldwide at 30 June 2024, including 246 million mobile customers and 21 million fixed broadband customers. \nThe Group is present in 26 countries.\nOrange is also a leading provider of global IT and telecommunication services to multinational companies under the brand Orange Business. \nIn February 2023, the Group presented its strategic plan \"Lead the Future\", built on a new business model and guided by responsibility and efficiency. \"Lead the Future\" capitalizes on network excellence to reinforce Orange's leadership in service quality.", "website": "https://www.orange.com", "industry": "Telecommunications", "company_size": [10001, null], "company_size_on_linkedin": 127980, "hq": {"country": "FR", "city": "Issy-les-Moulineaux", "postal_code": "92130", "line_1": "111, Quai du Pr\u00e9sident Roosevelt", "is_hq": true, "state": "\u00cele-de-France"}, "company_type": "PUBLIC_COMPANY", "founded_year": null, "specialities": ["Digital", "telecommunications", "fixed", "mobile and Internet", "networks", "Moblie payment", "IT", "IA", "Bank"], "locations": [{"country": "FR", "city": "Issy-les-Moulineaux", "postal_code": "92130", "line_1": "111, Quai du Pr\u00e9sident Roosevelt", "is_hq": true, "state": "\u00cele-de-France"}, {"country": "FR", "city": "Chatillon", "postal_code": "92320", "line_1": "44 Avenue de la Republique", "is_hq": false, "state": "IdF"}, {"country": "FR", "city": "Arcueil", "postal_code": "94110", "line_1": "1, Avenue du Pr\u00e9sident Nelson Mandela", "is_hq": false, "state": "\u00cele-de-France"}, {"country": "ES", "city": "Pozuelo de Alarcon", "postal_code": "28223", "line_1": "Paseo de la Finca, 8", "is_hq": false, "state": "Community of Madrid"}, {"country": "BE", "city": "Evere", "postal_code": "1140", "line_1": "Avenue du Bourget 3", "is_hq": false, "state": "Brussels Region"}], "name": "Orange", "tagline": "Orange is here.", "universal_name_id": "orange", "profile_pic_url": "https://s3.us-west-000.backblazeb2.com/proxycurl/company/orange/profile?X-Amz-Algorithm=AWS4-HMAC-SHA256&X-Amz-Credential=0004d7f56a0400b0000000001%2F20241120%2Fus-west-000%2Fs3%2Faws4_request&X-Amz-Date=20241120T051954Z&X-Amz-Expires=3600&X-Amz-SignedHeaders=host&X-Amz-Signature=4cd5a6add8330ba668dfc12ab57284147e0f6ba74c73df3f41620e963e3a2a9a", "background_cover_image_url": "https://s3.us-west-000.backblazeb2.com/proxycurl/company/orange/cover?X-Amz-Algorithm=AWS4-HMAC-SHA256&X-Amz-Credential=0004d7f56a0400b0000000001%2F20241120%2Fus-west-000%2Fs3%2Faws4_request&X-Amz-Date=20241120T051954Z&X-Amz-Expires=3600&X-Amz-SignedHeaders=host&X-Amz-Signature=f72b0278ab2d775c072a1ad2be0bfccab5f2ece044973989a5214e78437b1b08", "search_id": "1110", "similar_companies": [{"name": "Orange Business", "link": "https://fr.linkedin.com/company/orange-business", "industry": "IT Services and IT Consulting", "location": null}, {"name": "Vodafone", "link": "https://uk.linkedin.com/company/vodafone", "industry": "Telecommunications", "location": null}, {"name": "Orange Egypt", "link": "https://eg.linkedin.com/company/orange-egypt", "industry": "Telecommunications", "location": "Giza, Giza"}, {"name": "e& Egypt", "link": "https://eg.linkedin.com/company/etisalat-egypt", "industry": "Telecommunications", "location": null}, {"name": "Orange Jordan", "link": "https://jo.linkedin.com/company/orange-jordan", "industry": "Telecommunications", "location": "Amman, Boulevard Al-Abdali - Black Iris St. Central 1&2"}, {"name": "Telecom Egypt", "link": "https://eg.linkedin.com/company/telecom-egypt", "industry": "Telecommunications", "location": "Smart Village, Giza"}, {"name": "Bouygues Telecom", "link": "https://fr.linkedin.com/company/bouygues-telecom", "industry": "Telecommunications", "location": null}, {"name": "Orange Maroc", "link": "https://ma.linkedin.com/company/orange-maroc", "industry": "Telecommunications", "location": null}, {"name": "Banque Misr", "link": "https://eg.linkedin.com/company/banque-misr", "industry": "Banking", "location": null}, {"name": "Zain Jordan", "link": "https://jo.linkedin.com/company/zainjordan", "industry": "Telecommunications", "location": null}], "affiliated_companies": [{"name": "Orange Business", "link": "https://fr.linkedin.com/company/orange-business", "industry": "IT Services and IT Consulting", "location": null}, {"name": "Orange Egypt", "link": "https://eg.linkedin.com/company/orange-egypt", "industry": "Telecommunications", "location": "Giza, Giza"}, {"name": "Orange Cyberdefense", "link": "https://fr.linkedin.com/company/orange-cyberdefense", "industry": "IT Services and IT Consulting", "location": "Nanterre, Paris"}, {"name": "Orange Maroc", "link": "https://ma.linkedin.com/company/orange-maroc", "industry": "Telecommunications", "location": null}, {"name": "Orange Jordan", "link": "https://jo.linkedin.com/company/orange-jordan", "industry": "Telecommunications", "location": "Amman, Boulevard Al-Abdali - Black Iris St. Central 1&2"}, {"name": "Orange Bank", "link": "https://fr.linkedin.com/company/orange-bank", "industry": "Banking", "location": "Montreuil, \u00cele-de-France"}, {"name": "Orange Tunisie", "link": "https://tn.linkedin.com/company/orange-tunisie", "industry": "Telecommunications", "location": null}, {"name": "Orange Espa\u00f1a", "link": "https://es.linkedin.com/company/france-telecom-spain", "industry": "Telecommunications", "location": "Pozuelo de Alarcon, Madrid"}, {"name": "Orange Mali", "link": "https://ml.linkedin.com/company/orange-mali", "industry": "Telecommunications", "location": "Bamako, Mali"}, {"name": "Orange Polska", "link": "https://pl.linkedin.com/company/orangepolska", "industry": "Telecommunications", "location": "Warszawa, Mazowieckie"}, {"name": "Orange Marine", "link": "https://fr.linkedin.com/company/orange-marine", "industry": "Telecommunications", "location": "Paris, \u00cele-de-France"}, {"name": "Globecast", "link": "https://fr.linkedin.com/company/globecast", "industry": "Broadcast Media Production and Distribution", "location": null}, {"name": "Orange Pro", "link": "https://fr.linkedin.com/showcase/orange-pro/", "industry": "Telecommunications", "location": "PARIS, ILE-DE-FRANCE"}, {"name": "Orange Wholesale", "link": "https://fr.linkedin.com/showcase/orange-wholesale/", "industry": "Telecommunications", "location": "Paris, \u00cele-de-France"}, {"name": "TOTEM", "link": "https://fr.linkedin.com/company/totemtowers", "industry": "Telecommunications", "location": null}, {"name": "Orange Luxembourg", "link": "https://lu.linkedin.com/company/orange-luxembourg", "industry": "Telecommunications", "location": null}, {"name": "Parnasse", "link": "https://fr.linkedin.com/company/parnasse", "industry": "Telecommunications", "location": null}, {"name": "Orange Money Africa and Middle East", "link": "https://ci.linkedin.com/showcase/orange-money/", "industry": "Telecommunications", "location": null}, {"name": "Viaccess-Orca", "link": "https://fr.linkedin.com/company/viaccess-orca", "industry": "Telecommunications", "location": "Courbevoie, Ile-de-France"}, {"name": "Femmes Entrepreneuses", "link": "https://fr.linkedin.com/showcase/femmes-entrepreneuses/", "industry": "Telecommunications", "location": null}, {"name": "Imagine with Orange", "link": "https://www.linkedin.com/showcase/imagine-with-orange/", "industry": "Technology, Information and Internet", "location": null}, {"name": "Internet na doma DSL", "link": "https://www.linkedin.com/showcase/internet-na-doma-dsl/", "industry": "Telecommunications", "location": null}, {"name": "4G", "link": "https://www.linkedin.com/showcase/4g/", "industry": null, "location": null}, {"name": "Navz\u00e1jom zadarmo", "link": "https://www.linkedin.com/showcase/navz%C3%A1jom-zadarmo/", "industry": "Telecommunications", "location": null}], "updates": [{"article_link": null, "image": "https://media.licdn.com/dms/image/v2/D4E05AQFAJbpL6_MS0A/videocover-high/videocover-high/0/1730970592007?e=2147483647&v=beta&t=r_75O1kZIraR_p-ppW4k3Jfq0--MPXKTyzV5-0UmZHU", "posted_on": {"day": 7, "month": 11, "year": 2024}, "text": "Luttons main dans la main pour offrir un monde digital plus s\u00fbr et bienveillant aux plus jeunes \ud83e\udde1", "total_likes": 39}, {"article_link": null, "image": "https://media.licdn.com/dms/image/v2/D4E05AQFAJbpL6_MS0A/videocover-high/videocover-high/0/1730970592007?e=2147483647&v=beta&t=r_75O1kZIraR_p-ppW4k3Jfq0--MPXKTyzV5-0UmZHU", "posted_on": {"day": 7, "month": 11, "year": 2024}, "text": null, "total_likes": 0}, {"article_link": null, "image": null, "posted_on": {"day": 7, "month": 11, "year": 2024}, "text": "Conform\u00e9ment \u00e0 notre raison d'\u00eatre \"Orange est l\u2019acteur de confiance qui donne \u00e0 chacune et \u00e0 chacun les cl\u00e9s d\u2019un monde num\u00e9rique responsable\", nous renfor\u00e7ons depuis plusieurs mois notre engagement de longue date en faveur de la protection des jeunes contre les d\u00e9rives du digital.\n\nApprenez-en plus sur notre initiative For Good Connections. \ud83e\udde1", "total_likes": 95}, {"article_link": null, "image": "https://media.licdn.com/dms/image/v2/D4E05AQG_SMBnE2B9WA/videocover-high/videocover-high/0/1730312431662?e=2147483647&v=beta&t=X1QIL_y_ZjSIRoLJrBi6J_kPrb8qcSJUDx_X0S06A-c", "posted_on": {"day": 6, "month": 11, "year": 2024}, "text": "Alors que le mois de la #cybers\u00e9curit\u00e9 touche \u00e0 sa fin, j'ai observ\u00e9 quelques id\u00e9es re\u00e7ues sur les r\u00e9seaux sociaux concernant cette activit\u00e9 en Europe et la place des femmes dans ce secteur.\nLa cybers\u00e9curit\u00e9 est l'affaire de toutes et de tous, et nous avons tous un r\u00f4le \u00e0 jouer. \nJ\u2019ai pris un moment pour r\u00e9pondre \u00e0 ces id\u00e9es \u2b07\ufe0f\n\nAs #cybersecurity month draws to a close, I noticed some preconceived ideas on social networks about this activity in Europe and the place of women in this sector.\nCybersecurity is everyone's business, and we all have a role to play. \nI took a moment to respond to these ideas \u2b07\ufe0f\n\n\nHugues Foulon Christel Heydemann Vincent Lecerf Jean-Marie Culpin France Righenzi De Villers", "total_likes": 245}, {"article_link": null, "image": "https://media.licdn.com/dms/image/v2/D4E05AQE1rjQDv7KgXA/videocover-high/videocover-high/0/1729757964734?e=2147483647&v=beta&t=twXN74C57_QltdsqW4o4_4hXym5KcFyJ5VKWepTVEm4", "posted_on": {"day": 30, "month": 10, "year": 2024}, "text": "I'm very proud of what our teams have achieved this quarter! \ud83d\udc4f\n\nParticularly during the #Paris2024 Olympic and Paralympic Games which were a source of enormous pride for all of us to have successfully connected this amazing event with more than 3 billion spectators around the world.\n\n \u27a1\ufe0f Our third-quarter results confirm our successful execution of the #LeadTheFuture strategic plan. Our revenue grew by 1.6%, while EBITDAaL rose by 2.7%, aligned with the Group\u2019s guidance. These results are driven by strong commercial momentum and growth in retail services across all geographies.\n\n \ud83d\udccd In France, Orange is reaffirming and accelerating its leadership position with growing revenues and a strategy focused on network quality and customer experience.\n\n \ud83d\udccd Africa and the Middle East again delivered a very good performance with growth of 10.5%. Our Max-It multi-service digital platform counts now more than 12 million active customers. Orange's activities are a genuine lever for economic development for Africa, progress from which we also benefit.\n\n \ud83d\ude4f The strong third-quarter results demonstrate the soundness of our strategy, the great competence of our teams and the role we can play as our customers' trusted operator\n\nBig thanks to our teams and customers for their trust.\n\n \ud83d\udc49 More info: http://bit.ly/40b5qOu", "total_likes": 1030}, {"article_link": null, "image": "https://media.licdn.com/dms/image/v2/D4E05AQFE8sWZNTfTtg/videocover-high/videocover-high/0/1729750307654?e=2147483647&v=beta&t=R6D8KtvepCkK1ACyYkT1ilTQXYZI5fiOOceV9rBdLGI", "posted_on": {"day": 30, "month": 10, "year": 2024}, "text": "Orange Q3 2024 results put us well on track to reach 2024 objectives with revenues growth +1.6% and EBITDAaL growth +2.7%!\n \nKey highlights:\n\u2705 Revenues in France up 1.3% thanks +2.8% growth in retail services excluding PSTN\n\u2705 Europe convergent services revenues +6.8% \n\u2705 Middle East & Africa: 6 quarters in a row of double-digit revenue growth \n\u2705 2024 Guidance fully confirmed\n\nThese results reflect our teams commitment and recognition from our customers of our savoir faire once again demonstrated as unique operator connecting the Olympics and Paralympics games!\n\nhttp://bit.ly/40b5qOu", "total_likes": 424}, {"article_link": null, "image": "https://media.licdn.com/dms/image/v2/D4E10AQH_i1qWbX2D2A/ads-video-thumbnail_720_1280/ads-video-thumbnail_720_1280/0/1729674007357?e=2147483647&v=beta&t=ClcpkIHypDtn8UAkjZXfNQ2ZXRkvi3DLPLx57vEp7lU", "posted_on": {"day": 23, "month": 10, "year": 2024}, "text": "Dans les coulisses de la cybers\u00e9curit\u00e9 avec Alain ! \ud83d\udd10 \n\nAlain MOWAT est responsable de la recherche et d\u00e9veloppement chez Orange Cyberdefense en Suisse, o\u00f9 il met ses comp\u00e9tences de pentester au service de la protection de nos donn\u00e9es.\n\nSon quotidien ? Chercher des failles avant que les hackers ne les trouvent.", "total_likes": 78}, {"article_link": null, "image": null, "posted_on": {"day": 23, "month": 10, "year": 2024}, "text": "Sur Internet les pi\u00e8ges sont nombreux et parmis eux nous retrouvons les redoutables dark patterns. Vous en avez d\u00e9j\u00e0 entendu parl\u00e9 ? \ud83d\udc42 \n\nSi oui, vous savez \u00e0 quel point ils peuvent \u00eatre intruisif.\nSi non, lisez ce post pour comprendre de quoi il s'agit et surtout comment il est possible de s'en prot\u00e9ger. \ud83d\udee1", "total_likes": 64}, {"article_link": null, "image": "https://media.licdn.com/dms/image/v2/D4E10AQFC2rCvFDjK4g/ads-video-thumbnail_720_1280/ads-video-thumbnail_720_1280/0/1729092643024?e=2147483647&v=beta&t=6t6_ccQx13WgtwPmZOOH-9fU3Z_6YjGec8-jDrG4QLI", "posted_on": {"day": 23, "month": 10, "year": 2024}, "text": "Sophie est consultante principale en s\u00e9curit\u00e9 pour Orange Cyberdefense aux Pays-Bas. \ud83c\uddf3\ud83c\uddf1 \n\nD\u00e9couvrez son quotidien dans la lutte contre les cybermenaces. \ud83d\udee1\ufe0f", "total_likes": 210}, {"article_link": null, "image": "https://media.licdn.com/dms/image/v2/D4E05AQHZ7ikdOK7GIw/videocover-high/videocover-high/0/1728996681549?e=2147483647&v=beta&t=GEl1b9fMyD73ivrCfjeBmSf3iVQ9xGIC-fHNwg_rncM", "posted_on": {"day": 16, "month": 10, "year": 2024}, "text": "\ud83d\udce2  Nos m\u00e9tiers #Cyber doivent imp\u00e9rativement se f\u00e9miniser ! \nLe mythe du geek en sweat \u00e0 capuche ? D\u00e9pass\u00e9. Ces st\u00e9r\u00e9otypes nous privent de talents f\u00e9minins essentiels.\n80% des m\u00e9tiers en cyber sont occup\u00e9s par des hommes, c'est beaucoup trop. Notre secteur a besoin de vous, Mesdames !\nParticipez \u00e0 notre consultation internationale Orange Cyberdefense x Make.org pour identifier des solutions concr\u00e8tes et renforcer la place des femmes dans la #cybers\u00e9curit\u00e9.\n\n\ud83d\udc49 https://lnkd.in/eijU_K-X\n\n#WomenInTech #ChangeTheCode #CyberSecMonth\n\nChristel Heydemann Vincent Lecerf Aliette Mousnier-Lompr\u00e9 Elizabeth Tchoungui  Mari-No\u00eblle J\u00e9go-Laveissi\u00e8re \nPatrick G. Paz Fonteboa Delphine Pouponneau", "total_likes": 943}, {"article_link": null, "image": "https://media.licdn.com/dms/image/v2/D4E10AQGVFOz0CQxTTA/videocover-high/videocover-high/0/1728885983832?e=2147483647&v=beta&t=c_DWs9QquiL7U2MxGxok2tgCrQY0i0P50O97H0PVoO0", "posted_on": {"day": 13, "month": 10, "year": 2024}, "text": "\ud83d\udce1 L'Offre #satellite d'Orange : Une r\u00e9volution pour la #connectivit\u00e9 dans les zones isol\u00e9es\nNous r\u00e9pondons \u00e0 vos besoins avec notre offre satellite, permettant d'acc\u00e9der au Tr\u00e8s Haut D\u00e9bit (THD) partout en France m\u00e9tropolitaine. Cette solution est id\u00e9ale pour les personnes vivant dans des zones moins accessibles, garantissant une connectivit\u00e9 fiable et rapide.\n\nEn collaboration avec Nordnet , expert en Internet par satellite, nous proposons :\n\n\ud83d\udcf6 Connexion #Tr\u00e8sHautD\u00e9bit : Profitez d'une vitesse allant jusqu'\u00e0 200 Mbit/s en t\u00e9l\u00e9chargement.\n\n\ud83d\udcdeT\u00e9l\u00e9phonie Fixe : Conservez votre num\u00e9ro et appelez en illimit\u00e9 vers les fixes et mobiles de France.\n\n \ud83d\udcfa Acc\u00e8s \u00e0 la TNT : Visionnez 26 cha\u00eenes de la TNT avec un d\u00e9codeur TV Fransat.\n\nPour en savoir plus, regardez l'interview d'un de nos clients de la Dr\u00f4me, qui nous partage son exp\u00e9rience.,\ud83d\udcac \ud83d\udc47 \n\nAvec le kit satellite, non seulement l'installation est simple, mais elle peut \u00eatre prise en charge par l'\u00c9tat pour les situations \u00e9ligibles.\n\nLa connectivit\u00e9, c'est pour un droit pour tous. #TousConnect\u00e9s \ud83d\udef0\ufe0f", "total_likes": 213}], "follower_count": 1093533, "acquisitions": null, "exit_data": null, "extra": null, "funding_data": [], "categories": null, "customer_list": null}
