{"linkedin_internal_id": "98455818", "description": "Pillotech is a tech based pillow company. We are the first company in the world who aims to produce tech based multifunctional pillows.", "website": "http://pillotech.com", "industry": "Textile Manufacturing", "company_size": [2, 10], "company_size_on_linkedin": 0, "hq": null, "company_type": "PRIVATELY_HELD", "founded_year": 2023, "specialities": [], "locations": [], "name": "Pillotech", "tagline": "We are reinventing the sleep | Pillotech is a tech company focused on producing multifunctional electronic pillows.", "universal_name_id": "pillotech", "profile_pic_url": "https://media.licdn.com/dms/image/v2/D4E0BAQFzctg-1UlVaw/company-logo_400_400/company-logo_400_400/0/1691398751026/pillotech_logo?e=1740009600&v=beta&t=p8M38DIW3TGFHAvHVCbrwWRWdtBTdfsZNVpwQeZkO2g", "background_cover_image_url": "https://media.licdn.com/dms/image/v2/D4E3DAQH2b0SyGudrRg/image-scale_191_1128/image-scale_191_1128/0/1691444285666/pillotech_cover?e=1732683600&v=beta&t=uwGUzmw-xxIaWyBK2uRcov4X0z392YHammlQ3632uGo", "search_id": "98455818", "similar_companies": [{"name": "W1 Medya", "link": "https://www.linkedin.com/company/w1-medya/", "industry": "Media Production", "location": null}, {"name": "DDB", "link": "https://www.linkedin.com/company/ddb/", "industry": "Advertising Services", "location": null}], "affiliated_companies": [], "updates": [], "follower_count": 2, "acquisitions": null, "exit_data": null, "extra": null, "funding_data": [], "categories": null, "customer_list": null}
