{"linkedin_internal_id": "98451929", "description": "Welcome to the wonderland of plush!\n\nAt Plushila, we are designing electronic integrated plush products for a very special and personalized experience. We believe that soft products can be as functional as rigid devices we use daily.", "website": "http://plushila.com", "industry": "Textile Manufacturing", "company_size": [2, 10], "company_size_on_linkedin": 0, "hq": {"country": "DK", "city": "Copenhagen", "postal_code": null, "line_1": null, "is_hq": true, "state": null}, "company_type": "SELF_EMPLOYED", "founded_year": 2023, "specialities": [], "locations": [{"country": "DK", "city": "Copenhagen", "postal_code": null, "line_1": null, "is_hq": true, "state": null}, {"country": "TR", "city": "Istanbul", "postal_code": null, "line_1": null, "is_hq": true, "state": null}], "name": "Plushila", "tagline": "Welcome to the wonderland of plush! We are recreating technology in its softest form.", "universal_name_id": "plushila", "profile_pic_url": "https://media.licdn.com/dms/image/v2/D4E0BAQEEHSVC_geF4g/company-logo_400_400/company-logo_400_400/0/1691233292236?e=1740009600&v=beta&t=BoT1PBag3v4u9yvpN4bdQGxf0MXtd3d8Xf-fgnT2Ago", "background_cover_image_url": "https://media.licdn.com/dms/image/v2/D4E3DAQGmhPxjJC--Hw/image-scale_191_1128/image-scale_191_1128/0/1691234014413/plushila_cover?e=1732683600&v=beta&t=wgrRWMTYhpqs3OcinqgbGuiktds4GxLcKVZYgIWtaoA", "search_id": "98451929", "similar_companies": [{"name": "TechCompenso", "link": "https://www.linkedin.com/company/techcompenso-stipendi-italia/", "industry": "Human Resources Services", "location": null}], "affiliated_companies": [], "updates": [], "follower_count": 3, "acquisitions": null, "exit_data": null, "extra": null, "funding_data": [], "categories": null, "customer_list": null}
