{"linkedin_internal_id": "14695705", "description": "Established in 2004, Proton is a Precision Component Manufacturing company in Pune.\n\nOver 15 years of experience, Proton has established itself as a leading supplier of Machined Castings, Forgings and Bar components to OEM\u2019s and Tier 1 suppliers all over the world.\n\nProton is specialized in manufacturing Critical Machined components for all Industrial sectors from Automobile, Oil & Gas, Food, Power, Locomotives, General Engineering, Pneumatics, Defence & Aerospace.\nProton is certified with AS9100: Rev D  for supplying Precision Machined components & Assemblies for Defence & Aerospace Industries and ISO9001:2015 for all Engineering sectors.\nProton has a core competency of developing strong manufacturing processes which enable to handle mass quantity as well as small batch quantities.\nProton is a team of 60 employees, 25 CNC/VMC/Multiaxis machines which enable to cater to critical precision machined components.", "website": "https://www.protonmetalcrafts.com", "industry": "Industrial Machinery Manufacturing", "company_size": [51, 200], "company_size_on_linkedin": 29, "hq": {"country": "IN", "city": "Pune", "postal_code": "411048", "line_1": "Plot No 27 , Tiny Industrial Co-operative Estate , Kondhwa Bk, ", "is_hq": true, "state": "Maharashtra"}, "company_type": "PRIVATELY_HELD", "founded_year": 2004, "specialities": ["CNC Machining", "Precision Component Machining", "Contract Manufacturing", "AS9100D", "Precision Machined Component Manufacturing", "Machining", "QMS", "Multiaxis Machining", "Defense Manufacturing", "Precision Machining", "Aerospace Machining"], "locations": [{"country": "IN", "city": "Pune", "postal_code": "411048", "line_1": "Plot No 27 , Tiny Industrial Co-operative Estate , Kondhwa Bk, ", "is_hq": true, "state": "Maharashtra"}], "name": "Proton Metalcrafts Pvt Ltd", "tagline": "Driven by Values & Technologies", "universal_name_id": "proton-metalcrafts-pvt-ltd", "profile_pic_url": "https://media.licdn.com/dms/image/v2/C510BAQEPpv9mqF7KBQ/company-logo_400_400/company-logo_400_400/0/1630599843917?e=1740009600&v=beta&t=oi_4GiaGWyZY72zxekVjGLBs0NnEnEMD-77pQ2GXSzI", "background_cover_image_url": "https://media.licdn.com/dms/image/v2/C511BAQHcCJuPsbRtbg/company-background_200/company-background_200/0/1583944326056/proton_metalcrafts_pvt_ltd_cover?e=1732687200&v=beta&t=xq_2dJhtli0gV4KyLVs1ucFbiIQooZKYdleTMXsFFqc", "search_id": "14695705", "similar_companies": [{"name": "Meritech", "link": "https://www.linkedin.com/company/meritech-excellence-in-auto-transmission/", "industry": "Manufacturing", "location": null}, {"name": "ROBOCON CNC PVT LTD", "link": "https://www.linkedin.com/company/robocon-cnc-pvt-ltd/", "industry": "Machinery Manufacturing", "location": null}, {"name": "S.K. WELDEDMESH  PVT LTD. ", "link": "https://www.linkedin.com/company/kedia-hardware-pvt-ltd/", "industry": "Construction", "location": null}, {"name": "SM Auto Engineering Pvt Ltd", "link": "https://www.linkedin.com/company/sm-auto-engineering-pvt-ltd/", "industry": "Motor Vehicle Manufacturing", "location": null}, {"name": "Meritech", "link": "https://www.linkedin.com/company/meritechsystems/", "industry": "Automation Machinery Manufacturing", "location": null}, {"name": "Planetto Tooltech Pvt Ltd", "link": "https://www.linkedin.com/company/planetto-tooltech-pvt-ltd/", "industry": "Manufacturing", "location": null}, {"name": "WOLF 3D TECHNOLOGIES", "link": "https://www.linkedin.com/company/wolf3dtechnologies/", "industry": "Mechanical Or Industrial Engineering", "location": null}, {"name": "JYOTI SOLUTIONSWORKS PRIVATE LIMITED", "link": "https://www.linkedin.com/company/jyotitoolings/", "industry": "Industrial Machinery Manufacturing", "location": null}, {"name": "Cummins India", "link": "https://www.linkedin.com/company/cummins-india/", "industry": "Motor Vehicle Manufacturing", "location": null}, {"name": "Shree Engineering Pune", "link": "https://www.linkedin.com/company/shree-engineering-pune/", "industry": "Appliances, Electrical, and Electronics Manufacturing", "location": null}, {"name": "Uno Minda", "link": "https://www.linkedin.com/company/unominda/", "industry": "Motor Vehicle Parts Manufacturing", "location": null}, {"name": "Air India Limited", "link": "https://www.linkedin.com/company/airindia/", "industry": "Airlines and Aviation", "location": null}, {"name": "Jaycee Equipment Pvt Ltd.", "link": "https://www.linkedin.com/company/jayceeequipment/", "industry": "Mechanical Or Industrial Engineering", "location": null}, {"name": "GALAXY TOOLING", "link": "https://www.linkedin.com/company/galaxytooling2008/", "industry": "Industrial Machinery Manufacturing", "location": null}, {"name": "Shirodkar Preci Comp Private Limited", "link": "https://www.linkedin.com/company/spc-india/", "industry": "Industrial Machinery Manufacturing", "location": null}, {"name": "Alfa Facade Systems Pvt. Ltd.", "link": "https://www.linkedin.com/company/alfafacadesystems/", "industry": "Construction", "location": null}, {"name": "NIBE Limited", "link": "https://www.linkedin.com/company/nibe-limited-com/", "industry": "Defense and Space Manufacturing", "location": null}, {"name": "Reliable Autotech Private Limited", "link": "https://www.linkedin.com/company/reliable-autotech-private-limited/", "industry": "Manufacturing", "location": null}, {"name": "Orbit Bearings India Pvt Ltd", "link": "https://www.linkedin.com/company/orbit-bearings-india-pvt-ltd/", "industry": "Industrial Machinery Manufacturing", "location": null}, {"name": "Hawa Valves", "link": "https://www.linkedin.com/company/hawavalves/", "industry": "Oil and Gas", "location": null}], "affiliated_companies": [], "updates": [{"article_link": "https://www.linkedin.com/posts/proton-metalcrafts-pvt-ltd_makeinindia-defencemanufacturing-aerospacemanufacturing-activity-7171776395067416576-Alup", "image": "https://media.licdn.com/dms/image/v2/D4D22AQEJ0nAeIkRv9Q/feedshare-shrink_2048_1536/feedshare-shrink_2048_1536/0/1709884723753?e=1735171200&v=beta&t=6B5em_IutcGGaoeZb5gJ3aO73hwBlVqSDBEiQmww4n0", "posted_on": {"day": 20, "month": 3, "year": 2024}, "text": "Performance awards for the month of February 24 & birthday celebrations.\nEvery month we celebrate,  congratulate and award the best performers of Previous month on 1st working day of the month and celebrate birthdays of everyone together for the previous month. we have been doing this for past 20 years and are very Proud of the culture we inculcate in our whole team with these appreciations.\nour team is highly motivated to serve our Customers with top notch service and happy smiling faces \ud83d\ude0a.\nManufacturing for future of India.\n#makeinindia #defencemanufacturing\n#aerospacemanufacturing #globalsourcing #automotiveindustry #cncmachining #5axismachining #telecominfrastructure", "total_likes": 27}, {"article_link": "https://www.linkedin.com/posts/vivek-lupane-2aa44a76_manufacturingexcellence-defenceindustry-cncmachining-activity-7171050633066737664-JQUr", "image": "https://media.licdn.com/dms/image/v2/D5622AQGDgeNGH7zNmQ/feedshare-shrink_2048_1536/feedshare-shrink_2048_1536/0/1709711700908?e=1735171200&v=beta&t=1ylOlhcY1FI5PD4xT5hthrYrARlHrXOaqUt9TcM_Sdg", "posted_on": {"day": 20, "month": 3, "year": 2024}, "text": "Mistake realization for the month of February 2024.\nThe production team explains the mistakes that took in Production to whole Proton Team so that others learn from their mistakes to avoid them in Future.\nThis is a ritual and a regular practice at Proton towards continuous improvements in our Production System to ensure defect free supplies to all our Customers. \n#manufacturingexcellence #defenceindustry #cncmachining #advancedmanufacturing", "total_likes": 95}, {"article_link": "https://www.linkedin.com/posts/jagdambabhawan_session-on-harmony-in-relations-was-organized-ugcPost-7172480022874570752-IiJK", "image": "https://media.licdn.com/dms/image/v2/D4D22AQGthV6sgfsFew/feedshare-shrink_2048_1536/feedshare-shrink_2048_1536/0/1710052493748?e=1735171200&v=beta&t=lpm7yZVlXMUKbsQx5MRnPcsVrCYF8FbNKCI4xVDCcFY", "posted_on": {"day": 20, "month": 3, "year": 2024}, "text": "Session on \"Harmony in Relations\"  was organized for the staff at Proton Metalcrafts Pvt Ltd on 20-Feb-24.\nThanks to Gajanan Lupane for arranging this session for the staff.", "total_likes": 6}, {"article_link": "https://www.linkedin.com/posts/proton-metalcrafts-pvt-ltd_makeinindia-defencemanufacturing-aerospacemanufacturing-ugcPost-7171776394157395968-wb4t", "image": "https://media.licdn.com/dms/image/v2/D4D22AQEJ0nAeIkRv9Q/feedshare-shrink_2048_1536/feedshare-shrink_2048_1536/0/1709884723753?e=1735171200&v=beta&t=6B5em_IutcGGaoeZb5gJ3aO73hwBlVqSDBEiQmww4n0", "posted_on": {"day": 20, "month": 3, "year": 2024}, "text": "Performance awards for the month of February 24 & birthday celebrations.\nEvery month we celebrate,  congratulate and award the best performers of Previous month on 1st working day of the month and celebrate birthdays of everyone together for the previous month. we have been doing this for past 20 years and are very Proud of the culture we inculcate in our whole team with these appreciations.\nour team is highly motivated to serve our Customers with top notch service and happy smiling faces \ud83d\ude0a.\nManufacturing for future of India.\n#makeinindia #defencemanufacturing\n#aerospacemanufacturing #globalsourcing #automotiveindustry #cncmachining #5axismachining #telecominfrastructure", "total_likes": 27}, {"article_link": "https://www.linkedin.com/posts/proton-metalcrafts-pvt-ltd_cncmachining-precisionmachining-defencemanufacturing-activity-7192972909701709825-9ZvM", "image": null, "posted_on": {"day": 20, "month": 5, "year": 2024}, "text": "April Awards", "total_likes": 6}], "follower_count": 694, "acquisitions": null, "exit_data": null, "extra": null, "funding_data": [], "categories": null, "customer_list": null}
