{"linkedin_internal_id": "1602", "description": "Roche is a global pioneer in pharmaceuticals and diagnostics focused on advancing science to improve people\u2019s lives. The combined strengths of pharmaceuticals and diagnostics under one roof have made Roche the leader in personalised healthcare \u2013 a strategy that aims to fit the right treatment to each patient in the best way possible.\n\nRoche is the world\u2019s largest biotech company, with truly differentiated medicines in oncology, immunology, infectious diseases, ophthalmology and diseases of the central nervous system. Roche is also the world leader in in vitro diagnostics and tissue-based cancer diagnostics, and a frontrunner in diabetes management.\n\nFounded in 1896, Roche continues to search for better ways to prevent, diagnose and treat diseases and make a sustainable contribution to society. The company also aims to improve patient access to medical innovations by working with all relevant stakeholders. Thirty medicines developed by Roche are included in the World Health Organization Model Lists of Essential Medicines, among them life-saving antibiotics, antimalarials and cancer medicines. Roche has been recognised as the Group Leader in sustainability within the Pharmaceuticals, Biotechnology & Life Sciences Industry ten years in a row by the Dow Jones Sustainability Indices (DJSI).\n\nFor more information, please visit https://careers.roche.com\n\nRead our community guidelines here: \nhttps://www.roche.com/some-guidelines.htm\n\n#Roche #Biotechnology #Pharmaceuticals #Diagnostics #Healthcare #PersonalisedHealthcare #GreatPlaceToWork #Innovation", "website": "http://www.roche.com/", "industry": "Biotechnology Research", "company_size": [10001, null], "company_size_on_linkedin": 93779, "hq": {"country": "CH", "city": "Switzerland \ud83c\udde8\ud83c\udded ", "postal_code": "4070", "line_1": "Grenzacherstrasse", "is_hq": true, "state": null}, "company_type": "PUBLIC_COMPANY", "founded_year": null, "specialities": ["biotechnology", "innovation", "personalized healthcare", "great place to work", "diagnostics", "pharmaceuticals", "research", "healthcare", "personalised healthcare", "diabetes care", "genomics", "healthcare technology", "big data", "Science"], "locations": [{"country": "CH", "city": "Switzerland \ud83c\udde8\ud83c\udded ", "postal_code": "4070", "line_1": "Grenzacherstrasse", "is_hq": true, "state": null}, {"country": "US", "city": "Raleigh", "postal_code": "27607", "line_1": "4414 Lake Boone Trail", "is_hq": false, "state": "NC"}, {"country": "CA", "city": "Mississauga", "postal_code": "L5N 5M8", "line_1": "7070 Mississauga Rd", "is_hq": false, "state": "ON"}, {"country": "PE", "city": "San Isidro", "postal_code": "15047", "line_1": "Calle Dionisio Derteano 144", "is_hq": false, "state": "Lima"}, {"country": "US", "city": "Atlanta", "postal_code": "30305", "line_1": "333 Buckhead Ave NE", "is_hq": false, "state": "GA"}, {"country": "US", "city": "Indianapolis", "postal_code": "46256", "line_1": "9115 Hague Rd", "is_hq": false, "state": "IN"}, {"country": "ES", "city": "Sant Cugat del Valles", "postal_code": "08174", "line_1": "Avinguda de la Generalitat", "is_hq": false, "state": "Catalonia"}, {"country": "ZA", "city": "Cape Town", "postal_code": "7925", "line_1": "271 Victoria Rd", "is_hq": false, "state": "Western Cape"}, {"country": "UY", "city": "Montevideo", "postal_code": "11300", "line_1": "Doctor Luis Bonavita 1266", "is_hq": false, "state": null}, {"country": "CA", "city": "Laval", "postal_code": "H7V 4A2", "line_1": "201 Boulevard Armand-Frappier", "is_hq": false, "state": "QC"}, {"country": "CH", "city": "Risch", "postal_code": "6343", "line_1": "Forrenstrasse 2", "is_hq": false, "state": "ZG"}, {"country": "US", "city": "Pleasanton", "postal_code": "94588", "line_1": "4300 Hacienda Dr", "is_hq": false, "state": "CA"}, {"country": "GB", "city": "Welwyn Garden City", "postal_code": "AL7 1TW", "line_1": "Falcon Way", "is_hq": false, "state": "England"}, {"country": "ES", "city": "Madrid", "postal_code": "28042", "line_1": "Calle de la Ribera del Loira, 50", "is_hq": false, "state": "Community of Madrid"}, {"country": "CH", "city": "Basel", "postal_code": "4058", "line_1": "Grenzacherstrasse 124", "is_hq": false, "state": "BS"}, {"country": "US", "city": "New York", "postal_code": "10016", "line_1": "430 E 29th St", "is_hq": false, "state": "NY"}, {"country": "ZA", "city": "Sandton", "postal_code": "2196", "line_1": "24 Fricker Rd", "is_hq": false, "state": "Gauteng"}, {"country": "MX", "city": "Miguel Hidalgo", "postal_code": "11910", "line_1": "Cerrada Molino Bezares", "is_hq": false, "state": "CDMX"}, {"country": "DE", "city": "Mannheim", "postal_code": "68305", "line_1": "Sandhofer Strasse 116", "is_hq": false, "state": "BW"}, {"country": "PL", "city": "Warsaw", "postal_code": "02-672", "line_1": "ulica Domaniewska 39B", "is_hq": false, "state": "MA"}, {"country": "TR", "city": "Istanbul", "postal_code": "34794", "line_1": "44. Sokak", "is_hq": false, "state": "Istanbul"}, {"country": "FR", "city": "Meylan", "postal_code": "38240", "line_1": "Allee de la Piat", "is_hq": false, "state": "Auvergne-Rhone-Alpes"}, {"country": "IN", "city": "Pune", "postal_code": "411005", "line_1": "671-75 Ganeshkhind Road", "is_hq": false, "state": "Maharashtra"}, {"country": "CN", "city": "Shanghai", "postal_code": null, "line_1": "No. 1100 Longdong Avenue", "is_hq": false, "state": null}], "name": "Roche", "tagline": null, "universal_name_id": "roche", "profile_pic_url": "https://s3.us-west-000.backblazeb2.com/proxycurl/company/roche/profile?X-Amz-Algorithm=AWS4-HMAC-SHA256&X-Amz-Credential=0004d7f56a0400b0000000001%2F20241120%2Fus-west-000%2Fs3%2Faws4_request&X-Amz-Date=20241120T045028Z&X-Amz-Expires=3600&X-Amz-SignedHeaders=host&X-Amz-Signature=1a69623f394c9b33299895ec4e15da9b26bafc71ec07f03a6e46f35d50b623d2", "background_cover_image_url": "https://s3.us-west-000.backblazeb2.com/proxycurl/company/roche/cover?X-Amz-Algorithm=AWS4-HMAC-SHA256&X-Amz-Credential=0004d7f56a0400b0000000001%2F20241120%2Fus-west-000%2Fs3%2Faws4_request&X-Amz-Date=20241120T045028Z&X-Amz-Expires=3600&X-Amz-SignedHeaders=host&X-Amz-Signature=ea786dbdfc81970e814ce1341210f3557b99ec0b789c09219a879b4bf24e683e", "search_id": "1602", "similar_companies": [{"name": "Pfizer", "link": "https://www.linkedin.com/company/pfizer", "industry": "Pharmaceutical Manufacturing", "location": "New York, New York"}, {"name": "Novartis", "link": "https://ch.linkedin.com/company/novartis", "industry": "Pharmaceutical Manufacturing", "location": "Basel, Baselstadt"}, {"name": "Sanofi", "link": "https://fr.linkedin.com/company/sanofi", "industry": "Pharmaceutical Manufacturing", "location": "Paris, France"}, {"name": "Johnson & Johnson", "link": "https://www.linkedin.com/company/johnson-&-johnson", "industry": "Hospitals and Health Care", "location": "New Brunswick, NJ"}, {"name": "GSK", "link": "https://uk.linkedin.com/company/gsk", "industry": "Pharmaceutical Manufacturing", "location": "London, England"}, {"name": "AstraZeneca", "link": "https://uk.linkedin.com/company/astrazeneca", "industry": "Pharmaceutical Manufacturing", "location": "Cambridge, Cambridgeshire"}, {"name": "Bayer", "link": "https://de.linkedin.com/company/bayer", "industry": "Chemical Manufacturing", "location": "Leverkusen, North Rhine-Westphalia"}, {"name": "Abbott", "link": "https://www.linkedin.com/company/abbott-", "industry": "Hospitals and Health Care", "location": "Abbott Park, Illinois"}, {"name": "Novo Nordisk", "link": "https://dk.linkedin.com/company/novo-nordisk", "industry": "Pharmaceutical Manufacturing", "location": null}, {"name": "Thermo Fisher Scientific", "link": "https://www.linkedin.com/company/thermo-fisher-scientific", "industry": "Biotechnology Research", "location": "Waltham, MA"}], "affiliated_companies": [{"name": "Genentech", "link": "https://www.linkedin.com/company/genentech", "industry": "Biotechnology Research", "location": "South San Francisco, California"}, {"name": "Roche M\u00e9xico", "link": "https://mx.linkedin.com/company/rochemexico", "industry": "Pharmaceutical Manufacturing", "location": "Ciudad de M\u00e9xico, CDMX"}, {"name": "Roche Diagnostics USA", "link": "https://www.linkedin.com/showcase/roche-diagnostics-usa/", "industry": "Biotechnology Research", "location": "Indianapolis, Indiana"}, {"name": "Roche Middle East", "link": "https://www.linkedin.com/company/roche-middle-east", "industry": "Biotechnology Research", "location": null}, {"name": "Roche Germany", "link": "https://de.linkedin.com/showcase/roche-deutschland/", "industry": "Biotechnology Research", "location": "Mannheim, Mannheim"}, {"name": "Roche Argentina", "link": "https://ar.linkedin.com/showcase/roche-argentina/", "industry": "Pharmaceutical Manufacturing", "location": "Ricardo Rojas, Buenos Aires"}, {"name": "Roche Ecuador", "link": "https://ec.linkedin.com/showcase/roche-ecuador/", "industry": "Pharmaceutical Manufacturing", "location": "Quito, Pichincha"}, {"name": "Roche LATAM", "link": "https://br.linkedin.com/showcase/roche-latam/", "industry": "Biotechnology Research", "location": null}, {"name": "Roche Per\u00fa", "link": "https://pe.linkedin.com/showcase/rocheperu/", "industry": "Pharmaceutical Manufacturing", "location": "San Isidro , Lima"}, {"name": "Roche Polska", "link": "https://pl.linkedin.com/showcase/rochepolska/", "industry": "Pharmaceutical Manufacturing", "location": "Warszawa, mazowieckie"}, {"name": "Roche Chile", "link": "https://cl.linkedin.com/showcase/roche-chile/", "industry": "Pharmaceutical Manufacturing", "location": "Santiago / Las Condes , Santiago"}, {"name": "Roche Africa", "link": "https://af.linkedin.com/showcase/roche-africa/", "industry": "Biotechnology Research", "location": null}, {"name": "Roche France", "link": "https://fr.linkedin.com/showcase/roche-en-france/", "industry": "Biotechnology Research", "location": "Boulogne-Billancourt, \u00cele-de-France"}, {"name": "Roche Canada", "link": "https://ca.linkedin.com/showcase/roche-canada/", "industry": "Biotechnology", "location": "Mississauga, Ontario"}, {"name": "Roche Diabetes Care", "link": "https://www.linkedin.com/company/rochediabetescare", "industry": "Medical Equipment Manufacturing", "location": "Indianapolis, IN"}, {"name": "GenMark Diagnostics", "link": "https://www.linkedin.com/company/genmark-diagnostics", "industry": "Medical Equipment Manufacturing", "location": "Carlsbad, CA"}, {"name": "Roche Diagnostics France", "link": "https://fr.linkedin.com/showcase/rochediagnosticsfr/", "industry": "Medical Equipment Manufacturing", "location": "Meylan Cedex, Auvergne-Rh\u00f4ne-Alpes"}, {"name": "Roche Costa Rica", "link": "https://cr.linkedin.com/showcase/roche-costa-rica/", "industry": "Biotechnology Research", "location": "San Rafael, Escaz\u00fa, San Jos\u00e9"}, {"name": "Roche Belgium & Luxembourg", "link": "https://be.linkedin.com/company/roche-belux", "industry": "Hospitals and Health Care", "location": "Anderlecht, Brussels Region"}, {"name": "Roche Bangladesh", "link": "https://bd.linkedin.com/showcase/roche-bangladesh/", "industry": "Pharmaceutical Manufacturing", "location": null}, {"name": "Roche Diabetes Care France", "link": "https://fr.linkedin.com/showcase/roche-diabetes-care-france/", "industry": "Medical Equipment Manufacturing", "location": "Meylan, Auvergne-Rh\u00f4ne-Alpes"}, {"name": "Roche Diagnostics Asia Pacific", "link": "https://sg.linkedin.com/showcase/rochediagnosticsasiapacific/", "industry": "Biotechnology Research", "location": "Singapore, Singapore"}, {"name": "Roche Uruguay", "link": "https://uy.linkedin.com/showcase/rocheuruguay/", "industry": "Pharmaceutical Manufacturing", "location": null}, {"name": "Roche Australia", "link": "https://au.linkedin.com/showcase/roche-australia/", "industry": "Biotechnology Research", "location": "Sydney, NSW"}, {"name": "Carmot Therapeutics, Inc.", "link": "https://www.linkedin.com/company/carmot-therapeutics-inc", "industry": "Biotechnology Research", "location": null}, {"name": "Roche Diagnostics Pakistan", "link": "https://pk.linkedin.com/showcase/roche-diagnostics-pakistan/", "industry": "Biotechnology Research", "location": null}, {"name": "Roche Sequencing USA", "link": "https://www.linkedin.com/company/roche-sequencing-usa", "industry": "Biotechnology Research", "location": "Indianapolis, Indiana"}, {"name": "Roche Malaysia", "link": "https://my.linkedin.com/showcase/roche-malaysia/", "industry": "Biotechnology Research", "location": "Sunway, Selangor"}, {"name": "Roche Diagnostics Nederland", "link": "https://nl.linkedin.com/company/roche-diagnostics-nederland", "industry": "Hospitals and Health Care", "location": null}, {"name": "Roche Danmark", "link": "https://dk.linkedin.com/showcase/rochedanmark/", "industry": "Biotechnology Research", "location": "Copenhagen, Capital Region"}, {"name": "\u4e2d\u5916\u88fd\u85ac / Chugai Pharmaceutical Co., Ltd.", "link": "https://jp.linkedin.com/company/chugai", "industry": "Pharmaceutical Manufacturing", "location": "\u4e2d\u592e\u533a, \u6771\u4eac\u90fd"}, {"name": "Roche CustomBiotech - North America", "link": "https://www.linkedin.com/showcase/roche-diagnostics---custom-biotech-division/", "industry": "Biotechnology Research", "location": "Indianapolis, Indiana"}, {"name": "Roche Austria", "link": "https://at.linkedin.com/showcase/roche-austria/", "industry": "Pharmaceutical Manufacturing", "location": null}, {"name": "Roche Sweden", "link": "https://se.linkedin.com/showcase/roche-sweden/", "industry": "Pharmaceutical Manufacturing", "location": "SOLNA, Stockholm County"}, {"name": "LabLeaders", "link": "https://ch.linkedin.com/company/lableaders", "industry": "Hospitals and Health Care", "location": "Rotkreuz, Zug"}, {"name": "Roche in Norway", "link": "https://no.linkedin.com/showcase/rochenorge/", "industry": "Hospitals and Health Care", "location": "Oslo, Oslo"}, {"name": "Roche Diagnostics Australia", "link": "https://au.linkedin.com/showcase/roche-diagnostics-australia/", "industry": "Biotechnology Research", "location": "North Ryde, NSW"}, {"name": "Roche Diagnostics Danmark", "link": "https://dk.linkedin.com/company/roche-diagnostics-danmark", "industry": "Medical Equipment Manufacturing", "location": "Copenhagen, Capital Region"}, {"name": "Roche Diagnostics Sweden", "link": "https://se.linkedin.com/company/rochediagnosticssverige", "industry": "Hospitals and Health Care", "location": "Solna, Stockholm County"}, {"name": "Roche Israel", "link": "https://il.linkedin.com/showcase/roche-israel/", "industry": "Pharmaceutical Manufacturing", "location": "Hod Hasharon, Israel"}, {"name": "Roche \u010cesk\u00e1 republika", "link": "https://cz.linkedin.com/showcase/roche-czech-republic/", "industry": "Biotechnology", "location": "Praha 8, Hlavn\u00ed m\u011bsto Praha"}, {"name": "Fondation Roche", "link": "https://fr.linkedin.com/showcase/fondation-roche/", "industry": "Non-profit Organizations", "location": null}, {"name": "Healthcare Transformers", "link": "https://www.linkedin.com/showcase/healthcare-transformers/", "industry": "Biotechnology Research", "location": null}], "updates": [{"article_link": null, "image": null, "posted_on": {"day": 8, "month": 11, "year": 2024}, "text": "Ever wonder what happens when brilliant young minds are put in a glass cube for five days and thrown in a real-world healthcare challenge? \n\nTo find out, Roche in Basel hosted one of the teams of the InCube Challenge from October 14 to 18. This partnership with ETH Z\u00fcrich connects our company with forward-thinkers worldwide who look at complex problems with fresh perspectives.", "total_likes": 155}, {"article_link": null, "image": "https://media.licdn.com/dms/image/v2/D4D10AQF_rKF4TxWQmA/image-shrink_1280/image-shrink_1280/0/1730991602300?e=2147483647&v=beta&t=pHqSl09zSBikObHlXbGTli1NlIfSXTUOmAh6SaUxgGM", "posted_on": {"day": 7, "month": 11, "year": 2024}, "text": "\ud83c\udf0dAt Roche, we believe a healthier planet means healthier lives. Our commitment to sustainability drives us to protect the environment, expand access to healthcare, and ensure ethical, transparent operations worldwide. \n\nThrough innovations in healthcare, responsible resource management, and ethical business practices, we\u2019re advancing sustainable, long-term value for patients, communities, and the planet.\ud83c\udf3f\ud83d\udc99\n\nLearn more \ud83d\udc49 https://lnkd.in/djUJ5YRT \nRead more about sustainability at Roche here \ud83d\udc49 https://lnkd.in/dRsJvW23", "total_likes": 160}, {"article_link": null, "image": "https://media.licdn.com/dms/image/v2/D4D10AQFjox89TdNjjw/videocover-high/videocover-high/0/1730891526198?e=2147483647&v=beta&t=earsJP9YAL6YD3QrvLUsr6IYQmPe9Ng6HvQbgbPCe1w", "posted_on": {"day": 6, "month": 11, "year": 2024}, "text": "Why is it important to advocate for people with diabetes? \n\nShelley Rogers Landes' story is a powerful reminder of how pervasive diabetes stigma still is\u2014 especially for people living with type 2 diabetes. But Shelley hasn\u2019t given up. There are a number of ways to tackle stigma and discrimination, and they all start with just a little kindness. \n\nThank you, Shelley' for being so open as you share your story with the world. \n\nLearn more how to be a diabetes ally: http://spkl.io/6040fTmjs\n\n#ConnectingWhatCounts\n#WorldDiabetesDay \n#MentalHealth \n#DiabetesLife \n#VoicesOfDiabetes", "total_likes": 150}, {"article_link": null, "image": "https://media.licdn.com/dms/image/v2/D4D10AQEW4S1-aomSsw/videocover-high/videocover-high/0/1730711703055?e=2147483647&v=beta&t=bzVaas7fIG_s1TaJ2N8e23L8MiNge7za5K61haZpAqI", "posted_on": {"day": 4, "month": 11, "year": 2024}, "text": "Did you know that the global economy loses significant amounts every minute due to the gender health gap? It\u2019s time to uncover the true cost of neglecting women\u2019s health. Stay tuned for crucial insights! #TogetherForChange #XIndex #XProject\n\nFind out more at: http://spkl.io/6049fTOhF", "total_likes": 228}, {"article_link": null, "image": "https://media.licdn.com/dms/image/v2/D4D10AQGbGYV2xFJbUQ/videocover-high/videocover-high/0/1730530807880?e=2147483647&v=beta&t=iBau0KCQK7KV3yHyJ715D4_DDCuzmfPvbBzhB2ApGms", "posted_on": {"day": 2, "month": 11, "year": 2024}, "text": "The power of partnerships can transform healthcare and give us all more time with the people we love. \n\nThrough collaboration with Algerian health authorities, we're paving the way for early detection and innovative treatment for breast cancer. As a mother diagnosed with breast cancer, Karima's story is a testament to the impact we can make when we work together. \n\nJoin us in making a difference and creating a healthier future for women everywhere. \n\nFind out more at: http://spkl.io/6043frXoL", "total_likes": 172}, {"article_link": null, "image": "https://media.licdn.com/dms/image/v2/D4E22AQGkzBUzq2F3zg/feedshare-shrink_800/feedshare-shrink_800/0/1730368066621?e=2147483647&v=beta&t=-Svz_tc7i-7tYaomS5scuK_rRx4UquYz636Pvh5_5DA", "posted_on": {"day": 2, "month": 11, "year": 2024}, "text": "Thank you, Kyle Srinivasan, for sharing the great news that Roche has again been voted number one in the PatientView Corporate Reputation of Pharma breast cancer survey. \n\nPartnering with patient communities is so important to the work we do, and this recognition reflects that. \n\nCongratulations to the teams involved!\n\n#PatientCommunity #PatientEngagement #BreastCancer", "total_likes": 153}, {"article_link": null, "image": "https://media.licdn.com/dms/image/v2/D4E22AQGkzBUzq2F3zg/feedshare-shrink_800/feedshare-shrink_800/0/1730368066621?e=2147483647&v=beta&t=-Svz_tc7i-7tYaomS5scuK_rRx4UquYz636Pvh5_5DA", "posted_on": {"day": 1, "month": 11, "year": 2024}, "text": null, "total_likes": 0}, {"article_link": null, "image": null, "posted_on": {"day": 1, "month": 11, "year": 2024}, "text": "We are thrilled to announce that our pRED Innovation Center in Basel has been awarded by SEFA Labs the \u201cSEFA Lab of the Year Award 2024\u201d! \ud83c\udfc6\n\nPresented annually by a jury of experts, the award recognizes the project team behind the most outstanding laboratory building. This is an incredible achievement for Roche and the project team, including the specialist planners and architects who brought this vision to life. Read more about it here: https://www.sefalabs.com/\n\nA heartfelt thank you to everyone for making this happen!\n\nGeo Adam, Achim Grenz, Katrin Arnold, Werner Pietzonka, Marcus Habl\u00fctzel, Ulrich Prutscher, Paul Kath, Markus von Gr\u00fcnigen, Dario Tonelli, Thore-Philipp Kuhn and Stefan Baumgartner\n\n#Winner #SEFA #Award #Lab #LaboftheYear", "total_likes": 977}, {"article_link": null, "image": "https://media.licdn.com/dms/image/v2/D4D10AQH2NiLnRud-8w/videocover-high/videocover-high/0/1730361628950?e=2147483647&v=beta&t=_MekUd_8evG0-YhYB4PN_YHISlwCcpoeWwoI1Lml4AQ", "posted_on": {"day": 1, "month": 11, "year": 2024}, "text": "At Roche, our goal in breast cancer is to relentlessly pursue a cure. We\u2019re focusing on three key areas of unmet needs \u2013 minimising the risk of the disease returning in early-stages, overcoming resistance to treatment, and reducing the risk of the cancer spreading to the brain.  \n\nIn our latest \u2018Cancer Dialogue\u2019 episode, Roche-Genentech\u2019s Maura Dickler and expert Professor Peter Fasching met to talk about unmet needs, current and future focus areas.\n\n\ud83d\udc49 http://spkl.io/6049fON5x", "total_likes": 203}, {"article_link": null, "image": "https://media.licdn.com/dms/image/v2/D4D10AQEob59EttRQIQ/image-shrink_800/image-shrink_800/0/1730214003584?e=2147483647&v=beta&t=mcrZyo-7U633pAK9hn31z_FdJkPVHBH8vg4oUrPCSeM", "posted_on": {"day": 1, "month": 11, "year": 2024}, "text": "\ud83d\udc65 Where diversity thrives, people thrive.\n\nBy embedding Diversity, Equity, and Inclusion into our daily practices, we empower everyone to bring their authentic selves to work. Through our Diversity Networks and inclusion initiatives, we foster a culture where collaboration, innovation, and wellbeing flourish. \u2728 We believe that a workplace that embraces diversity leads to a healthier, more engaged team. \ud83e\udd1d\n\nWant to learn more about our commitment to inclusion?\nLearn more \u27a1\ufe0f https://lnkd.in/dXk43hKC", "total_likes": 157}, {"article_link": null, "image": "https://media.licdn.com/dms/image/v2/D4D10AQF0q-UII00y1g/image-shrink_800/image-shrink_800/0/1730012089686?e=2147483647&v=beta&t=GoNn4wVOnonfw8drk614dEZefYd9KlKEa-Wed54cI5M", "posted_on": {"day": 1, "month": 11, "year": 2024}, "text": "We're thrilled to share that our Future Manufacturing Branchburg (FMB) Project has earned the 2024 Midwest US Region Energy Project of the Year Award from the Association of Energy Engineers (AEE). This achievement at our Branchburg, NJ site showcases our commitment to sustainable #energy solutions. \n\nBy using geothermal energy and implementing heat pumps for low temperature heating and cooling, the Global Capital Investment and Real Estate (CIRE) and Roche Molecular Systems Branchburg site teams are playing a vital role in reducing CO2 emissions and contributing to our long-term #sustainability goals. \n\nThis award strengthens our drive toward absolute zero CO2 emissions at our sites and reaffirms our dedication to minimizing environmental impact while delivering healthcare breakthroughs.", "total_likes": 378}], "follower_count": 3470302, "acquisitions": null, "exit_data": null, "extra": null, "funding_data": [], "categories": null, "customer_list": null}
