{"linkedin_internal_id": "67874084", "description": "Sabanc\u0131 \u00dcniversitesi \u00f6\u011frencileri taraf\u0131ndan kurulmu\u015f olup y\u00fcr\u00fct\u00fclen tiyatro ve sahne sanatlar\u0131 kul\u00fcb\u00fcd\u00fcr. Her sene yeni eklenen arkada\u015flar\u0131m\u0131zla daha da b\u00fcy\u00fcyen ve geli\u015fen bir aileyiz.", "website": null, "industry": "Performing Arts", "company_size": [11, 50], "company_size_on_linkedin": 11, "hq": {"country": "TR", "city": "\u0130stanbul", "postal_code": null, "line_1": null, "is_hq": true, "state": null}, "company_type": "EDUCATIONAL", "founded_year": null, "specialities": [""], "locations": [{"country": "TR", "city": "\u0130stanbul", "postal_code": null, "line_1": null, "is_hq": true, "state": null}], "name": "Sabanc\u0131 \u00dcniversitesi Oyuncular\u0131", "tagline": "S\u0131cak, samimi, i\u00e7ten, evet.", "universal_name_id": "sabanc%C4%B1-%C3%BCniversitesi-oyuncular%C4%B1", "profile_pic_url": "https://media.licdn.com/dms/image/v2/C4D0BAQE_6LOM8FUiAA/company-logo_200_200/company-logo_200_200/0/1630535615060?e=2147483647&v=beta&t=X_bKcQaDebo1T2eGX3lqCJoMmgXTwhEOLZGHTi2Y-1A", "background_cover_image_url": "https://media.licdn.com/dms/image/v2/C4D1BAQGGAA_PbIcJ4g/company-background_10000/company-background_10000/0/1597759390957/sabanc_niversitesi_oyuncular_cover?e=2147483647&v=beta&t=yKDTD07WxKQKGZC6oTxpKXuY7hWTIrYkd9nm2k2tVmU", "search_id": "67874084", "similar_companies": [{"name": "Sabanc\u0131 University Student Clubs", "link": "https://www.linkedin.com/company/sabanc%C4%B1-%C3%BCniversitesi-%C3%B6%C4%9Frenci-kul%C3%BCpleri", "industry": "Education", "location": null}, {"name": "Sabanc\u0131 \u00dcniversitesi Ekonomi ve \u0130\u015fletme Kul\u00fcb\u00fc", "link": "https://tr.linkedin.com/company/sabanc%C4%B1-%C3%BCniversitesi-ekonomi-ve-i%CC%87%C5%9Fletme-kul%C3%BCb%C3%BC", "industry": "Think Tanks", "location": null}, {"name": "TEMSA", "link": "https://tr.linkedin.com/company/temsaofficial", "industry": "Motor Vehicle Manufacturing", "location": null}, {"name": "Oyuncular Sendikas\u0131", "link": "https://tr.linkedin.com/company/oyuncular-sendikas%C4%B1", "industry": "Political Organizations", "location": null}, {"name": "Sabanc\u0131 University Sport Activities", "link": "https://www.linkedin.com/company/sabanc%C4%B1-%C3%BCniversitesi-spor-etkinlikleri", "industry": "Education", "location": null}, {"name": "K. Mc Kenzie & Associates", "link": "https://tt.linkedin.com/company/kmkassoc", "industry": "Business Consulting and Services", "location": null}, {"name": "VitaminBox", "link": "https://tr.linkedin.com/company/vitamin-box", "industry": "Retail Health and Personal Care Products", "location": "\u0130stanbul, Be\u015fikta\u015f"}, {"name": "Beykent \u00dcniversitesi AR-GE ve \u0130novasyon Kul\u00fcb\u00fc", "link": "https://www.linkedin.com/company/beykent-%C3%BCniversitesi-ar-ge-ve-i%CC%87novasyon-kul%C3%BCb%C3%BC", "industry": "Non-profit Organization Management", "location": null}, {"name": "Tiyatro.co", "link": "https://tr.linkedin.com/company/tiyatroco", "industry": "Performing Arts", "location": "\u00c7ankaya, Ankara"}, {"name": "SURover", "link": "https://tr.linkedin.com/company/sabancirover", "industry": "Defense and Space Manufacturing", "location": null}], "affiliated_companies": [], "updates": [], "follower_count": 116, "acquisitions": null, "exit_data": null, "extra": null, "funding_data": [], "categories": null, "customer_list": null}
