{"linkedin_internal_id": "814226", "description": "Sample Central is a unique retail / consumer product / insights / experience that places a focus on consumers, allowing them to try, touch, feel and experience products, and brand innovations before buying the products. As the pioneer of 'tryvertising' or try-before-you-buy, Sample Central ignites the conversation and interaction between brands and consumers, consumer who are willing to provide their insights about products or services they have chosen to explore or shown and interest in.\r\n\r\nHaving created the global go-to-market strategy, Anthony J James [AJ] was the driving-force behind launching the concept to the market, taking an active, hands-on approach selling the concept into brands and growing the business worldwide via a franchise framework.\r\n\r\nKEY ACHIEVEMENTS:\r\n\u2022 Took the business global via a franchise model (custom built for the concept)\r\n\u2022 Negotiated franchise agreements in over 20 countries in less than 5 years\r\n\u2022 Established global and franchise level operational plans and budgets\r\n\u2022 Coach, motivate and support new franchisees and business owners\r\n\u2022 Play and active and key role selling the concept to brands globally\r\n\u2022 Establish clear success metrics, systems and reporting arrangements\r\n\u2022 Changed the FMCG landscape with a model that truly influences consumers purchasing decisions\r\n\u2022 Built a robust, centralized, big-data engine, SaaS information management and software platform operating in over 10 languages supporting franchise partners and consumers worldwide", "website": "http://www.sample-central.com", "industry": "Advertising Services", "company_size": [11, 50], "company_size_on_linkedin": 6, "hq": {"country": "AU", "city": "Sydney", "postal_code": "2000", "line_1": "Level 26", "is_hq": true, "state": "NSW"}, "company_type": "PRIVATELY_HELD", "founded_year": 2007, "specialities": ["marketing", "advertising", "retail", "consumer research", "innovation", "digital transformation", "sales", "growth strategies"], "locations": [{"country": "AU", "city": "Sydney", "postal_code": "2000", "line_1": "Level 26", "is_hq": true, "state": "NSW"}, {"country": "BR", "city": "S\u00e3o Paulo", "postal_code": "01412-000", "line_1": "Rua Augusta, 2078 / 2080", "is_hq": true, "state": "Sao Paulo"}, {"country": "AE", "city": "Dubai", "postal_code": "2000", "line_1": "P.O. Box: 11245", "is_hq": true, "state": "UAE"}, {"country": "HU", "city": "H\u00f3dmezov\u00e1s\u00e1rhely", "postal_code": "6800", "line_1": "Medgyessy Ferenc utca 6. C. fsz. 6.", "is_hq": true, "state": "Hungary"}, {"country": "GB", "city": "London", "postal_code": "W1C 1AZ", "line_1": "9 Stratford Place", "is_hq": true, "state": "UK"}], "name": "Sample Central", "tagline": null, "universal_name_id": "sample-central", "profile_pic_url": "https://s3.us-west-000.backblazeb2.com/proxycurl/company/sample-central/profile?X-Amz-Algorithm=AWS4-HMAC-SHA256&X-Amz-Credential=0004d7f56a0400b0000000001%2F20241120%2Fus-west-000%2Fs3%2Faws4_request&X-Amz-Date=20241120T045009Z&X-Amz-Expires=3600&X-Amz-SignedHeaders=host&X-Amz-Signature=91f79bed32a68f1d029611c8551548215c1ac2df4254c463a8f028d2368908f6", "background_cover_image_url": null, "search_id": "814226", "similar_companies": [{"name": "Trinity Consulting Services", "link": "https://www.linkedin.com/company/trinity-consulting-services/", "industry": "Advertising Services", "location": null}, {"name": "DDB Asia", "link": "https://www.linkedin.com/company/ddb-group-asia-pacific/", "industry": "Advertising Services", "location": null}, {"name": "B2Bx", "link": "https://www.linkedin.com/company/b2bxperts/", "industry": "Advertising Services", "location": null}, {"name": "Creata", "link": "https://www.linkedin.com/company/creata/", "industry": "Advertising Services", "location": null}, {"name": "Fujitsu", "link": "https://www.linkedin.com/company/fujitsu/", "industry": "IT Services and IT Consulting", "location": null}, {"name": "ADFEST (Official)", "link": "https://www.linkedin.com/company/adfest-official/", "industry": "Advertising Services", "location": null}, {"name": "Edison Awards", "link": "https://www.linkedin.com/company/edison-awards/", "industry": "Advertising Services", "location": null}, {"name": "Tesla", "link": "https://www.linkedin.com/company/tesla-motors/", "industry": "Motor Vehicle Manufacturing", "location": null}, {"name": "Cardone Training Technologies, Inc.", "link": "https://www.linkedin.com/company/cardone-training-technologies-inc./", "industry": "Professional Training and Coaching", "location": null}, {"name": "Tata Consultancy Services", "link": "https://www.linkedin.com/company/tata-consultancy-services/", "industry": "IT Services and IT Consulting", "location": null}, {"name": "LinkedIn", "link": "https://www.linkedin.com/company/linkedin/", "industry": "Software Development", "location": null}, {"name": "Horeca Workshop em Portugu\u00eas", "link": "https://www.linkedin.com/company/horeca-workshop-em-portugu%C3%AAs/", "industry": "Marketing Services", "location": null}, {"name": "Credit Suisse", "link": "https://www.linkedin.com/company/credit-suisse/", "industry": "Banking", "location": null}, {"name": "Continental", "link": "https://www.linkedin.com/company/continental/", "industry": "Motor Vehicle Manufacturing", "location": null}, {"name": "VIYU VENTURES LIMITED", "link": "https://www.linkedin.com/company/viyuventures/", "industry": "IT Services and IT Consulting", "location": null}, {"name": "Bain & Company", "link": "https://www.linkedin.com/company/bain-and-company/", "industry": "Business Consulting and Services", "location": null}, {"name": "TechTeamOne IT Services Private Limited", "link": "https://www.linkedin.com/company/techteamone-it-services-private-limited/", "industry": "IT Services and IT Consulting", "location": null}, {"name": "SANEA Education", "link": "https://www.linkedin.com/company/saneaeducation/", "industry": "Individual and Family Services", "location": null}, {"name": "Shoalhaven Social", "link": "https://www.linkedin.com/company/shoalhaven-social/", "industry": "Advertising Services", "location": null}, {"name": "The Business Growth Group", "link": "https://www.linkedin.com/company/your-business-it-s-personal/", "industry": "Professional Training and Coaching", "location": null}], "affiliated_companies": [], "updates": [], "follower_count": 2103, "acquisitions": null, "exit_data": null, "extra": null, "funding_data": [], "categories": null, "customer_list": null}
