{"linkedin_internal_id": "42969935", "description": "Simplify is re-imagining the hiring and job-searching process. We're democratizing finding a job, no matter what your background is, where you live or what school you attended.\n\nOur first product is Copilot, and we're rapidly expanding on both the candidate and recruiter fronts. We've helped facilitate over 15m+ applications in just the last year, and are doubling down on our vision of building a common app for your career.\n\nWe started Simplify with the goal of killing the resume and allowing you to find roles that speak to you. Everything we build at Simplify is with a candidate-first approach, and designed to showcase the best version of yourself possible beyond your resume.", "website": "http://simplify.jobs", "industry": "Software Development", "company_size": [2, 10], "company_size_on_linkedin": 50, "hq": {"country": "US", "city": " San Francisco", "postal_code": "94114", "line_1": "2261 Market Street", "is_hq": true, "state": "California"}, "company_type": "PRIVATELY_HELD", "founded_year": 2020, "specialities": [], "locations": [{"country": "US", "city": " San Francisco", "postal_code": "94114", "line_1": "2261 Market Street", "is_hq": true, "state": "California"}], "name": "Simplify", "tagline": "The better way to job search.", "universal_name_id": "simplifyjobs", "profile_pic_url": "https://s3.us-west-000.backblazeb2.com/proxycurl/company/simplifyjobs/profile?X-Amz-Algorithm=AWS4-HMAC-SHA256&X-Amz-Credential=0004d7f56a0400b0000000001%2F20241120%2Fus-west-000%2Fs3%2Faws4_request&X-Amz-Date=20241120T053044Z&X-Amz-Expires=3600&X-Amz-SignedHeaders=host&X-Amz-Signature=15d26219fd23379477d4aca48a32329f4804d518e4a85b8a0544488b705901e5", "background_cover_image_url": "https://s3.us-west-000.backblazeb2.com/proxycurl/company/simplifyjobs/cover?X-Amz-Algorithm=AWS4-HMAC-SHA256&X-Amz-Credential=0004d7f56a0400b0000000001%2F20241120%2Fus-west-000%2Fs3%2Faws4_request&X-Amz-Date=20241120T053044Z&X-Amz-Expires=3600&X-Amz-SignedHeaders=host&X-Amz-Signature=a79c8393a376a5ed3a6c17dd922e4acb0eb6c91d55067a6e188a9595e833f782", "search_id": "42969935", "similar_companies": [{"name": "Teal", "link": "https://www.linkedin.com/company/tealhq/", "industry": "Software Development", "location": null}, {"name": "Sonara", "link": "https://www.linkedin.com/company/sonaraapply/", "industry": "Technology, Information and Internet", "location": null}, {"name": "Computer Science Club (CSC) at Pitt", "link": "https://www.linkedin.com/company/cscatpitt/", "industry": "Software Development", "location": null}, {"name": "Coupa Software", "link": "https://www.linkedin.com/company/coupa-software/", "industry": "Software Development", "location": null}, {"name": "Elgato", "link": "https://www.linkedin.com/company/elgato/", "industry": "Computer Hardware Manufacturing", "location": null}, {"name": "ServiceNow", "link": "https://www.linkedin.com/company/servicenow/", "industry": "Software Development", "location": null}, {"name": "Simplify Healthcare", "link": "https://www.linkedin.com/company/simplifyhealthcare/", "industry": "Software Development", "location": null}, {"name": "Simplify", "link": "https://www.linkedin.com/company/simplify/", "industry": "IT Services and IT Consulting", "location": null}, {"name": "SimplifyVMS", "link": "https://www.linkedin.com/company/simplifyworkforce/", "industry": "Software Development", "location": null}, {"name": "Wellfound", "link": "https://www.linkedin.com/company/wellfoundhq/", "industry": "Technology, Information and Internet", "location": null}, {"name": "Meta", "link": "https://www.linkedin.com/company/meta/", "industry": "Software Development", "location": null}, {"name": "Welcome to the Jungle UK", "link": "https://www.linkedin.com/company/wttj-uk/", "industry": "Technology, Information and Internet", "location": null}, {"name": "iykyk.careers", "link": "https://www.linkedin.com/company/iykyk-careers/", "industry": "Business Content", "location": null}, {"name": "Workday", "link": "https://www.linkedin.com/company/workday/", "industry": "Software Development", "location": null}, {"name": "Google", "link": "https://www.linkedin.com/company/google/", "industry": "Software Development", "location": null}, {"name": "Jobscan", "link": "https://www.linkedin.com/company/jobscan-co/", "industry": "Technology, Information and Internet", "location": null}, {"name": "Lever", "link": "https://www.linkedin.com/company/lever-/", "industry": "Software Development", "location": null}, {"name": "Jobright.ai", "link": "https://www.linkedin.com/company/jobright-ai/", "industry": "Software Development", "location": null}, {"name": "Careerflow.ai", "link": "https://www.linkedin.com/company/careerflow123/", "industry": "Technology, Information and Internet", "location": null}, {"name": "Notion", "link": "https://www.linkedin.com/company/notionhq/", "industry": "Software Development", "location": null}], "affiliated_companies": [], "updates": [{"article_link": "https://www.linkedin.com/posts/myan_this-is-a-photo-of-my-dad-editing-his-resume-activity-7254587636676243456-GYWF", "image": "https://media.licdn.com/dms/image/v2/D5622AQGoBvsBqjWFiw/feedshare-shrink_2048_1536/feedshare-shrink_2048_1536/0/1729628475030?e=1734566400&v=beta&t=ASrgDTQ2-Of3-EPIV7KJCLMbdQ-AwRgSZVnrfqqiQ4o", "posted_on": {"day": 25, "month": 10, "year": 2024}, "text": "This is a photo of my dad, editing his resume and applying to his first job in 2001 \u2013 while holding 1-year old me.\n\nIn the early 2000s, my dad was editing his resume in Microsoft Word and power-used Indeed to find and apply to jobs. \n\nHe spent over a year job searching, eventually taking a role only slightly related to his degree and skills. \n\nBut the process was so frustrating that my dad has been at the same job ever since \u2013 \ud835\uddf3\ud835\uddfc\ud835\uddff \ud835\uddfb\ud835\uddf2\ud835\uddee\ud835\uddff\ud835\uddf9\ud835\ude06 \ud835\udfee\ud835\udff1 \ud835\ude06\ud835\uddf2\ud835\uddee\ud835\uddff\ud835\ude00.\n\nNow, in 2024, \ud835\uddf6\ud835\ude01\u2019\ud835\ude00 \ud835\uddf0\ud835\uddff\ud835\uddee\ud835\ude07\ud835\ude06 \ud835\uddf5\ud835\uddfc\ud835\ude04 \ud835\uddf9\ud835\uddf6\ud835\ude01\ud835\ude01\ud835\uddf9\ud835\uddf2 \ud835\ude01\ud835\uddf5\ud835\uddf2 \ud835\uddfd\ud835\uddff\ud835\uddfc\ud835\uddf0\ud835\uddf2\ud835\ude00\ud835\ude00 \ud835\uddfc\ud835\uddf3 \ud835\uddf3\ud835\uddf6\ud835\uddfb\ud835\uddf1\ud835\uddf6\ud835\uddfb\ud835\uddf4 \ud835\uddee \ud835\uddf7\ud835\uddfc\ud835\uddef \ud835\uddf5\ud835\uddee\ud835\ude00 \ud835\uddf0\ud835\uddf5\ud835\uddee\ud835\uddfb\ud835\uddf4\ud835\uddf2\ud835\uddf1.\n\nYou still edit your resume in Word, find roles on job boards that have looked the same since 2000, and fill out (often) hundreds of applications. \n\nIt\u2019s still time-consuming, inefficient, and \ud835\udde1\ud835\udde2\ud835\udde7 candidate-friendly.\n\nIt\u2019s sad that the biggest change in these photos is me \u2013 and not the way hiring is done. \ud835\uddd5\ud835\ude02\ud835\ude01 \ud835\ude01\ud835\uddf5\ud835\uddee\ud835\ude01 \ud835\ude00\ud835\uddf5\ud835\uddfc\ud835\ude02\ud835\uddf9\ud835\uddf1\ud835\uddfb\u2019\ud835\ude01 \ud835\uddef\ud835\uddf2 \ud835\ude01\ud835\uddf5\ud835\uddf2 \ud835\uddf0\ud835\uddee\ud835\ude00\ud835\uddf2.\n\nMy dad's story is part of why I dropped out of Stanford to build Simplify \u2013 think of it as your \ud835\uddfd\ud835\uddf2\ud835\uddff\ud835\ude00\ud835\uddfc\ud835\uddfb\ud835\uddee\ud835\uddf9 \ud835\uddd4\ud835\udddc-\ud835\ude01\ud835\uddee\ud835\uddf9\ud835\uddf2\ud835\uddfb\ud835\ude01 \ud835\uddee\ud835\uddf4\ud835\uddf2\ud835\uddfb\ud835\ude01 that helps you \ud835\uddfc\ud835\uddff\ud835\uddf4\ud835\uddee\ud835\uddfb\ud835\uddf6\ud835\ude07\ud835\uddf2 \ud835\ude06\ud835\uddfc\ud835\ude02\ud835\uddff \ud835\uddfd\ud835\uddff\ud835\uddfc\ud835\uddf3\ud835\uddf2\ud835\ude00\ud835\ude00\ud835\uddf6\ud835\uddfc\ud835\uddfb\ud835\uddee\ud835\uddf9 \ud835\uddf7\ud835\uddfc\ud835\ude02\ud835\uddff\ud835\uddfb\ud835\uddf2\ud835\ude06 and \ud835\uddee\ud835\uddf1\ud835\ude03\ud835\uddfc\ud835\uddf0\ud835\uddee\ud835\ude01\ud835\uddf2 \ud835\ude01\ud835\uddfc \ud835\uddf4\ud835\uddf2\ud835\ude01 \ud835\ude06\ud835\uddfc\ud835\ude02 \ud835\uddf5\ud835\uddf6\ud835\uddff\ud835\uddf2\ud835\uddf1.\n\nToday, Simplify has helped over half a million candidates create over 1 million resumes and apply to over 40 million jobs.\n\nWe're on a mission to help \ud835\uddd8\ud835\udde9\ud835\uddd8\ud835\udde5\ud835\uddec\ud835\udde2\ud835\udde1\ud835\uddd8 find a job they truly love \u2013 in a way that doesn't make you want to pull your hair out.", "total_likes": 8754}, {"article_link": "https://www.linkedin.com/posts/vivianzwu_if-theres-one-thing-i-wish-i-had-known-earlier-activity-7252470601007652866-1gDG", "image": null, "posted_on": {"day": 18, "month": 10, "year": 2024}, "text": "If there\u2019s one thing I wish I had known earlier in my job search, it\u2019s Simplify\u2014an AI-powered tool that automatically fills out your applications, matches you with jobs, assists with cover letters, and so much more. I\u2019m such a fan that I tell all my friends to go premium\u2014totally worth it!\n\nSome might say using AI for job applications feels less genuine, but spending hours copying and pasting the same info (especially with Workday!) doesn't make the process more authentic, just less efficient.\n\nWhat makes a job search genuine is focusing on:\n\n\u2714\ufe0f Understanding the job description for the right fit\n\u2714\ufe0f Researching companies you're applying to\n\u2714\ufe0f Networking with people in roles you\u2019re interested in\n\nSimplify saves time and mental energy for what really matters. If you haven't checked it out yet, you should!\n\nShout out to Michael Yan and the Simplify team for creating such an awesome tool! \ud83d\ude4c", "total_likes": 54}, {"article_link": "https://www.linkedin.com/posts/katelynamiller_layoffs-are-happening-every-day-i-see-amazing-activity-7249810848708198400-3t-B", "image": null, "posted_on": {"day": 15, "month": 10, "year": 2024}, "text": "Layoffs are happening. Every day, I see amazing talent in my network back on the market. Having recently been on the market myself, a tip:\n\nUse Simplify. \n\n(They are not paying me to say this. I don't know them. It's just really good.)\n\nDeep into my job hunt, I kept reading best practices that mentioned tailoring my resume to each job and writing a flawless cover letter. Great, in theory! But I had to choose between submitting 10 good applications a day and 3-4 great ones. In this market, and with the financial clock ticking, I had to choose the 10. Until I didn't.\n\n-Simplify used AI to tailor my existing resume based on keywords found in each individual job posting. (Take that, arbitrary applicant-tracking systems!) \n\n-It helped me generate similarly keyword-rich cover letters that I could then personalize. (You don't have to, but 100% AI-generated content is painful, obvious, and painfully obvious.) \n\n-It also suggested job openings for me based on some extremely selective parameters. (I'm picky!)\n\nBonus: it cost 40 bucks for a 3-month subscription (the length of the average job search), and I got hired well before the subscription ended. The peace of mind alone was worth the cost, knowing that some fickle robot wouldn't reject me out of hand because I said \"copywriting\" instead of \"copy writing\". \n\nSo, for all my friends newly on the job hunt, save yourself some time and elbow grease. Use something like Simplify, so you can play the numbers game without sacrificing quality.", "total_likes": 81}, {"article_link": "https://www.linkedin.com/posts/myan_i-met-my-cofounder-at-the-stanford-dining-activity-7246600045192429571-KHIy", "image": "https://media.licdn.com/dms/image/v2/D4E22AQFWc7Jo7Zooiw/feedshare-shrink_2048_1536/feedshare-shrink_2048_1536/0/1727724084688?e=1734566400&v=beta&t=Ft8GbGFkAs_q5LB5Kh17x5ISeuzUMpG7WVjFYiWrWt8", "posted_on": {"day": 15, "month": 10, "year": 2024}, "text": "I met my cofounder at the Stanford dining hall my freshman year of college.\n\nWe became friends after unintentionally matching outfits and getting laughed at.\n\nLater that year, we went through the brutal process of finding a job/internship. \n\nAfter 100s of applications, we decided to build a product to address some of the biggest challenges we faced in the job search (the prototype for Simplify!) \n\nOne year later, Ethan and I both:\u00a0\u00a0\n\u2022 Dropped out of college (*the grad photo is fake, IYKYK)\n\u2022 Turned down full-time job offers to do Y Combinator\n\u2022 Moved to SF \n\nToday, we\u2019ve built a platform that\u2019s helped over half a million people apply to 40 million jobs. \n\nWhat I learned? Build companies with people who have a similar sense of fashion \ud83e\udd20\n\n*We have a third cofounder (Rushil) that also dresses similarly", "total_likes": 3179}, {"article_link": "https://www.linkedin.com/posts/myan_%F0%9D%97%9B%F0%9D%97%AE%F0%9D%98%83%F0%9D%97%B6%F0%9D%97%BB%F0%9D%97%B4-%F0%9D%97%AE-%F0%9D%97%B5%F0%9D%97%AE%F0%9D%97%BF%F0%9D%97%B1-%F0%9D%98%81%F0%9D%97%B6%F0%9D%97%BA%F0%9D%97%B2-%F0%9D%97%B7%F0%9D%97%BC%F0%9D%97%AF-activity-7249158399832006656-5kqA", "image": "https://media.licdn.com/dms/image/v2/D5622AQGYFCCvHn6qQQ/feedshare-shrink_2048_1536/feedshare-shrink_2048_1536/0/1728334044216?e=1734566400&v=beta&t=xYsfQrs32nOWRhiii3j1l3ZqnZ_m6nXgUsXNZ1kMBM0", "posted_on": {"day": 15, "month": 10, "year": 2024}, "text": "\ud835\udddb\ud835\uddee\ud835\ude03\ud835\uddf6\ud835\uddfb\ud835\uddf4 \ud835\uddee \ud835\uddf5\ud835\uddee\ud835\uddff\ud835\uddf1 \ud835\ude01\ud835\uddf6\ud835\uddfa\ud835\uddf2 \ud835\uddf7\ud835\uddfc\ud835\uddef \ud835\ude00\ud835\uddf2\ud835\uddee\ud835\uddff\ud835\uddf0\ud835\uddf5\ud835\uddf6\ud835\uddfb\ud835\uddf4?\n\nThis Thursday, I'lll be sitting down for a virtual chat with the Computer Science Club (CSC) at Pitt (aka the team behind the PittCSC Github list!)!\n\nWe'll be talking about everything relating to getting a tech job/internship in today's market, insights I've gotten from the 40 million applications submitted by Simplify users, and some of my experiences dropping out of Stanford to found a startup!\n\nThis talk will be virtual and everyone is welcome on \ud835\udde7\ud835\uddf5\ud835\ude02\ud835\uddff\ud835\ude00\ud835\uddf1\ud835\uddee\ud835\ude06, \ud835\udde2\ud835\uddf0\ud835\ude01 \ud835\udfed\ud835\udfec \ud835\uddee\ud835\ude01 \ud835\udff4:\ud835\udfed\ud835\udff1 \ud835\uddfd\ud835\uddfa \ud835\uddd8\ud835\udde6\ud835\udde7!\n\nWe'll also be giving away some fun prizes, so \ud835\uddfa\ud835\uddee\ud835\uddf8\ud835\uddf2 \ud835\ude00\ud835\ude02\ud835\uddff\ud835\uddf2 \ud835\ude01\ud835\uddfc \ud835\udde5\ud835\udde6\ud835\udde9\ud835\udde3 \ud835\ude02\ud835\ude00\ud835\uddf6\ud835\uddfb\ud835\uddf4 \ud835\ude01\ud835\uddf5\ud835\uddf6\ud835\ude00 \ud835\uddda\ud835\uddfc\ud835\uddfc\ud835\uddf4\ud835\uddf9\ud835\uddf2 \ud835\uddf3\ud835\uddfc\ud835\uddff\ud835\uddfa: https://lnkd.in/gdTm-x6R\n\nSee you soon! :)", "total_likes": 103}, {"article_link": "https://www.linkedin.com/posts/kevinshim1_giveaway-closed-winners-have-been-activity-7242597874604146688-Ru-f", "image": null, "posted_on": {"day": 15, "month": 10, "year": 2024}, "text": "***GIVEAWAY CLOSED*** \n\nWinners have been announced in the comments below! \n\n- \n\n\ud83d\udce3 College Students: I\u2019m giving away \ud835\uddd9\ud835\udddc\ud835\udde9\ud835\uddd8 \ud835\udde6\ud835\uddf6\ud835\uddfa\ud835\uddfd\ud835\uddf9\ud835\uddf6\ud835\uddf3\ud835\ude06+ \ud835\ude00\ud835\ude02\ud835\uddef\ud835\ude00\ud835\uddf0\ud835\uddff\ud835\uddf6\ud835\uddfd\ud835\ude01\ud835\uddf6\ud835\uddfc\ud835\uddfb\ud835\ude00 ($90 each!)\n\nLast September, I spent over \ud835\udfed\ud835\udfec\ud835\udfec+ \ud835\uddf5\ud835\uddfc\ud835\ude02\ud835\uddff\ud835\ude00 job-searching while balancing college and a part-time job.\n\nIt was overwhelming, and I was spending hours re-entering my information on job applications every week. \n\nLater that year, a friend introduced me to Simplify and it was a game-changer for my job search. Simplify helped me autofill my job applications, tailor my resumes & cover letters, and track my entire job-search. \n\nNow that I\u2019m a part of the Simplify team, \ud835\udddc\u2019\ud835\uddfa \ud835\ude00\ud835\ude02\ud835\uddfd\ud835\uddf2\ud835\uddff \ud835\uddf2\ud835\ude05\ud835\uddf0\ud835\uddf6\ud835\ude01\ud835\uddf2\ud835\uddf1 \ud835\ude01\ud835\uddfc \ud835\uddef\ud835\uddf2 \ud835\uddf4\ud835\uddf6\ud835\ude03\ud835\uddf6\ud835\uddfb\ud835\uddf4 \ud835\uddee\ud835\ude04\ud835\uddee\ud835\ude06 \ud835\ude01\ud835\uddf5\ud835\uddf2\ud835\ude00\ud835\uddf2 \ud835\udde6\ud835\uddf6\ud835\uddfa\ud835\uddfd\ud835\uddf9\ud835\uddf6\ud835\uddf3\ud835\ude06+ \ud835\ude00\ud835\ude02\ud835\uddef\ud835\ude00\ud835\uddf0\ud835\uddff\ud835\uddf6\ud835\uddfd\ud835\ude01\ud835\uddf6\ud835\uddfc\ud835\uddfb\ud835\ude00 to help support your job search this September.\n\n\ud835\uddea\ud835\uddee\ud835\uddfb\ud835\ude01 \ud835\ude01\ud835\uddfc \ud835\uddf2\ud835\uddfb\ud835\ude01\ud835\uddf2\ud835\uddff? \ud835\udddb\ud835\uddf2\ud835\uddff\ud835\uddf2\u2019\ud835\ude00 \ud835\uddf5\ud835\uddfc\ud835\ude04: \ud83d\udc47 \n\n1\ufe0f\u20e3 Be a current college student at a U.S. institution\n\n2\ufe0f\u20e3 Follow me (Kevin) on LinkedIn & make sure you're signed up on Simplify (it's free!)\n\n3\ufe0f\u20e3 Comment one sentence about how Simplify has helped you! (e.g., \u201cSimplify saved me a TON of time on job applications!\u201d) \n\n\ud835\udddc'\ud835\uddf9\ud835\uddf9 \ud835\uddef\ud835\uddf2 \ud835\uddff\ud835\uddee\ud835\uddfb\ud835\uddf1\ud835\uddfc\ud835\uddfa\ud835\uddf9\ud835\ude06 \ud835\ude00\ud835\uddf2\ud835\uddf9\ud835\uddf2\ud835\uddf0\ud835\ude01\ud835\uddf6\ud835\uddfb\ud835\uddf4 \ud835\udff1 \ud835\ude04\ud835\uddf6\ud835\uddfb\ud835\uddfb\ud835\uddf2\ud835\uddff\ud835\ude00 \ud835\uddf3\ud835\uddff\ud835\uddfc\ud835\uddfa \ud835\ude01\ud835\uddf5\ud835\uddf2 \ud835\uddf0\ud835\uddfc\ud835\uddfa\ud835\uddfa\ud835\uddf2\ud835\uddfb\ud835\ude01\ud835\ude00 \ud835\uddee\ud835\uddfb\ud835\uddf1 \ud835\uddee\ud835\uddfb\ud835\uddfb\ud835\uddfc\ud835\ude02\ud835\uddfb\ud835\uddf0\ud835\uddf2 \ud835\ude01\ud835\uddf5\ud835\uddf2\ud835\uddfa \ud835\uddfc\ud835\uddfb \ud835\udff5/\ud835\udfee\ud835\udff0! \n\nGood luck \u2013 I can\u2019t wait to read the comments! :)", "total_likes": 90}], "follower_count": 24436, "acquisitions": null, "exit_data": null, "extra": null, "funding_data": [], "categories": null, "customer_list": null}
