{"linkedin_internal_id": "1252", "description": "Sony\u2019s purpose is simple. We aim to fill the world with emotion, through the power of creativity and technology. We want to be responsible for getting hearts racing, stirring ambition, and putting a smile on the faces of our customers. That challenge, combined with our spirit of innovation, motivates us to create groundbreaking technology, entertainment, and services for people worldwide. \n\nOur history as a global brand has been built around employees that all have a passion for touching peoples'\u200b lives, and pride in pushing beyond the status quo to produce truly extraordinary results.\n\nWe\u2019re uniquely positioned because we operate in many different industries - from movies and music to video games and electronics. And, with offices around the globe, we benefit from a global workforce that learns and grows together through mutual respect. \n\nIf you're ready to join a diverse team at an innovation-led company with the power to change lives, then we encourage you to read up on the different Sony group companies and check out our Life page. Then, get in touch, and together, let\u2019s make the world say wow.\n", "website": "https://www.sony.com/en/", "industry": "Entertainment Providers", "company_size": [10001, null], "company_size_on_linkedin": 21933, "hq": {"country": "JP", "city": "Tokyo", "postal_code": "108-0075", "line_1": "1-7-1 Konan,", "is_hq": true, "state": null}, "company_type": "PUBLIC_COMPANY", "founded_year": null, "specialities": ["Sony Group is primarily focused on the Electronics (such as Audio Video/IT products & components)", "Game (such as PlayStation)", "Entertainment (such as motion pictures and music)", "and Financial Services (such as insurance and banking) sectors."], "locations": [{"country": "JP", "city": "Tokyo", "postal_code": "108-0075", "line_1": "1-7-1 Konan,", "is_hq": true, "state": null}, {"country": "US", "city": null, "postal_code": null, "line_1": null, "is_hq": true, "state": null}, {"country": "TR", "city": "Istanbul", "postal_code": "34768", "line_1": "Ahmet Tevfik Ileri Caddesi 10", "is_hq": true, "state": "Istanbul"}], "name": "Sony", "tagline": null, "universal_name_id": "sony", "profile_pic_url": "https://s3.us-west-000.backblazeb2.com/proxycurl/company/sony/profile?X-Amz-Algorithm=AWS4-HMAC-SHA256&X-Amz-Credential=0004d7f56a0400b0000000001%2F20241120%2Fus-west-000%2Fs3%2Faws4_request&X-Amz-Date=20241120T045029Z&X-Amz-Expires=3600&X-Amz-SignedHeaders=host&X-Amz-Signature=2ea15b00c8c73c5a291fc20fa9ffa20e873a32ce012e3c844ebffbe3a92818a7", "background_cover_image_url": "https://s3.us-west-000.backblazeb2.com/proxycurl/company/sony/cover?X-Amz-Algorithm=AWS4-HMAC-SHA256&X-Amz-Credential=0004d7f56a0400b0000000001%2F20241120%2Fus-west-000%2Fs3%2Faws4_request&X-Amz-Date=20241120T045029Z&X-Amz-Expires=3600&X-Amz-SignedHeaders=host&X-Amz-Signature=868d7dfd21352e14312a3cb921e7a4e3150509b8c0fb4b0931dbc1829d546362", "search_id": "1252", "similar_companies": [{"name": "Samsung Electronics", "link": "https://www.linkedin.com/company/samsung-electronics/", "industry": "Computers and Electronics Manufacturing", "location": null}, {"name": "LG Electronics", "link": "https://www.linkedin.com/company/lg-electronics/", "industry": "Computers and Electronics Manufacturing", "location": null}, {"name": "Netflix", "link": "https://www.linkedin.com/company/netflix/", "industry": "Entertainment Providers", "location": null}, {"name": "Apple", "link": "https://www.linkedin.com/company/apple/", "industry": "Computers and Electronics Manufacturing", "location": null}, {"name": "Google", "link": "https://www.linkedin.com/company/google/", "industry": "Software Development", "location": null}, {"name": "Sony Pictures Entertainment", "link": "https://www.linkedin.com/company/sony-pictures-entertainment/", "industry": "Entertainment Providers", "location": null}, {"name": "Microsoft", "link": "https://www.linkedin.com/company/microsoft/", "industry": "Software Development", "location": null}, {"name": "Amazon", "link": "https://www.linkedin.com/company/amazon/", "industry": "Software Development", "location": null}, {"name": "Sony Music Entertainment", "link": "https://www.linkedin.com/company/sony-music-entertainment/", "industry": "Musicians", "location": null}, {"name": "Nintendo", "link": "https://www.linkedin.com/company/nintendo/", "industry": "Computer Games", "location": null}, {"name": "Spotify", "link": "https://www.linkedin.com/company/spotify/", "industry": "Musicians", "location": null}, {"name": "Sony Electronics", "link": "https://www.linkedin.com/company/sony-electronics/", "industry": "Computers and Electronics Manufacturing", "location": null}, {"name": "The Walt Disney Company", "link": "https://www.linkedin.com/company/the-walt-disney-company/", "industry": "Entertainment Providers", "location": null}, {"name": "Electronic Arts (EA)", "link": "https://www.linkedin.com/company/electronic-arts/", "industry": "Entertainment Providers", "location": null}, {"name": "Sony Interactive Entertainment", "link": "https://www.linkedin.com/company/sony-interactive-entertainment-llc/", "industry": "Entertainment Providers", "location": null}, {"name": "Ubisoft", "link": "https://www.linkedin.com/company/ubisoft/", "industry": "Computer Games", "location": null}, {"name": "Huawei", "link": "https://www.linkedin.com/company/huawei/", "industry": "Telecommunications", "location": null}, {"name": "Warner Bros. Discovery", "link": "https://www.linkedin.com/company/warner-bros-discovery/", "industry": "Entertainment Providers", "location": null}, {"name": "IBM", "link": "https://www.linkedin.com/company/ibm/", "industry": "IT Services and IT Consulting", "location": null}, {"name": "Meta", "link": "https://www.linkedin.com/company/meta/", "industry": "Software Development", "location": null}], "affiliated_companies": [{"name": "Hawk-Eye Innovations Ltd", "link": "https://www.linkedin.com/company/hawk-eye-innovations-ltd/", "industry": "Technology, Information and Internet", "location": null}, {"name": "Sony Europe", "link": "https://www.linkedin.com/company/sony-europe/", "industry": "Entertainment Providers", "location": null}, {"name": "Sony | Technology", "link": "https://www.linkedin.com/company/sony_technology/", "industry": "Entertainment Providers", "location": null}, {"name": "Sony Semicon | AITRIOS (global)", "link": "https://www.linkedin.com/company/aitrios-by-sony/", "industry": "Semiconductor Manufacturing", "location": null}, {"name": "SonyAI", "link": "https://www.linkedin.com/company/sonyai/", "industry": "Research Services", "location": null}, {"name": "Sony Electronics", "link": "https://www.linkedin.com/company/sony-electronics/", "industry": "Computers and Electronics Manufacturing", "location": null}, {"name": "Sony Pictures Entertainment", "link": "https://www.linkedin.com/company/sony-pictures-entertainment/", "industry": "Entertainment Providers", "location": null}, {"name": "Sony Music Entertainment", "link": "https://www.linkedin.com/company/sony-music-entertainment/", "industry": "Musicians", "location": null}], "updates": [{"article_link": "https://www.linkedin.com/posts/sony_technology_sony-hiroakikitano-siggraphasia2024-activity-7256937835524431872-IYxE", "image": "https://media.licdn.com/dms/image/v2/D5622AQH_Afc0vwWKyg/feedshare-shrink_2048_1536/feedshare-shrink_2048_1536/0/1730173901493?e=1733356800&v=beta&t=8W1wS1QJqy_wsawajBfivXm-nmVe_F9QUEocHBgmVL4", "posted_on": null, "text": "We are pleased to share that Hiroaki Kitano, CTO of Sony Group Corporation will give a keynote speech at SIGGRAPH Asia 2024, joined by creators from across Sony.\n\nCo-Creating Worlds with Game Designers, Animators, and Filmmakers\nOverview: Sony Group CTO Hiroaki Kitano will be joined by creators from across Sony to share how game designers, animators, and filmmakers are embracing technology to build intricate worlds while keeping artists at the center of the creative process. Dr. Kitano will share how technical breakthroughs are opening up new possibilities for storytelling, from PlayStation\u2019s 30-year technical evolution to the convergence of cutting-edge production techniques in film and animation at Sony Pictures Entertainment.\n\nDate: December 5, 2024 10:00-11:00 (JST/UTC+9)\nLocation: Tokyo International Forum Hall C (Live streaming available)\nVisit https://lnkd.in/gY5NVHBm for more information.\n\n#Sony #HiroakiKitano #SIGGRAPHAsia2024 #SIGGRAPH #Technology #Innovation #Creativity #CG #VFX #AI", "total_likes": 3}, {"article_link": "https://www.linkedin.com/posts/sony_technology_sony-hiroakikitano-siggraphasia2024-activity-7256878787013812227-68Pt", "image": "https://media.licdn.com/dms/image/v2/D5622AQHABVQfoNSzuw/feedshare-shrink_2048_1536/feedshare-shrink_2048_1536/0/1730174416855?e=1733356800&v=beta&t=KGqgt0wJyMWFgCwyCM7mgffap5UPdmYq3cwpR70GZgs", "posted_on": {"day": 29, "month": 10, "year": 2024}, "text": "\u30bd\u30cb\u30fc\u30b0\u30eb\u30fc\u30d7CTO\u306e\u5317\u91ce \u5b8f\u660e\u304c\u3001\u30b0\u30eb\u30fc\u30d7\u5404\u793e\u306e\u30af\u30ea\u30a8\u30a4\u30bf\u30fc\u305f\u3061\u3068\u3068\u3082\u306bSIGGRAPH Asia 2024\u306e\u57fa\u8abf\u8b1b\u6f14\u306b\u767b\u58c7\u3057\u307e\u3059\u3002\n\nCo-Creating Worlds with Game Designers, Animators, and Filmmakers\u3000\uff5e\u30c6\u30af\u30ce\u30ed\u30b8\u30fc\u3067\u652f\u3048\u308b\u3001\u30af\u30ea\u30a8\u30a4\u30bf\u30fc\u304c\u60f3\u3044\u63cf\u304f\u4e16\u754c\u306e\u5b9f\u73fe\uff5e\n\u6982\u8981\uff1a \u30b0\u30eb\u30fc\u30d7CTO\u306e\u5317\u91ce\u5b8f\u660e\u304c\u30bd\u30cb\u30fc\u30b0\u30eb\u30fc\u30d7\u306e\u30af\u30ea\u30a8\u30a4\u30bf\u30fc\u305f\u3061\u3068\u3068\u3082\u306b\u3001\u30af\u30ea\u30a8\u30a4\u30bf\u30fc\u3084\u30a2\u30fc\u30c6\u30a3\u30b9\u30c8\u3092\u5275\u4f5c\u6d3b\u52d5\u306e\u4e2d\u5fc3\u306b\u636e\u3048\u306a\u304c\u3089\u30b3\u30f3\u30c6\u30f3\u30c4\u306e\u4e16\u754c\u89b3\u3092\u5275\u308a\u4e0a\u3052\u308b\u305f\u3081\u306b\u3001\u30b2\u30fc\u30e0\u3001\u30a2\u30cb\u30e1\u3001\u6620\u753b\u306e\u5236\u4f5c\u904e\u7a0b\u3067\u3001\u3069\u306e\u3088\u3046\u306b\u65b0\u305f\u306a\u30c6\u30af\u30ce\u30ed\u30b8\u30fc\u3092\u6d3b\u7528\u3057\u3066\u3044\u308b\u304b\u3092\u3054\u7d39\u4ecb\u3057\u307e\u3059\u3002\u305d\u3057\u3066\u3001\u30d7\u30ec\u30a4\u30b9\u30c6\u30fc\u30b7\u30e7\u30f3\u306e30\u5e74\u306b\u308f\u305f\u308b\u6280\u8853\u306e\u9032\u5316\u3084\u3001\u30bd\u30cb\u30fc\u30fb\u30d4\u30af\u30c1\u30e3\u30fc\u30ba \u30a8\u30f3\u30bf\u30c6\u30a4\u30f3\u30e1\u30f3\u30c8\u306e\u6620\u753b\u3068\u30a2\u30cb\u30e1\u30fc\u30b7\u30e7\u30f3\u5236\u4f5c\u306b\u304a\u3051\u308b\u6700\u5148\u7aef\u6280\u8853\u306e\u6d3b\u7528\u306a\u3069\u3001\u6280\u8853\u306e\u98db\u8e8d\u7684\u9032\u6b69\u304c\u3082\u305f\u3089\u3059\u65b0\u305f\u306a\u4e16\u754c\u89b3\u306e\u5b9f\u73fe\u306b\u3064\u3044\u3066\u8a9e\u308a\u307e\u3059\u3002\n\n\u8b1b\u6f14\u65e5\u6642\uff1a12\u67085\u65e5(\u6728) 10:00-11:00\n\u5834\u6240\uff1a\u6771\u4eac\u56fd\u969b\u30d5\u30a9\u30fc\u30e9\u30e0 \u30db\u30fc\u30ebC (\u30e9\u30a4\u30d6\u914d\u4fe1\u3082\u6709\u308a)\n\u8a73\u7d30\u306f\u3053\u3061\u3089\uff1ahttps://lnkd.in/gjN4r5N7\n\n#Sony #HiroakiKitano #SIGGRAPHAsia2024 #SIGGRAPH #Technology #Innovation #Creativity #CG #VFX #AI", "total_likes": 13}, {"article_link": "https://www.linkedin.com/posts/sony_kaggle-sony-activity-7255479994301231104-iacb", "image": null, "posted_on": {"day": 25, "month": 10, "year": 2024}, "text": "Congratulations!\n\n#Kaggle #Sony", "total_likes": 45}, {"article_link": "https://www.linkedin.com/posts/sony_kaggle-sony-activity-7255480101398556675-bZTl", "image": null, "posted_on": {"day": 25, "month": 10, "year": 2024}, "text": "\u91d1\u30e1\u30c0\u30eb\u7372\u5f97\u3001\u304a\u3081\u3067\u3068\u3046\u3054\u3056\u3044\u307e\u3059\u3002\n\n#Kaggle #Sony", "total_likes": 23}, {"article_link": "https://www.linkedin.com/posts/sony_%E3%82%BD%E3%83%8B%E3%83%BC%E3%82%B0%E3%83%AB%E3%83%BC%E3%83%97%E3%83%9D%E3%83%BC%E3%82%BF%E3%83%AB-2025%E5%B9%B4%E6%98%A5%E3%82%A4%E3%83%B3%E3%82%BF%E3%83%BC%E3%83%B3%E5%BF%9C%E5%8B%9F%E5%8F%97%E4%BB%98%E4%B8%AD%E5%8F%82%E5%8A%A0%E8%80%85%E3%81%AB%E8%81%9E%E3%81%8F%E8%81%B7%E5%A0%B4%E5%AF%86%E7%9D%80-activity-7256844945540423681-t5ZG", "image": null, "posted_on": {"day": 29, "month": 10, "year": 2024}, "text": "\u3010Discover Sony \u65b0\u7740\u8a18\u4e8b\u3011\n\u5c31\u6d3b\u751f\u5fc5\u898b\ud83d\udd8a\ufe0f\u30bd\u30cb\u30fc\u306e\u30a4\u30f3\u30bf\u30fc\u30f3\u3063\u3066\u53c2\u52a0\u3057\u305f\u65b9\u304c\u826f\u3044\uff1f\n\n\u5922\u3092\u53f6\u3048\u308b\u306b\u306f\u300c\u30bd\u30cb\u30fc\u4ee5\u5916\u3067\u50cd\u304f\u30a4\u30e1\u30fc\u30b8\u304c\u306a\u304b\u3063\u305f\u300d\u3068\u8a9e\u308b\u901f\u6c34\u3055\u3093\u3002\n\u5148\u8f29\u304b\u3089\u52e7\u3081\u3089\u308c\u7de0\u52075\u5206\u524d\u306b\u30a8\u30f3\u30c8\u30ea\u30fc\u3057\u305f\u3001\u8077\u5834\u5bc6\u7740\u30a4\u30f3\u30bf\u30fc\u30f3\u306e\u4f53\u9a13\u8ac7\u3092\u805e\u304d\u307e\u3057\u305f\u3002\nhttps://lnkd.in/gcdGh2rc\n\n#Sony #\u30bd\u30cb\u30fc #\u5c31\u6d3b", "total_likes": 9}, {"article_link": "https://www.linkedin.com/posts/sony_technology_display-microdisplay-ar-activity-7254752995303702528-cY1Q", "image": "https://media.licdn.com/dms/image/v2/D5622AQHDnYuSO2cDAw/feedshare-shrink_2048_1536/feedshare-shrink_2048_1536/0/1729667686891?e=1733356800&v=beta&t=Pomgay7In7yeCEWAmf7TwVV2fHgZi8dYeaA8Mw0q8lM", "posted_on": {"day": 23, "month": 10, "year": 2024}, "text": "\u30bd\u30cb\u30fc\u30bb\u30df\u30b3\u30f3\u30c0\u30af\u30bf\u30bd\u30ea\u30e5\u30fc\u30b7\u30e7\u30f3\u30ba\u306e\u6b66\u5ddd \u6d0b(Hiroshi Mukawa)\u3068\u79cb\u5143 \u4fee(Osamu Akimoto)\u304c\u3001\u300c\u7b2c\u56db\u56de SID\u65e5\u672c\u652f\u90e8\u8a2d\u7acb50\u5468\u5e74\u8a18\u5ff5\u8b1b\u6f14\u4f1a\u300d (https://lnkd.in/ggzA6y6u) \u3067\u8b1b\u6f14\u3057\u307e\u3059\u3002\n\u672c\u30a4\u30d9\u30f3\u30c8\u306f\u30cf\u30a4\u30d6\u30ea\u30c3\u30c8\u958b\u50ac\u3067\u3059\u3002\u304a\u7533\u3057\u8fbc\u307f\u306e\u4e0a\u305c\u3072\u3054\u8996\u8074\u304f\u3060\u3055\u3044\u3002\n\n\u65e5\u6642\uff1a2024\u5e7411\u67081\u65e5(\u91d1) 10:00\uff5e17:00\n\u5834\u6240\uff1a\u6a5f\u68b0\u632f\u8208\u4f1a\u9928(\u6771\u4eac) <\u30cf\u30a4\u30d6\u30ea\u30c3\u30c9\u958b\u50ac>\n\u8b1b\u6f14\u30bf\u30a4\u30c8\u30eb\uff1a\n\u300cARMR HMD\u6280\u8853\u306e\u9032\u5316\u300d \u6b66\u5ddd \u6d0b\n\u300c\u30de\u30a4\u30af\u30ed\u30c7\u30a3\u30b9\u30d7\u30ec\u30a4\u3068\u305d\u306e\u9032\u5316\u300d \u79cb\u5143 \u4fee\n\u00a0https://lnkd.in/gchfmCMa\n\n\u53c2\u52a0\u767b\u9332\uff1ahttps://lnkd.in/gD8na2GD \uff08\u5b66\u751f\u7121\u6599\uff09\n\u203b\u7de0\u5207\uff1a10/30(\u6c34) 13:00\n\n#Display #MicroDisplay #AR #MR #HMD #Sony #Research", "total_likes": 48}], "follower_count": 1204516, "acquisitions": null, "exit_data": null, "extra": null, "funding_data": [], "categories": null, "customer_list": null}
