{"linkedin_internal_id": "458532", "description": "Srijan, A Material+ Company, is a global engineering firm that builds transformative digital paths to better futures for Fortune 500 enterprises to nonprofits all over the world. We bring advanced engineering capabilities and agile practices to some of the biggest names across FMCG, Aviation, Telecom, Technology, and others. With the AWS Select Tier Services partnership, a services relationship with VMWare, registered partnership with Confluent, Cloudinary, Yugabyte and Searchstax, Srijan has built a reputation over the past two decades for solving some of the most complex business and technology problems. As a Drupal Enterprise Partner, Diamond Certified Contributor and Acquia Gold Level Partner, Srijan leads in Drupal with 400+ Drupal engineers, 90+ Acquia certifications. Srijan has been certified as a Great Place to Work\u2122\ufe0f for the 6th time in a row.\n\nWith our new identity as a Material+ company, we have further strengthened our capability footprint by offering highly differentiated customer experience transformation through Material\u2019s \u201cScience and Systems\u201d approach - a way of shaping customer experience by combining strategy, insights, design, and technology. For more information visit: https://www.srijan.net/ and https://www.materialplus.io/", "website": "https://hubs.la/Q026XLqy0", "industry": "IT Services and IT Consulting", "company_size": [501, 1000], "company_size_on_linkedin": 504, "hq": {"country": "US", "city": "Manasquan", "postal_code": "08736", "line_1": "2430 Highway 34 Building B, Suite 22", "is_hq": true, "state": "New Jersey"}, "company_type": "PRIVATELY_HELD", "founded_year": null, "specialities": ["Drupal", "Analytics & Insights", "Deep Learning", "Data Science", "Java Script", "Open Source", "Software", "Digital Experience", "Platform Modernization", "Product Engineering", "Consulting", "Personalization", "Customer Experience", "Data Intelligence", "Blockchain", "Acquia ", "Apigee", "Kubernetes", "AWS", "PIM", "Micro services", "API Modernization", "Cloud Engineering"], "locations": [{"country": "US", "city": "Manasquan", "postal_code": "08736", "line_1": "2430 Highway 34 Building B, Suite 22", "is_hq": true, "state": "New Jersey"}, {"country": "IN", "city": "GURUGRAM", "postal_code": "122002", "line_1": "12th Floor, Tower C, DLF Cyber Greens DLF Cyber City, DLF Phase 3", "is_hq": false, "state": "Haryana"}, {"country": "GB", "city": "London", "postal_code": "EC1N 8DX", "line_1": "Suite 71, Unit 3A 34-35 Hatton Garden, Holborn", "is_hq": false, "state": null}, {"country": "SG", "city": "Singapore", "postal_code": "169876", "line_1": "151 Chin Swee Road 07-12 Manhattan House", "is_hq": false, "state": "SG"}, {"country": "IN", "city": "Socorro", "postal_code": "403501", "line_1": "759/38 Shanti Nagar, Socorro, North Goa District", "is_hq": false, "state": "Goa"}, {"country": "PH", "city": "Makati City", "postal_code": "1200", "line_1": "Level 40, PBCom Tower, 6795 Ayala Avenue", "is_hq": false, "state": "Philippines"}, {"country": "AU", "city": "Sydney", "postal_code": "2070", "line_1": "345 Pacific Highway Lindfield Suite 2", "is_hq": false, "state": "NSW"}], "name": "Srijan: Now Material", "tagline": null, "universal_name_id": "srijan-technologies-pvt-ltd-", "profile_pic_url": "https://media.licdn.com/dms/image/v2/D4D0BAQG_Eu3IYmZkdw/company-logo_200_200/company-logo_200_200/0/1664451649503/srijan_technologies_pvt__ltd__logo?e=2147483647&v=beta&t=clwqzM18HP2RknwgnsGxpZgUQp723S0K5F_dnLdoHz0", "background_cover_image_url": "https://media.licdn.com/dms/image/v2/D4D3DAQGOV2eSkvEEqw/image-scale_191_1128/image-scale_191_1128/0/1663583537482/srijan_technologies_pvt__ltd__cover?e=2147483647&v=beta&t=q00arIiuEMY-KH4mk9mYPp6F_NJdRT5swLFYs9Dlp7U", "search_id": "458532", "similar_companies": [{"name": "Material", "link": "https://www.linkedin.com/company/material-plus", "industry": "Business Consulting and Services", "location": "Los Angeles, California"}, {"name": "Axelerant", "link": "https://www.linkedin.com/company/axelerant", "industry": "IT Services and IT Consulting", "location": null}, {"name": "QED42", "link": "https://in.linkedin.com/company/qed42", "industry": "Information Technology & Services", "location": null}, {"name": "Specbee", "link": "https://www.linkedin.com/company/specbee-consulting-services", "industry": "IT Services and IT Consulting", "location": "Atlanta, Georgia"}, {"name": "SRIJAN SPECTRUM PRIVATE LIMITED", "link": "https://in.linkedin.com/company/srijanspectrum", "industry": "Staffing and Recruiting", "location": "Gurugram,, Haryana"}, {"name": "Nagarro", "link": "https://de.linkedin.com/company/nagarro", "industry": "IT Services and IT Consulting", "location": null}, {"name": "Coforge", "link": "https://in.linkedin.com/company/coforge-tech", "industry": "IT Services and IT Consulting", "location": "Noida, Uttar Pradesh"}, {"name": "OpenSense Labs", "link": "https://in.linkedin.com/company/opensenselabs", "industry": "IT Services and IT Consulting", "location": "New Delhi, Delhi"}, {"name": "Tata Consultancy Services", "link": "https://in.linkedin.com/company/tata-consultancy-services", "industry": "IT Services and IT Consulting", "location": "Mumbai, Maharashtra"}, {"name": "Acquia", "link": "https://www.linkedin.com/company/acquia", "industry": "Software Development", "location": "Boston, MA"}], "affiliated_companies": [], "updates": [{"article_link": null, "image": "https://media.licdn.com/dms/image/v2/D5622AQHP9si6qWcTHQ/feedshare-shrink_2048_1536/feedshare-shrink_2048_1536/0/1731583958573?e=2147483647&v=beta&t=hjaRocVYzuazDXoATF5BCMPpkIz2Ul63gv4cgpKBLsM", "posted_on": {"day": 15, "month": 11, "year": 2024}, "text": "Whether it\u2019s a Kopi, Kopi-o, or Teh Tarik, there\u2019s a local flavor for everyone! Sip into Singapore\u2019s vibrant coffee culture at #DrupalConSingapore. \n\nProud to be #DrupalConSingapore's coffee sponsor. Join us Dec 9-11 and register today!\n \n#SingaporeSips #CoffeeCulture #DrupalConSingapore", "total_likes": 7}, {"article_link": null, "image": "https://media.licdn.com/dms/image/v2/D5622AQHP9si6qWcTHQ/feedshare-shrink_2048_1536/feedshare-shrink_2048_1536/0/1731583958573?e=2147483647&v=beta&t=hjaRocVYzuazDXoATF5BCMPpkIz2Ul63gv4cgpKBLsM", "posted_on": {"day": 15, "month": 11, "year": 2024}, "text": null, "total_likes": 0}, {"article_link": null, "image": "https://media.licdn.com/dms/image/v2/D5610AQHh_bEOxxV-lw/image-shrink_800/image-shrink_800/0/1731376802026?e=2147483647&v=beta&t=jbHk9XP_Hp7neDPDJtjear9Y67VNaaczvh9HFb6yDdU", "posted_on": {"day": 13, "month": 11, "year": 2024}, "text": "Unlock the power of data-driven insights to elevate your marketing strategy and customer experience. Join our roundtable events in Jakarta and Singapore to explore impactful AI solutions with industry experts. \nRead more about the panelists here. https://lnkd.in/g5Haw2yK\n\nReserve your spot today!", "total_likes": 2}, {"article_link": null, "image": "https://media.licdn.com/dms/image/v2/D5610AQHh_bEOxxV-lw/image-shrink_800/image-shrink_800/0/1731376802026?e=2147483647&v=beta&t=jbHk9XP_Hp7neDPDJtjear9Y67VNaaczvh9HFb6yDdU", "posted_on": {"day": 13, "month": 11, "year": 2024}, "text": null, "total_likes": 0}, {"article_link": null, "image": "https://media.licdn.com/dms/image/v2/D5622AQFLGyoHYq-TRg/feedshare-shrink_2048_1536/feedshare-shrink_2048_1536/0/1731027805644?e=2147483647&v=beta&t=o9Z1VTF60KFBp48wwx-ewhGKxS5dESb_WU-M8LgTodQ", "posted_on": {"day": 13, "month": 11, "year": 2024}, "text": "Enhance your DrupalCon Asia, Singapore experience with a coffee on us!\n\nStop by our booth to grab a cuppa and discover how Material is transforming digital experiences with Drupal. From strategy to end-to-end solutions, we are here to support your next big digital journey!", "total_likes": 11}, {"article_link": null, "image": "https://media.licdn.com/dms/image/v2/D5622AQFLGyoHYq-TRg/feedshare-shrink_2048_1536/feedshare-shrink_2048_1536/0/1731027805644?e=2147483647&v=beta&t=o9Z1VTF60KFBp48wwx-ewhGKxS5dESb_WU-M8LgTodQ", "posted_on": {"day": 13, "month": 11, "year": 2024}, "text": null, "total_likes": 0}, {"article_link": null, "image": "https://media.licdn.com/dms/image/v2/D5610AQFaznoyLmRs-A/image-shrink_800/image-shrink_800/0/1730228789089?e=2147483647&v=beta&t=Vy241vXY-g5x2K4qu3hniEK73IAEUu9BghfU3GNU17I", "posted_on": {"day": 6, "month": 11, "year": 2024}, "text": "Is cloud cost management a challenge? Tackle it with a clear SRE + FinOps roadmap and well-defined strategies. \n\nLearn More: https://bit.ly/4edDUD9", "total_likes": 8}, {"article_link": null, "image": "https://media.licdn.com/dms/image/v2/D5610AQFaznoyLmRs-A/image-shrink_800/image-shrink_800/0/1730228789089?e=2147483647&v=beta&t=Vy241vXY-g5x2K4qu3hniEK73IAEUu9BghfU3GNU17I", "posted_on": {"day": 30, "month": 10, "year": 2024}, "text": null, "total_likes": 0}, {"article_link": null, "image": null, "posted_on": {"day": 30, "month": 10, "year": 2024}, "text": "Catch Adam Picker\u2019s key takeaways from Acquia Engage! Discover how Drupal\u2019s evolving innovations are set to reshape digital experience management, with an exciting preview of what\u2019s coming in 2025 with #Drupal Starshot.", "total_likes": 2}, {"article_link": null, "image": null, "posted_on": {"day": 30, "month": 10, "year": 2024}, "text": null, "total_likes": 0}, {"article_link": null, "image": "https://media.licdn.com/dms/image/v2/D5622AQG-agVJIPGoYQ/feedshare-shrink_800/feedshare-shrink_800/0/1730143893300?e=2147483647&v=beta&t=vkRYhPn8ztpV8lrgAX4st7q-zugU3DoN3hkGafH46vY", "posted_on": {"day": 30, "month": 10, "year": 2024}, "text": "#Diwali celebrations lit up our Gurgaon office! From rangoli art and fashion shows to tasty treats and tarot, our team embraced the festive spirit together. Here\u2019s a glimpse of the celebrations that connected us all.", "total_likes": 65}, {"article_link": null, "image": "https://media.licdn.com/dms/image/v2/D5622AQG-agVJIPGoYQ/feedshare-shrink_800/feedshare-shrink_800/0/1730143893300?e=2147483647&v=beta&t=vkRYhPn8ztpV8lrgAX4st7q-zugU3DoN3hkGafH46vY", "posted_on": {"day": 30, "month": 10, "year": 2024}, "text": null, "total_likes": 0}, {"article_link": null, "image": "https://media.licdn.com/dms/image/v2/D5610AQGktJw2WUmM9Q/image-shrink_800/image-shrink_800/0/1729710913776?e=2147483647&v=beta&t=huKdK_DpILC0tCzh45lkBtoDwdSPav7LwMBU3ATg3x4", "posted_on": {"day": 30, "month": 10, "year": 2024}, "text": "Proud to have transformed Stuff's CMS, slashing cloud and operational costs by 30% while empowering the platform to handle 200 million daily requests, improving both scalability and efficiency.\nExplore the success story here: https://lnkd.in/g8m4PbCP\n \n#CMSModernization #CloudOptimization #DrupalInnovation #Scalability", "total_likes": 5}, {"article_link": null, "image": "https://media.licdn.com/dms/image/v2/D5610AQGktJw2WUmM9Q/image-shrink_800/image-shrink_800/0/1729710913776?e=2147483647&v=beta&t=huKdK_DpILC0tCzh45lkBtoDwdSPav7LwMBU3ATg3x4", "posted_on": {"day": 30, "month": 10, "year": 2024}, "text": null, "total_likes": 0}, {"article_link": null, "image": "https://media.licdn.com/dms/image/v2/D5610AQEkx8vZasiQNA/image-shrink_800/image-shrink_800/0/1729533026164?e=2147483647&v=beta&t=1EvbqUj4EaVBgy49CHldUtPXvSOWHonQ-Uzxc7StcZQ", "posted_on": {"day": 23, "month": 10, "year": 2024}, "text": "Catch Material at #EngageNewYork on Oct 23-24 and stop by their headshot booth for a complimentary professional photo. Discover how they\u2019re shaping the future of data-driven digital experiences and leading the way in customer-centric innovation.", "total_likes": 10}, {"article_link": null, "image": "https://media.licdn.com/dms/image/v2/D5610AQEkx8vZasiQNA/image-shrink_800/image-shrink_800/0/1729533026164?e=2147483647&v=beta&t=1EvbqUj4EaVBgy49CHldUtPXvSOWHonQ-Uzxc7StcZQ", "posted_on": {"day": 23, "month": 10, "year": 2024}, "text": null, "total_likes": 0}, {"article_link": null, "image": "https://media.licdn.com/dms/image/v2/D4D10AQFcGEpIUNehOQ/image-shrink_1280/image-shrink_1280/0/1728403595088?e=2147483647&v=beta&t=6IaHPut2TRn7Hf0YgiFDKAETHVpt3p0yAZWsJK4iGxA", "posted_on": {"day": 20, "month": 10, "year": 2024}, "text": "Join us at Acquia's #EngageNewYork on October 23-24! We're excited to connect with fellow Acquia partners and industry leaders to explore how Material\u2019s data insights drive customer growth. \n\nFor more on our Acquia partnership: https://bit.ly/4eLzJ2x", "total_likes": 12}, {"article_link": null, "image": "https://media.licdn.com/dms/image/v2/D4D10AQFcGEpIUNehOQ/image-shrink_1280/image-shrink_1280/0/1728403595088?e=2147483647&v=beta&t=6IaHPut2TRn7Hf0YgiFDKAETHVpt3p0yAZWsJK4iGxA", "posted_on": {"day": 20, "month": 10, "year": 2024}, "text": null, "total_likes": 0}, {"article_link": null, "image": "https://media.licdn.com/dms/image/v2/D4E22AQHntDT5aXdRng/feedshare-shrink_800/feedshare-shrink_800/0/1728412346835?e=2147483647&v=beta&t=Vulev-WxbdOga5jhbmf992lI7kXRrhkgg2BuGF2-Vp4", "posted_on": {"day": 20, "month": 10, "year": 2024}, "text": "We had an amazing experience at DrupalCon Europe ! Inspiring talks from Material's Reena Tripathi, Anubhav Gupta, GC Dental's Eric Luijer, and TraceLink\u2019s Ayushi Parate and Manish Kothare. Plus, fantastic networking opportunities and fresh insights on digital transformation and brand engagement!\n \n#DrupalCon #InnovationInTech #DigitalExperiences", "total_likes": 19}, {"article_link": null, "image": "https://media.licdn.com/dms/image/v2/D4E22AQHntDT5aXdRng/feedshare-shrink_800/feedshare-shrink_800/0/1728412346835?e=2147483647&v=beta&t=Vulev-WxbdOga5jhbmf992lI7kXRrhkgg2BuGF2-Vp4", "posted_on": {"day": 20, "month": 10, "year": 2024}, "text": null, "total_likes": 0}], "follower_count": 24705, "acquisitions": null, "exit_data": null, "extra": null, "funding_data": [], "categories": null, "customer_list": null}
