{"linkedin_internal_id": "1353", "description": "Tata Consultancy Services is an IT services, consulting and business solutions organization that has been partnering with many of the world\u2019s largest businesses in their transformation journeys for over 56 years. Our consulting-led, cognitive powered, portfolio of business, technology and engineering services and solutions is delivered through our  unique Location Independent Agile\u2122 delivery model, recognized as a benchmark of excellence in software development.\nA part of the Tata group, India's largest multinational business group, TCS has over 601,000 of the world\u2019s best-trained consultants in 55 countries.\n\n*Caution against fraudulent job offers*: TCS doesn't charge any fee throughout the recruitment process. Refer here: on.tcs.com/3i9X5BU ", "website": "https://www.tcs.com/", "industry": "IT Services and IT Consulting", "company_size": [10001, null], "company_size_on_linkedin": 632652, "hq": {"country": "IN", "city": "Mumbai", "postal_code": "400001", "line_1": "Tata Consultancy Services", "is_hq": true, "state": "Maharashtra"}, "company_type": "PUBLIC_COMPANY", "founded_year": null, "specialities": ["IT Services", "Business Solutions", "Consulting"], "locations": [{"country": "IN", "city": "Mumbai", "postal_code": "400001", "line_1": "Tata Consultancy Services", "is_hq": true, "state": "Maharashtra"}, {"country": "US", "city": "New York", "postal_code": "10178", "line_1": "TCS America", "is_hq": true, "state": "NY"}, {"country": "GB", "city": "London", "postal_code": "SW1X 7HY", "line_1": "Tata Consultancy Services Limited", "is_hq": true, "state": null}, {"country": "SG", "city": "Singapore", "postal_code": "079914", "line_1": "Tata Consultancy Services Asia Pacific Pte. Ltd.,", "is_hq": true, "state": null}, {"country": "AE", "city": "Dubai", "postal_code": null, "line_1": "Tata Consultancy Services", "is_hq": true, "state": "Dubai"}, {"country": "US", "city": "Edison", "postal_code": "08837", "line_1": "379 Thornall St", "is_hq": true, "state": "NJ"}, {"country": "US", "city": "Santa Clara", "postal_code": "95054", "line_1": "5201 Great America Pkwy", "is_hq": true, "state": "CA"}, {"country": "HU", "city": "Budapest", "postal_code": "1117", "line_1": "4 Al\u00edz street", "is_hq": true, "state": null}, {"country": "GB", "city": "Edinburgh", "postal_code": "EH12 9", "line_1": "4 Redheughs Rigg", "is_hq": true, "state": "Scotland"}, {"country": "FR", "city": "Puteaux", "postal_code": "92800", "line_1": "100 Terrasse Boieldieu", "is_hq": true, "state": "IdF"}, {"country": "CO", "city": "Soacha", "postal_code": "250053", "line_1": "Carrera 9 Este", "is_hq": true, "state": "Cundinamarca department"}, {"country": "AU", "city": "Sydney", "postal_code": "2060", "line_1": "76 Berry St", "is_hq": true, "state": "NSW"}, {"country": "IN", "city": "Bengaluru", "postal_code": "560009", "line_1": "18 Seshadri Road", "is_hq": true, "state": "Karnataka"}, {"country": "PE", "city": "Lima", "postal_code": "15018", "line_1": "Avenida Nicolas Ayllon", "is_hq": true, "state": "Lima"}, {"country": "MX", "city": "Tlaquepaque", "postal_code": "45601", "line_1": "Avenida Camino al Iteso", "is_hq": true, "state": "JAL"}, {"country": "IN", "city": "Mumbai", "postal_code": "400001", "line_1": "Revelin Street", "is_hq": true, "state": "Maharashtra"}, {"country": "US", "city": "New York", "postal_code": "10017", "line_1": "101 Park Ave", "is_hq": true, "state": "NY"}], "name": "Tata Consultancy Services", "tagline": "", "universal_name_id": "tata-consultancy-services", "profile_pic_url": "https://s3.us-west-000.backblazeb2.com/proxycurl/company/tata-consultancy-services/profile?X-Amz-Algorithm=AWS4-HMAC-SHA256&X-Amz-Credential=0004d7f56a0400b0000000001%2F20241120%2Fus-west-000%2Fs3%2Faws4_request&X-Amz-Date=20241120T053101Z&X-Amz-Expires=3600&X-Amz-SignedHeaders=host&X-Amz-Signature=0e4b39712df67e2faff5d5981f5ceb0dcc49310b766a407bc8d032b684f3149a", "background_cover_image_url": "https://s3.us-west-000.backblazeb2.com/proxycurl/company/tata-consultancy-services/cover?X-Amz-Algorithm=AWS4-HMAC-SHA256&X-Amz-Credential=0004d7f56a0400b0000000001%2F20241120%2Fus-west-000%2Fs3%2Faws4_request&X-Amz-Date=20241120T053101Z&X-Amz-Expires=3600&X-Amz-SignedHeaders=host&X-Amz-Signature=5751c58c33a94490bdb67ed3a497a976d7aae5b19918ebf8c8a971ecf76b724b", "search_id": "1353", "similar_companies": [{"name": "Wipro", "link": "https://www.linkedin.com/company/wipro/", "industry": "IT Services and IT Consulting", "location": null}, {"name": "Infosys", "link": "https://www.linkedin.com/company/infosys/", "industry": "IT Services and IT Consulting", "location": null}, {"name": "Cognizant", "link": "https://www.linkedin.com/company/cognizant/", "industry": "IT Services and IT Consulting", "location": null}, {"name": "Accenture", "link": "https://www.linkedin.com/company/accenture/", "industry": "Business Consulting and Services", "location": null}, {"name": "Deloitte", "link": "https://www.linkedin.com/company/deloitte/", "industry": "Business Consulting and Services", "location": null}, {"name": "Tech Mahindra", "link": "https://www.linkedin.com/company/tech-mahindra/", "industry": "IT Services and IT Consulting", "location": null}, {"name": "Fresher Jobs", "link": "https://www.linkedin.com/company/way2fresher/", "industry": "Information Services", "location": null}, {"name": "Capgemini", "link": "https://www.linkedin.com/company/capgemini/", "industry": "IT Services and IT Consulting", "location": null}, {"name": "IBM", "link": "https://www.linkedin.com/company/ibm/", "industry": "IT Services and IT Consulting", "location": null}, {"name": "HCLTech", "link": "https://www.linkedin.com/company/hcltech/", "industry": "IT Services and IT Consulting", "location": null}, {"name": "Amazon", "link": "https://www.linkedin.com/company/amazon/", "industry": "Software Development", "location": null}, {"name": "Google", "link": "https://www.linkedin.com/company/google/", "industry": "Software Development", "location": null}, {"name": "Tata Group", "link": "https://www.linkedin.com/company/tata-group/", "industry": "Executive Offices", "location": null}, {"name": "EY", "link": "https://www.linkedin.com/company/ernstandyoung/", "industry": "IT Services and IT Consulting", "location": null}, {"name": "Genpact", "link": "https://www.linkedin.com/company/genpact/", "industry": "Business Consulting and Services", "location": null}, {"name": "Microsoft", "link": "https://www.linkedin.com/company/microsoft/", "industry": "Software Development", "location": null}, {"name": "Tata Motors", "link": "https://www.linkedin.com/company/tata-motors/", "industry": "Motor Vehicle Manufacturing", "location": null}, {"name": "Fresher Jobs", "link": "https://www.linkedin.com/company/fresher-job/", "industry": "Human Resources Services", "location": null}, {"name": "Accenture in India", "link": "https://www.linkedin.com/company/accentureindia/", "industry": "IT Services and IT Consulting", "location": null}, {"name": "Flipkart", "link": "https://www.linkedin.com/company/flipkart/", "industry": "Technology, Information and Internet", "location": null}], "affiliated_companies": [{"name": "Tata Consultancy Services - UK and Europe", "link": "https://www.linkedin.com/showcase/tata-consultancy-services-europe/", "industry": "IT Services and IT Consulting", "location": null}, {"name": "TCS Insurance", "link": "https://www.linkedin.com/showcase/tcs-insurance/", "industry": null, "location": null}, {"name": "Tata Consultancy Services - Middle East & Africa", "link": "https://www.linkedin.com/showcase/tata-consultancy-services-middle-east-africa/", "industry": "IT Services and IT Consulting", "location": null}, {"name": "Tata Consultancy Services - Japan", "link": "https://www.linkedin.com/showcase/tcsjapan/", "industry": "IT Services and IT Consulting", "location": null}, {"name": "TCS BaNCS", "link": "https://www.linkedin.com/showcase/tcs-bancs/", "industry": "IT Services and IT Consulting", "location": null}, {"name": "Tata Consultancy Services - Research", "link": "https://www.linkedin.com/showcase/tcs-research/", "industry": "Research Services", "location": null}, {"name": "Tata Consultancy Services \u2013 Asia Pacific ", "link": "https://www.linkedin.com/showcase/tata-consultancy-services-asia-pacific/", "industry": "IT Services and IT Consulting", "location": null}, {"name": "Postbank Systems AG", "link": "https://www.linkedin.com/company/postbank-systems-ag/", "industry": "Software Development", "location": null}, {"name": "Future-Ready Manufacturing", "link": "https://www.linkedin.com/showcase/future-ready-manufacturing/", "industry": "Manufacturing", "location": null}, {"name": "Tata Consultancy Services - North America", "link": "https://www.linkedin.com/showcase/tata-consultancy-services-north-america/", "industry": "IT Services and IT Consulting", "location": null}, {"name": "Tata Consultancy Services LATAM", "link": "https://www.linkedin.com/showcase/tata-consultancy-services-latam/", "industry": "Information Technology & Services", "location": null}, {"name": "TCS AI & Advanced Tech", "link": "https://www.linkedin.com/showcase/tcs-ai-and-advancedtech/", "industry": "IT Services and IT Consulting", "location": null}, {"name": "TCS Digital Software & Solutions ", "link": "https://www.linkedin.com/showcase/tcs-digital-software-solutions-group/", "industry": "IT Services and IT Consulting", "location": null}, {"name": "Tata Group", "link": "https://www.linkedin.com/company/tata-group/", "industry": "Executive Offices", "location": null}], "updates": [{"article_link": "https://www.linkedin.com/posts/tata-consultancy-services_abhinav-kumar-cmo-tcs-fortune-magazine-activity-7260886389670486016-5Is_", "image": null, "posted_on": {"day": 9, "month": 11, "year": 2024}, "text": "From $19B brand value to global recognition, TCS is turning its marathon sponsorship into a story of tech innovation and brand power. In an interview with Fortune, our CMO, Abhinav Kumar discusses how TCS is making the NYC Marathon an unmatched experience and creating impact both on and off the track.\n\u00a0\n#TCSNYCMarathon #RunWithTCS\n\u00a0Tata Consultancy Services - North America\n\nLink in comments.", "total_likes": 569}, {"article_link": "https://www.linkedin.com/posts/tata-consultancy-services_tcs-signs-multi-year-deal-with-air-france-klm-activity-7260274089569755136-Ldes", "image": null, "posted_on": {"day": 7, "month": 11, "year": 2024}, "text": "Building on our strong 30-year-partnership, we have signed a multi-year deal with Air France-KLM Royal Dutch Airlines.\n \nOver the next three years, TCS will modernize the airline group's data by moving it to cloud, promoting the next generation of data-driven aviation.\n \nThis partnership aims to accelerate their journey towards becoming the most data-centric airline group in the world!\n\nLink in comments.\n \n#aviation #cloud", "total_likes": 1885}, {"article_link": "https://www.linkedin.com/posts/tata-consultancy-services_tcslidingaemloppet-runwithtcsinstockholm-activity-7257350328809889792-nzxg", "image": "https://media.licdn.com/dms/image/v2/D4D22AQF11Y7VDYp7fA/feedshare-shrink_2048_1536/feedshare-shrink_2048_1536/0/1730287145470?e=1734566400&v=beta&t=Ro58uAdx8gxPxVVnIZ1Oaosheqk-xTBbe7kvfg1dfQk", "posted_on": {"day": 5, "month": 11, "year": 2024}, "text": "The #TCSLiding\u00f6loppet in Sweden showcased an incredible spectacle, with 28K+ participants in the world's largest cross-country race. \ud83c\udfc3\ud83c\udfc3\u200d\u2640\ufe0f  \nFrom thrilling wheelchair races to a heartwarming kids' run, the event brimmed  with inspiration and community spirit. Kudos to everyone who participated, cheered, and made this marathon unforgettable!\u2764\ufe0f\n#RunWithTCSinStockholm #RunWithTCS Tata Consultancy Services - UK and Europe", "total_likes": 2392}, {"article_link": "https://www.linkedin.com/posts/tata-consultancy-services_tcssummit-ai-activity-7256961844672675840-b6CG", "image": "https://media.licdn.com/dms/image/v2/D4D22AQFyZbqr0QpM4w/feedshare-shrink_2048_1536/feedshare-shrink_2048_1536/0/1730194525451?e=1734566400&v=beta&t=l4Kec7wrstcIqUgas2YCEZ-hdJNYGp1heIzZE1FAxbI", "posted_on": {"day": 29, "month": 10, "year": 2024}, "text": "A glimpse of #TCSSummit Europe 2024 in Athens. Our leaders discussed #AI readiness, sustainability, and digital acceleration, emphasizing the importance of building strong, collaborative ecosystems. As we look forward to next year, we remain committed to creating a more adaptable future.\nRead more: https://lnkd.in/e3Ua3kth Tata Consultancy Services - UK and Europe", "total_likes": 2999}, {"article_link": "https://www.linkedin.com/posts/tata-consultancy-services_tcs-signs-deal-with-irelands-dept-of-social-activity-7257008334124318720-TB7U", "image": null, "posted_on": {"day": 29, "month": 10, "year": 2024}, "text": "We\u2019ve partnered with Ireland\u2019s Department of Social Protection for 15 years to transform the country\u2019s pension system. This programme of national significance will enable 800,000 workers to save and invest for their future, whilst simplifying processes and improving accessibility.\n\u00a0\nLink in comments.\n\u00a0\n#DigitalTransformation #Pension Tata Consultancy Services - UK and Europe", "total_likes": 1349}, {"article_link": "https://www.linkedin.com/posts/tata-consultancy-services_icymi-activity-7257987295557931009-CEjC", "image": null, "posted_on": {"day": 5, "month": 11, "year": 2024}, "text": "Here's a recap of some exciting happenings at #TCS from around the world!\n#ICYMI\n\nLearn more: https://bit.ly/4f0eslZ", "total_likes": 720}], "follower_count": 16418836, "acquisitions": null, "exit_data": null, "extra": null, "funding_data": [], "categories": null, "customer_list": null}
