{"linkedin_internal_id": "3933", "description": "DTU develops technology for people. With our international elite research and study programmes, we are helping to create a better world and to solve the global challenges formulated in the UN\u2019s 17 Sustainable Development Goals.\n\nHans Christian \u00d8rsted founded DTU in 1829 with a clear vision to develop and create value using science and engineering to benefit society. That vision lives on today. \n\n\"Follow\" us on LinkedIn and receive relevant news from an organisation in progress.\n\nPrivacy policy: https://www.dtu.dk/english/about/strategy-policy/policies/privacy-policy\n\nModeration: We reserve the right to delete comments that are offensive or suggestive, personal attacks, anonymous, wildly off-topic, spam or advertisements.", "website": "https://www.dtu.dk/english", "industry": "Research Services", "company_size": [5001, 10000], "company_size_on_linkedin": 0, "hq": {"country": "DK", "city": "Lyngby", "postal_code": "2800", "line_1": "Anker Engelunds Vej 1 Bygning 101A, Kgs. Lyngby", "is_hq": true, "state": "hovedstaden"}, "company_type": "EDUCATIONAL", "founded_year": 1829, "specialities": ["Engineering education", "Engineering", "Research", " Aquatic research", " Biotechnology", "Chemistry", "Construction", "Earth sciences", " Electrotechnology", " Energy", "Environment", "Food technology", " Agriculture", "Information technology", "Mathematics", "Materials", "Medicine and medico technology", "Physics", "Production and management", "Mechanics and engineering", "Nuclear technologies", "Polar research", "Space research", "Terrestrial research", "Transport and logistics", "Welfare technology", "Wind energy"], "locations": [{"country": "DK", "city": "Lyngby", "postal_code": "2800", "line_1": "Anker Engelunds Vej 1 Bygning 101A, Kgs. Lyngby", "is_hq": true, "state": "hovedstaden"}, {"country": "DK", "city": "Ballerup", "postal_code": "2750", "line_1": "Lautrupvang 15", "is_hq": false, "state": "Capital Region"}, {"country": "DK", "city": "Roskilde", "postal_code": "4000", "line_1": "Frederiksborgvej 399", "is_hq": false, "state": "Zealand"}], "name": "DTU - Technical University of Denmark", "tagline": "Technology for people", "universal_name_id": "technical-university-of-denmark", "profile_pic_url": "https://s3.us-west-000.backblazeb2.com/proxycurl/company/technical-university-of-denmark/profile?X-Amz-Algorithm=AWS4-HMAC-SHA256&X-Amz-Credential=0004d7f56a0400b0000000001%2F20241120%2Fus-west-000%2Fs3%2Faws4_request&X-Amz-Date=20241120T045036Z&X-Amz-Expires=3600&X-Amz-SignedHeaders=host&X-Amz-Signature=ba46a466753d49b5411b168ad34bf40629ffbf8fe05b0ee78a5b52fc43ceab3f", "background_cover_image_url": "https://s3.us-west-000.backblazeb2.com/proxycurl/company/technical-university-of-denmark/cover?X-Amz-Algorithm=AWS4-HMAC-SHA256&X-Amz-Credential=0004d7f56a0400b0000000001%2F20241120%2Fus-west-000%2Fs3%2Faws4_request&X-Amz-Date=20241120T045036Z&X-Amz-Expires=3600&X-Amz-SignedHeaders=host&X-Amz-Signature=3f0df2124668565d1bdeae89a23164b7b830f03f8d95af516e50b2fe3ac7f9b5", "search_id": "3933", "similar_companies": [{"name": "DTU Energy", "link": "https://dk.linkedin.com/company/dtu-energy", "industry": "Research Services", "location": null}, {"name": "DTU Wind and Energy Systems", "link": "https://dk.linkedin.com/company/dtuwindenergy", "industry": "Research Services", "location": null}, {"name": "DTU Sustain", "link": "https://dk.linkedin.com/company/dtu-sustain", "industry": "Research", "location": "Lyngby, DK"}, {"name": "DTU Chemistry", "link": "https://dk.linkedin.com/company/dtu-kemi", "industry": "Higher Education", "location": null}, {"name": "DTU Chemical and Biochemical Engineering", "link": "https://dk.linkedin.com/company/dtu-chemical-and-biochemical-engineering", "industry": "Research Services", "location": null}, {"name": "DTU Aqua", "link": "https://dk.linkedin.com/company/dtu-aqua", "industry": "Research Services", "location": null}, {"name": "DTU Construct", "link": "https://dk.linkedin.com/company/dtu-construct", "industry": "Research Services", "location": "Kgs Lyngby, Copenhagen"}, {"name": "DTU Electro", "link": "https://dk.linkedin.com/company/dtu-electro", "industry": "Research Services", "location": null}, {"name": "DTU Bioengineering", "link": "https://dk.linkedin.com/company/dtu-bioengineering", "industry": "Biotechnology", "location": null}, {"name": "Centre for Absolute Sustainability", "link": "https://dk.linkedin.com/company/absolutesustainability-dtu", "industry": "Research Services", "location": null}], "affiliated_companies": [{"name": "DTU Wind and Energy Systems", "link": "https://dk.linkedin.com/company/dtuwindenergy", "industry": "Research Services", "location": null}, {"name": "DTU Chemical and Biochemical Engineering", "link": "https://dk.linkedin.com/company/dtu-chemical-and-biochemical-engineering", "industry": "Research Services", "location": null}, {"name": "DTU Sustain", "link": "https://dk.linkedin.com/company/dtu-sustain", "industry": "Research", "location": "Lyngby, DK"}, {"name": "DTU Energy", "link": "https://dk.linkedin.com/company/dtu-energy", "industry": "Research Services", "location": null}, {"name": "DTU National Food Institute", "link": "https://dk.linkedin.com/company/national-food-institute", "industry": "Research", "location": "Kgs. Lyngby, Kgs. Lyngby"}, {"name": "DTU Electro", "link": "https://dk.linkedin.com/company/dtu-electro", "industry": "Research Services", "location": null}, {"name": "DTU Science Park", "link": "https://dk.linkedin.com/company/dtu-science-park", "industry": "Leasing Non-residential Real Estate", "location": "H\u00f8rsholm, Capital Region"}, {"name": "DTU Executive Education", "link": "https://dk.linkedin.com/company/dtu-business", "industry": "Higher Education", "location": "Kongens Lyngby, Capital Region"}, {"name": "DTU Chemistry", "link": "https://dk.linkedin.com/company/dtu-kemi", "industry": "Higher Education", "location": null}, {"name": "DTU Construct", "link": "https://dk.linkedin.com/company/dtu-construct", "industry": "Research Services", "location": "Kgs Lyngby, Copenhagen"}, {"name": "Centre for Diagnostics - DTU Health Technology", "link": "https://dk.linkedin.com/company/center-for-diagnostik-dtu", "industry": "Hospitals and Health Care", "location": null}], "updates": [{"article_link": null, "image": "https://media.licdn.com/dms/image/v2/D4D22AQF84faqKf0FQw/feedshare-shrink_2048_1536/feedshare-shrink_2048_1536/0/1730894366692?e=2147483647&v=beta&t=96Dt6MK6d91WKszelUvBV-EtoT1eanZox0Sofht_DBs", "posted_on": {"day": 6, "month": 11, "year": 2024}, "text": "Throughout her working life, Professor Daniela Pigosso has realized that sustainable innovations can end up increasing the environmental impact if changes in consumer behaviour are not considered. Now, she has received the Grundfoss Prize 2024 for her work on Design for Sustainability - awarded by Grundfos Foundation | PDJF.\n\n\u201cIf we are to succeed in the green transition, it is not enough that the intentions are good. The potential sustainability benefits of new innovations can only be realized if rebound effects are taken into account,\u201d says Daniela. \n\nRead more about her work here https://l.dtu.dk/3YB27xB\nL\u00e6s mere om hendes arbejde https://l.dtu.dk/3YEYR4c\n\n#DTUdk #TechnologyForPeople #Engineering #Sustainability #Innovation", "total_likes": 420}, {"article_link": null, "image": "https://media.licdn.com/dms/image/v2/D4D22AQG-NNNDaAmbAA/feedshare-shrink_2048_1536/feedshare-shrink_2048_1536/0/1730470233558?e=2147483647&v=beta&t=132s7iwKYjNEKNGxtbDj3oH2rAw0GPovUmtiXdykxbA", "posted_on": {"day": 4, "month": 11, "year": 2024}, "text": "Meltwater's path from the top of Greenland's ice sheet to the ocean is now mapped. \n\nMeltwater lakes on the surface of the Greenland ice sheet are growing larger due to climate changes. In fact, Greenland loses about five cubic kilometres of ice each week - equivalent to five ice blocks measuring 1x1x1 kilometres - making it the single greatest contributor to the rise of the global sea level. \n\n\ud835\udddf\ud835\uddf6\ud835\uddfa\ud835\uddf6\ud835\ude01\ud835\uddf2\ud835\uddf1 \ud835\uddf8\ud835\uddfb\ud835\uddfc\ud835\ude04\ud835\uddf9\ud835\uddf2\ud835\uddf1\ud835\uddf4\ud835\uddf2\nUntil now, there has been limited knowledge about how meltwater affects ice movement and sea level rise when it disappears from the lakes on the surface of the ice sheet. \n\nHowever, this has now been illuminated by new research which was recently published in the scientific journal Nature.\n\n\"It has been unclear what happens to meltwater from the surface of Greenland's ice sheet when it flows beneath the ice and into the Arctic Ocean, a process that is increasing as Greenland warms. So far, we have not been able to map these processes, but now we can,\u201d says Professor, Shfaqat Abbas Khan.\n\n\ud835\uddda\ud835\udde3\ud835\udde6 \ud835\uddee\ud835\uddfb\ud835\uddf1 \ud835\uddda\ud835\uddf9\ud835\uddfc\ud835\uddef\ud835\uddee\ud835\uddf9 \ud835\udde1\ud835\uddee\ud835\ude03\ud835\uddf6\ud835\uddf4\ud835\uddee\ud835\ude01\ud835\uddf6\ud835\uddfc\ud835\uddfb \ud835\udde6\ud835\uddee\ud835\ude01\ud835\uddf2\ud835\uddf9\ud835\uddf9\ud835\uddf6\ud835\ude01\ud835\uddf2 \ud835\udde6\ud835\ude06\ud835\ude00\ud835\ude01\ud835\uddf2\ud835\uddfa\nThe measurements were made using GNET in Greenland. GNET is a series of observation stations based on the Global Navigation Satellite System (GNSS). \n\nUsing GPS, the GNET stations measure the up-and-down movements of Greenland's bedrock as the ice and water above it change shape and position. \n\nIn the end, this allows the movement of water flows to be determined.\n\nRead more https://l.dtu.dk/4frz06O\nL\u00e6s mere https://l.dtu.dk/3YxQxU5\n\n#DTUdk #TechnologyForPeople #Engineering #Sustainability #Climatechange #Greenland #SDGs2030", "total_likes": 74}, {"article_link": null, "image": "https://media.licdn.com/dms/image/v2/D4D22AQEbFAchZACiRw/feedshare-shrink_2048_1536/feedshare-shrink_2048_1536/0/1730467203050?e=2147483647&v=beta&t=VChfcjvi5roGm9q3QCvSXm3Mp3EFGLTD2F_JwHf9p5U", "posted_on": {"day": 3, "month": 11, "year": 2024}, "text": "\ud83d\udcab New research in our Milky Way has revealed a neutron star that rotates around its axis at an extremely high speed. It spins 716 times per second, making it one of the fastest-spinning objects ever observed.\n\nThe neutron star was observed using NASA's NICER X-ray telescope, which is mounted on the International Space Station and equipped with star-tracker technology from DTU. The researchers were looking at the Sagittarius constellation towards the centre of our galaxy.\n\n\"We were studying thermonuclear explosions from this system and then found remarkable oscillations, suggesting a neutron star spinning around its centre axis at an astounding 716 times per second,\" says Senior Scientist Dr Gaurava Jaisawal.\n\nGaurava Jaisawal is part of an international team of researchers behind the new finding and the first author of an article about it that was just published in the renowned Astrophysical Journal:\n\n\"If future observations confirm this, the 4U 1820-30 neutron star would be one of the fastest-spinning objects ever observed in the universe, matched only by another neutron star called PSR J1748\u20132446\".\n\nRead more https://l.dtu.dk/3YvgYtx\nL\u00e6s mere https://l.dtu.dk/3YLuXfT\n\nPhoto: NASA - National Aeronautics and Space Administration \n\n#DTUdk #TechnologyForPeople #Engineering #SpaceTech #SpaceTechnology #SpaceExploration #NASA", "total_likes": 56}, {"article_link": null, "image": "https://media.licdn.com/dms/image/v2/D4D22AQFc1-VRm0kK2Q/feedshare-shrink_2048_1536/feedshare-shrink_2048_1536/0/1730377088846?e=2147483647&v=beta&t=wUxCa8RE3W1WabjFJG-COMNlR5i-bupgu2lUO6erZdE", "posted_on": {"day": 2, "month": 11, "year": 2024}, "text": "How can plants grow despite drought and high soil salinity?\n \nResearchers behind the DTU startup Agrobiomics have found a group of beneficial bacteria that produce an organic acid that helps boost plants' photosynthesis and regulate various stress reactions in the plants. This enables the plants to grow despite drought and high soil salinity.\n \nThe organic acid is extracted from fermentation with the beneficial bacteria and used to coat seeds, making future crops more resistant to salt and drought.\n \n\"We want to create an alternative that is good for the environment and, therefore, public health in the long term. That's why we use nature's own resources, such as natural microbes that can contribute to plant growth. We have found soil bacteria that produce an active substance that helps plants cope with different types of abiotic stress,\" says Ling Ding, associate professor at DTU and co-founder of Agrobiomics.\n \nAfter promising results in greenhouses, Agrobiomics is now conducting tests in field conditions with tomatoes and soybeans in saline soils and/or prone to drought in Spain and Brazil.\n \nRead more about Ling Ding and Agrobiomics:\n \nIn English: https://l.dtu.dk/406OAQO \nP\u00e5 Dansk: https://l.dtu.dk/4fdPZsW \n\n#DTUdk #TechnologyForPeople #Engineering #Innovation #Sustainability #Agriculture", "total_likes": 187}, {"article_link": null, "image": "https://media.licdn.com/dms/image/v2/D4D22AQErugKAqh9y-Q/feedshare-shrink_2048_1536/feedshare-shrink_2048_1536/0/1730452804730?e=2147483647&v=beta&t=6t0mYz_JH0rAk7pVbw5DBEHSxUnaIZ2efeBbmcQHeHg", "posted_on": {"day": 1, "month": 11, "year": 2024}, "text": "With a solid 25 million injection into the deep-tech fund, PSV Hafnium, the Danish Society of Engineers, IDA is backing investments in early-stage deep-tech entrepreneurs. This brings the fund to a total of DKK 410 million.\n\nAccording to IDA President Laura Klitgaard, investing millions in the Nordic-focused venture fund will help strengthen the development of the STEM field's innovative power, which is crucial to the fund's success and Denmark securing its position of strength in deep tech. \n\nDTU\u2019s President Anders Overgaard Bjarklev is in favour of IDA moving closer:\n\n\u201cWe have great innovative power in Denmark, but we must ensure a well-functioning market for risk capital from private investors, venture and private equity funds and public actors,\u201d he says. \n\n\"Therefore, it is great that IDA invests in PSV Hafnium and recognizes the need to strengthen innovation ecosystems. DTU's vision is that through research and innovation, we solve global challenges for the benefit of society. This requires, among other things, that we convert research into businesses.\"\n\nAs PSV Hafnium was born out of the venture house PSV, which is and has been based at DTU for the past 20 years, the foundation is uniquely positioned to bridge the gap between research and the commercial journey.\n\nRead more https://l.dtu.dk/3YL2ff3\nL\u00e6s mere https://l.dtu.dk/4hq1O17\n\n#DTUdk #TechnologyForPeople #Engineering #Entrepreneurship #Startup #Sustainability #Innovation #deeptech  #PSVventurehus #PSVHafnium", "total_likes": 65}, {"article_link": null, "image": "https://media.licdn.com/dms/image/v2/D4D22AQH3KjPiT6CBcQ/feedshare-shrink_2048_1536/feedshare-shrink_2048_1536/0/1730192733303?e=2147483647&v=beta&t=gfjuo3QwmPUwnV1AA2ZM9_seZo8eaYntuxcRekqL90A", "posted_on": {"day": 31, "month": 10, "year": 2024}, "text": "High quality in research, education and innovation has earned DTU the status as the best technical university in the EU.\n\n\"It is a great pleasure that DTU is at the very top. First place in EngiRank is the result of a shared focus on delivering world-class research, education and innovation. The result is due to the impressive work of students, staff and partners,\" says President Anders Overgaard Bjarklev.\n\nEngirank - European Ranking of Engineering Programs assesses 226 technical universities in 27 EU countries, Switzerland and Norway. The ranking is based on a broad selection of recognized EU data sources.\n\nEngiRank's primary criteria are research, innovation, teaching quality and universities' work with the UN Sustainable Development Goals. In addition, it operates with seven subject rankings.\n\nThis is the second time EngiRank has ranked technical universities in the EU and the second time DTU has been recognized as the best university. \n\nRead more about how DTU ranks in the seven subject rankings and find a link to the EngiRank 2024 here:\n\nIn English https://l.dtu.dk/4e3qWYH\nP\u00e5 dansk https://l.dtu.dk/3YHfNIE\n\n#DTUdk #TechnologyForPeople #Engineering #Sustainability #Innovation #DigitalTransformation #SDG9 #Ranking", "total_likes": 4555}, {"article_link": null, "image": "https://media.licdn.com/dms/image/v2/D4D22AQGNTY3vMr0-zQ/feedshare-shrink_2048_1536/feedshare-shrink_2048_1536/0/1729688951209?e=2147483647&v=beta&t=8pU6cLk7_tHfV64E4I_c-SgA2tCczoUWIrGVpmumfgM", "posted_on": {"day": 31, "month": 10, "year": 2024}, "text": "If Europe is not to fall behind in the global technology race, it must invest heavily in research and development.\n\nThis message has recently been repeated by both European Commission President Ursula von der Leyen and former European Central Bank President Mario Draghi.\n\nThe same message comes from President Anders Overgaard Bjarklev and the other 14 members of an expert group that on Wednesday presented its recommendations on how the EU should structure its research policy. Not least when it comes to the important Horizon Europe programme, which has an annual budget of more than 15 billion euros.\n\nThe expert group points to \ud835\udfed\ud835\udfee \ud835\uddf0\ud835\uddfc\ud835\uddfb\ud835\uddf0\ud835\uddff\ud835\uddf2\ud835\ude01\ud835\uddf2 \ud835\uddfa\ud835\uddf2\ud835\uddee\ud835\ude00\ud835\ude02\ud835\uddff\ud835\uddf2\ud835\ude00 \ud835\ude01\ud835\uddf5\ud835\uddee\ud835\ude01 \ud835\uddf0\ud835\uddee\ud835\uddfb \ud835\uddf5\ud835\uddf2\ud835\uddf9\ud835\uddfd \ud835\ude00\ud835\ude01\ud835\uddff\ud835\uddf2\ud835\uddfb\ud835\uddf4\ud835\ude01\ud835\uddf5\ud835\uddf2\ud835\uddfb \ud835\uddf0\ud835\uddfc\ud835\uddfa\ud835\uddfd\ud835\uddf2\ud835\ude01\ud835\uddf6\ud835\ude01\ud835\uddf6\ud835\ude03\ud835\uddf2\ud835\uddfb\ud835\uddf2\ud835\ude00\ud835\ude00 \ud835\uddf6\ud835\uddfb \ud835\uddd8\ud835\ude02\ud835\uddff\ud835\uddfc\ud835\uddfd\ud835\uddf2. To succeed, we need an ambitious policy that manages to combine research and business, says President Anders Bjarklev.\n\nFind the link to the full expert group report and recommendations here:\n\nRead more https://l.dtu.dk/40fifaA\nL\u00e6s mere https://l.dtu.dk/48ng6eP\n\n#DTUdk #TechnologyForPeople #Engineering #Innovation #DigitalTransformation #Technology #Horizon2020", "total_likes": 405}, {"article_link": null, "image": "https://media.licdn.com/dms/image/v2/D4D22AQGEmpR5d7TlXA/feedshare-shrink_2048_1536/feedshare-shrink_2048_1536/0/1729687085615?e=2147483647&v=beta&t=wWFFYTe3xbmizQgtyHzKC9V6YH8win49u6mIaMifzDA", "posted_on": {"day": 31, "month": 10, "year": 2024}, "text": "You may never have heard of Professor Sune Lehmann, but chances are you have heard of his research. Research that makes headlines - globally. Can you recognise some of these? \n\n\u2022 At the end of 2023, he and other Danish and international research colleagues published a new AI algorithm that can \ud835\uddfd\ud835\uddff\ud835\uddf2\ud835\uddf1\ud835\uddf6\ud835\uddf0\ud835\ude01 \ud835\ude01\ud835\uddf5\ud835\uddf2 \ud835\uddf2\ud835\ude03\ud835\uddf2\ud835\uddfb\ud835\ude01\ud835\ude00 \ud835\uddf6\ud835\uddfb \ud835\uddee \ud835\uddfd\ud835\uddf2\ud835\uddff\ud835\ude00\ud835\uddfc\ud835\uddfb\u2019\ud835\ude00 \ud835\uddf9\ud835\uddf6\ud835\uddf3\ud835\uddf2 \ud835\uddee\ud835\uddfb\ud835\uddf1 \ud835\uddf2\ud835\ude00\ud835\ude01\ud835\uddf6\ud835\uddfa\ud835\uddee\ud835\ude01\ud835\uddf2 \ud835\ude01\ud835\uddf5\ud835\uddf2 \ud835\uddfd\ud835\uddff\ud835\uddfc\ud835\uddef\ud835\uddee\ud835\uddef\ud835\uddf9\ud835\uddf2 \ud835\ude01\ud835\uddf6\ud835\uddfa\ud835\uddf2 \ud835\uddfc\ud835\uddf3 \ud835\uddf1\ud835\uddf2\ud835\uddee\ud835\ude01\ud835\uddf5.\n\n\u2022 During the pandemic, he was part of the large award-winning Danish research team HOPE, which was able to \ud835\uddf1\ud835\uddf2\ud835\uddf1\ud835\ude02\ud835\uddf0\ud835\uddf2 \ud835\uddf5\ud835\uddfc\ud835\ude04 \ud835\uddf1\ud835\uddf6\ud835\uddf3\ud835\uddf3\ud835\uddf2\ud835\uddff\ud835\uddf2\ud835\uddfb\ud835\ude01 \ud835\uddf9\ud835\uddfc\ud835\uddf0\ud835\uddf8\ud835\uddf1\ud835\uddfc\ud835\ude04\ud835\uddfb \ud835\uddfa\ud835\uddf2\ud835\uddee\ud835\ude00\ud835\ude02\ud835\uddff\ud835\uddf2\ud835\ude00 \ud835\ude04\ud835\uddfc\ud835\ude02\ud835\uddf9\ud835\uddf1 \ud835\uddee\ud835\uddf3\ud835\uddf3\ud835\uddf2\ud835\uddf0\ud835\ude01 \ud835\ude01\ud835\uddf5\ud835\uddf2 \ud835\ude00\ud835\uddfd\ud835\uddff\ud835\uddf2\ud835\uddee\ud835\uddf1 \ud835\uddfc\ud835\uddf3 \ud835\uddf6\ud835\uddfb\ud835\uddf3\ud835\uddf2\ud835\uddf0\ud835\ude01\ud835\uddf6\ud835\uddfc\ud835\uddfb, done through analyses of citizens\u2019 behaviour.\n\n\u2022 When in 2019, together with international colleagues, he was able to demonstrate that \ud835\uddfc\ud835\ude02\ud835\uddff \ud835\uddf0\ud835\uddfc\ud835\uddf9\ud835\uddf9\ud835\uddf2\ud835\uddf0\ud835\ude01\ud835\uddf6\ud835\ude03\ud835\uddf2 \ud835\uddee\ud835\ude01\ud835\ude01\ud835\uddf2\ud835\uddfb\ud835\ude01\ud835\uddf6\ud835\uddfc\ud835\uddfb \ud835\ude04\ud835\uddfc\ud835\uddff\ud835\uddf9\ud835\uddf1\ud835\ude04\ud835\uddf6\ud835\uddf1\ud835\uddf2 \ud835\uddf6\ud835\ude00 \ud835\uddf1\ud835\uddf2\ud835\uddf0\ud835\uddff\ud835\uddf2\ud835\uddee\ud835\ude00\ud835\uddf6\ud835\uddfb\ud835\uddf4 \ud835\uddf6\ud835\uddfb \ud835\ude00\ud835\ude01\ud835\uddf2\ud835\uddfd \ud835\ude04\ud835\uddf6\ud835\ude01\ud835\uddf5 \ud835\ude01\ud835\uddf5\ud835\uddf2 \ud835\uddff\ud835\uddee\ud835\uddfd\ud835\uddf6\ud835\uddf1\ud835\uddf9\ud835\ude06 \ud835\uddee\ud835\uddf0\ud835\uddf0\ud835\uddf2\ud835\uddf9\ud835\uddf2\ud835\uddff\ud835\uddee\ud835\ude01\ud835\uddf6\ud835\uddfb\ud835\uddf4 \ud835\uddf6\ud835\uddfb\ud835\uddf0\ud835\uddff\ud835\uddf2\ud835\uddee\ud835\ude00\ud835\uddf2 \ud835\uddf6\ud835\uddfb \ud835\uddfb\ud835\uddf2\ud835\ude04\ud835\ude00, \ud835\uddee\ud835\uddf4\ud835\uddf2\ud835\uddfb\ud835\uddf1\ud835\uddee\ud835\ude00, \ud835\uddee\ud835\uddfb\ud835\uddf1 \ud835\ude01\ud835\uddff\ud835\uddf2\ud835\uddfb\ud835\uddf1\ud835\uddf6\ud835\uddfb\ud835\uddf4 \ud835\uddf5\ud835\uddee\ud835\ude00\ud835\uddf5\ud835\ude01\ud835\uddee\ud835\uddf4\ud835\ude00.\n\nSo, how does a professor, time and again, end up behind some of the most eye-catching discoveries?\n\nMeet Sune Lehmann, a physicist that explores people\u2019s lives and behaviour through data from social media and statistics \ud83d\udc47\n\nRead more https://l.dtu.dk/48nbDZB\nL\u00e6s mere https://l.dtu.dk/3YvvLFD\n\n#DTUdk #TechnologyForPeople #Engineering #Innovation #DataScience #Research", "total_likes": 288}, {"article_link": null, "image": "https://media.licdn.com/dms/image/v2/D4D22AQG4aG4qLLyj7Q/feedshare-shrink_2048_1536/feedshare-shrink_2048_1536/0/1729750541790?e=2147483647&v=beta&t=AsEFBfnn1N7tzQvU4rkbDvUGKQ8BepqDLb5Zu2m5HQE", "posted_on": {"day": 24, "month": 10, "year": 2024}, "text": "A DTU research project is among the first projects that the Novo Nordisk Foundation and the Danish Centre for AI Innovation (DCAI), have selected to gain access to the AI supercomputer \u2018Gefion\u2019. The project will map the dynamics of enzymes and develop enzymes that can convert CO2 into sustainable fuels and chemicals.\n\nThe fact that DTU is one of the first universities to gain access to the supercomputer emphasizes the university's vision of making a positive difference to society and the green transition, states Christine Nellemann, Dean of Sustainability, Diversity, Inclusion and International Collaborations at DTU.\n\nIn the future, using enzymes to convert captured CO2 could be a sustainable and efficient supplement to the man-made power-to-X processes we use today.\n\n\"Access to Gefion will allow us to study a class of very interesting enzymes that can convert CO2 into sustainable fuels and chemicals. This can be done with unprecedented accuracy and speed, allowing us to identify new, efficient enzymes for converting CO2 into sustainable fuels such as methanol,\" says DTU Professor Tejs Vegge and Director of the Pioneer Center CAPeX.\n\nRead more https://l.dtu.dk/3zYBNp2\nL\u00e6s mere https://l.dtu.dk/3YkE59N\n\nPhoto: Novo Nordisk Foundation\n\n#DTUdk #TechnologyForPeople #Engineering #Sustainability #Innovation #DigitalTransformation #ArtificialIntelligence #GreenTransformation", "total_likes": 489}, {"article_link": null, "image": "https://media.licdn.com/dms/image/v2/D4D05AQFNdeDeBLecjg/videocover-high/videocover-high/0/1729602609132?e=2147483647&v=beta&t=VdAZTcCg4x5DaYqq8Fsk3ItA_zXPVJ3sfkjyRNtw298", "posted_on": {"day": 24, "month": 10, "year": 2024}, "text": "This week, DTU got a new test facility\u2014Ris\u00f8 Hybrid Power Plant. \n\n\"Research is one of the most important keys to the green transition. Ris\u00f8 Hybrid Power Plant will help us develop the right technological solutions and make them scalable. It\u2019s a test facility that will make a noticeable difference in the work of converting the energy system to 100 per cent renewable energy,\" says President Anders Overgaard Bjarklev. \n\nThe Ris\u00f8 Hybrid Power Plant has: \n\u2022 two wind turbines\n\u2022 a solar power plant\n\u2022 an attached battery\n\nIt is a small facility that can only produce electricity for the annual consumption of 200 households. \n\nThe purpose of the plant is to develop and test new technologies before scaling them up to commercial full-scale hybrid power plants. Plants that will potentially supply several hundred thousand households.\n\nAt the inauguration of the Ris\u00f8 Hybrid Power Plant, built in collaboration with the energy company TotalEnergies, Lars Aagaard (The Ministry of Climate, Energy and Utilities) and Marie-No\u00eblle Semeria , Senior Vice President R&D OneTech participated. \n\n\nRead more https://l.dtu.dk/4dWkwKZ\nL\u00e6s mere https://l.dtu.dk/3UeH2I4\n\nDrone video by Andreas Bro\n\n#DTUdk #TechnologyForPeople #Engineering #Sustainability #Innovation #renewableenergy #energytransition #sustainability #gr\u00f8nenergi #b\u00e6redygtighed #DTEC", "total_likes": 157}], "follower_count": 199749, "acquisitions": null, "exit_data": null, "extra": null, "funding_data": [], "categories": null, "customer_list": null}
