{"linkedin_internal_id": "4236", "description": "The New York Times is powered by the idea that independent, deeply reported journalism fuels a healthy and engaged society. \n\nOur reporters, columnists, editors, engineers, designers, data analysts, developers and marketers breathe life into the most important topics of our time and tell stories that might otherwise go untold.\n\nWhether bringing new truths to light with our reporting, building innovative products that deliver a best-in-class digital experience, or analyzing data to understand how we can best serve our readers, our people power the world\u2019s top destination for journalism.\n\nWorking at The Times means envisioning and developing the future of journalism. Bring your passion, perspective and experience and join us as we seek the truth and help people understand the world. \n\nCheck out our career opportunities (nytco.com/careers) and follow our page to connect with Times employees, journalists and readers.", "website": "http://www.nytco.com/careers", "industry": "Newspaper Publishing", "company_size": [1001, 5000], "company_size_on_linkedin": 9206, "hq": {"country": "US", "city": "New York", "postal_code": "10018", "line_1": "620 Eighth Avenue", "is_hq": true, "state": "NY"}, "company_type": "PUBLIC_COMPANY", "founded_year": 1851, "specialities": [], "locations": [{"country": "US", "city": "New York", "postal_code": "10018", "line_1": "620 Eighth Avenue", "is_hq": true, "state": "NY"}], "name": "The New York Times", "tagline": null, "universal_name_id": "the-new-york-times", "profile_pic_url": "https://s3.us-west-000.backblazeb2.com/proxycurl/company/the-new-york-times/profile?X-Amz-Algorithm=AWS4-HMAC-SHA256&X-Amz-Credential=0004d7f56a0400b0000000001%2F20241120%2Fus-west-000%2Fs3%2Faws4_request&X-Amz-Date=20241120T044959Z&X-Amz-Expires=3600&X-Amz-SignedHeaders=host&X-Amz-Signature=8cc3f15712b16e4d3c3adcf272b001ec2931606bfcd47f4469446d97a566f052", "background_cover_image_url": "https://s3.us-west-000.backblazeb2.com/proxycurl/company/the-new-york-times/cover?X-Amz-Algorithm=AWS4-HMAC-SHA256&X-Amz-Credential=0004d7f56a0400b0000000001%2F20241120%2Fus-west-000%2Fs3%2Faws4_request&X-Amz-Date=20241120T044959Z&X-Amz-Expires=3600&X-Amz-SignedHeaders=host&X-Amz-Signature=952f7f45a2cd77b0a1b5340ea30d348da2e71f225adb8282626fed7b6bb24af5", "search_id": "4236", "similar_companies": [{"name": "The Wall Street Journal", "link": "https://www.linkedin.com/company/the-wall-street-journal/", "industry": "Newspaper Publishing", "location": null}, {"name": "Forbes", "link": "https://www.linkedin.com/company/forbes-magazine/", "industry": "Book and Periodical Publishing", "location": null}, {"name": "The Economist", "link": "https://www.linkedin.com/company/the-economist/", "industry": "Newspaper Publishing", "location": null}, {"name": "The Washington Post", "link": "https://www.linkedin.com/company/washingtonpost/", "industry": "Newspaper Publishing", "location": null}, {"name": "BBC News", "link": "https://www.linkedin.com/company/bbc-news/", "industry": "Broadcast Media Production and Distribution", "location": null}, {"name": "CNN", "link": "https://www.linkedin.com/company/cnn/", "industry": "Broadcast Media Production and Distribution", "location": null}, {"name": "Financial Times", "link": "https://www.linkedin.com/company/financial-times/", "industry": "Newspaper Publishing", "location": null}, {"name": "The New Yorker", "link": "https://www.linkedin.com/company/the-new-yorker/", "industry": "Book and Periodical Publishing", "location": null}, {"name": "TIME", "link": "https://www.linkedin.com/company/time/", "industry": "Book and Periodical Publishing", "location": null}, {"name": "NPR", "link": "https://www.linkedin.com/company/npr/", "industry": "Broadcast Media Production and Distribution", "location": null}, {"name": "Netflix", "link": "https://www.linkedin.com/company/netflix/", "industry": "Entertainment Providers", "location": null}, {"name": "The Guardian", "link": "https://www.linkedin.com/company/theguardian/", "industry": "Book and Periodical Publishing", "location": null}, {"name": "Google", "link": "https://www.linkedin.com/company/google/", "industry": "Software Development", "location": null}, {"name": "Harvard Business Review", "link": "https://www.linkedin.com/company/harvard-business-review/", "industry": "Book and Periodical Publishing", "location": null}, {"name": "Spotify", "link": "https://www.linkedin.com/company/spotify/", "industry": "Musicians", "location": null}, {"name": "Bloomberg", "link": "https://www.linkedin.com/company/bloomberg/", "industry": "Financial Services", "location": null}, {"name": "The Atlantic", "link": "https://www.linkedin.com/company/the-atlantic/", "industry": "Book and Periodical Publishing", "location": null}, {"name": "Cond\u00e9 Nast", "link": "https://www.linkedin.com/company/conde-nast/", "industry": "Media Production", "location": null}, {"name": "TED Conferences", "link": "https://www.linkedin.com/company/ted-conferences/", "industry": "Media Production", "location": null}, {"name": "BBC", "link": "https://www.linkedin.com/company/bbc/", "industry": "Broadcast Media Production and Distribution", "location": null}], "affiliated_companies": [{"name": "The Times Center", "link": "https://www.linkedin.com/showcase/thetimescenter/", "industry": "Events Services", "location": null}, {"name": "NYT Wirecutter", "link": "https://www.linkedin.com/company/nyt-wirecutter/", "industry": "Book and Periodical Publishing", "location": null}, {"name": "The New York Times - Corporate Gifting", "link": "https://www.linkedin.com/showcase/nyt-corpgift/", "industry": "Book and Periodical Publishing", "location": null}, {"name": "NYT Open", "link": "https://www.linkedin.com/company/nyt-open/", "industry": "Newspaper Publishing", "location": null}, {"name": "New York Times Advertising", "link": "https://www.linkedin.com/showcase/nyt-advertising/", "industry": "Technology, Information and Internet", "location": null}], "updates": [{"article_link": "https://www.linkedin.com/posts/the-new-york-times_us-inflation-grew-slightly-on-an-annual-activity-7262585066042650624-exa3", "image": "https://media.licdn.com/dms/image/v2/D4D10AQFpQrnj0mZ-mA/image-shrink_1280/image-shrink_1280/0/1731535211459?e=1732489200&v=beta&t=22QBSgbKXgETZ-tCnrIZeeX8Mth49uke3r3DnWebILc", "posted_on": {"day": 13, "month": 11, "year": 2024}, "text": "U.S. inflation grew slightly on an annual basis in October, the latest evidence that while cost increases were coming under control, it's not fully back to normal. https://nyti.ms/40KOizq", "total_likes": 37}, {"article_link": "https://www.linkedin.com/posts/the-new-york-times_what-a-trump-presidency-could-mean-for-social-activity-7262912191069052928-vTl1", "image": null, "posted_on": {"day": 14, "month": 11, "year": 2024}, "text": "President-elect Donald Trump has pledged to protect Social Security, but many policies he proposed on the campaign trail would put the program's finances on even thinner ice. Experts answered our readers' biggest questions about what could happen next.", "total_likes": 34}, {"article_link": "https://www.linkedin.com/posts/the-new-york-times_are-ai-clones-the-future-of-dating-i-tried-activity-7262883263428313089-qF3P", "image": null, "posted_on": {"day": 14, "month": 11, "year": 2024}, "text": "A New York Times reporter tested a handful of chatbots to see if they could help improve his dating life. The results were decidedly mixed.", "total_likes": 18}, {"article_link": "https://www.linkedin.com/posts/the-new-york-times_republicans-and-democrats-highly-divided-activity-7262519612469035009-l33Q", "image": null, "posted_on": {"day": 13, "month": 11, "year": 2024}, "text": "Consumer sentiment among Republicans has soared to its highest point since Donald Trump lost his bid for re-election four years ago, new data shows. The sentiment among Democrats has dropped to its lowest level since early 2023.", "total_likes": 18}, {"article_link": "https://www.linkedin.com/posts/the-new-york-times_how-to-manage-an-employee-whose-health-issues-activity-7261784783104438274-V6ig", "image": null, "posted_on": {"day": 11, "month": 11, "year": 2024}, "text": "A reader asked \"I\u2019ve been a manager of a small group in a large organization for several years. In general, my direct reports have been easy to manage; they are conscientious, competent, seasoned professionals. Among them, but not as easily managed, is a longtime employee with chronic health conditions that have gotten worse and impacted her dependability. She has personal circumstances that have added to her unreliability. We\u2019re an office responsible for producing analytic reports large and small. Some have hard deadlines. I prefer to assign people projects they can invest in and own. Unfortunately, we often need to change focus to respond to changing deadlines and priorities from higher-ups. I try to assign my challenging team member projects with long lead times. Even so, her unreliability means that I have needed to reassign her projects frequently in order to meet deadlines. I spend a lot more time managing work assignments as a result (or just doing the project myself). Sometimes, after I\u2019ve reassigned one of her projects because she says she is not able to work, she shows up. I can either return a project to her, taking it back from another staff member whom I\u2019ve had to redirect from one of their projects, or give her a new, lower-priority project. I\u2019m trying to figure out whether I should be changing my approach to managing people or to managing the work. Any perspective you can offer would be most welcome. I value this employee and her contributions, but she is taxing me.\"", "total_likes": 40}, {"article_link": "https://www.linkedin.com/posts/the-new-york-times_the-presidential-election-is-one-of-the-most-activity-7259678673174249472-YSop", "image": "https://media.licdn.com/dms/image/v2/D4E10AQEA3H-kZ7Uiig/image-shrink_1280/image-shrink_1280/0/1730842273134?e=1732489200&v=beta&t=i4oFpTg3BPkQvEtTZjEBAxiOQC5MW6eeA0jzEKuO0-E", "posted_on": {"day": 10, "month": 11, "year": 2024}, "text": "The presidential election is one of the most important nights of the year for the U.S. The same can be said for The New York Times. Here's a look at some past elections inside the newsroom. https://nyti.ms/3YvqxZk", "total_likes": 182}], "follower_count": 6818984, "acquisitions": null, "exit_data": null, "extra": null, "funding_data": [], "categories": null, "customer_list": null}
