{"linkedin_internal_id": "5290", "description": "Founded in 1881 as the world\u2019s first collegiate business school, the Wharton School of the University of Pennsylvania remains guided by Joseph Wharton\u2019s original vision: using analytical expertise to produce well-rounded leaders to drive societal progress. As we continue our quest for positive global impact, the Wharton Way serves as our philosophical North Star with three areas of focus \u2013 elevating our research impact, innovating through our pedagogy, and collaborating across disciplines and divides.\n\nWith a standing faculty of 241 renowned professors, Wharton has 5,000+ students across four degree programs: undergraduate, MBA, executive MBA, and doctoral. Each year 13,000+ professionals from around the world advance their careers through Wharton Executive Education\u2019s individual, company-customized, and online programs \u2013 with 200,000+ others earning certificates from Wharton Online since 2015. More than 104,000 Wharton alumni form a powerful global network of leaders who transform business every day. ", "website": "http://www.wharton.upenn.edu/", "industry": "Higher Education", "company_size": [501, 1000], "company_size_on_linkedin": 7157, "hq": {"country": "US", "city": "Philadelphia", "postal_code": "19104", "line_1": "The Wharton School", "is_hq": true, "state": "PA"}, "company_type": "EDUCATIONAL", "founded_year": null, "specialities": ["Accounting", "Business Economics & Public Policy", "Finance", "Health Care Management", "Legal Studies & Business Ethics", "Management", "Marketing", "Operations & Information Management", "Real Estate", "Statistics"], "locations": [{"country": "US", "city": "Philadelphia", "postal_code": "19104", "line_1": "The Wharton School", "is_hq": true, "state": "PA"}, {"country": "US", "city": "San Francisco", "postal_code": "94105", "line_1": "Wharton | San Francisco", "is_hq": true, "state": "CA"}], "name": "The Wharton School", "tagline": null, "universal_name_id": "the-wharton-school", "profile_pic_url": "https://s3.us-west-000.backblazeb2.com/proxycurl/company/the-wharton-school/profile?X-Amz-Algorithm=AWS4-HMAC-SHA256&X-Amz-Credential=0004d7f56a0400b0000000001%2F20241120%2Fus-west-000%2Fs3%2Faws4_request&X-Amz-Date=20241120T045000Z&X-Amz-Expires=3600&X-Amz-SignedHeaders=host&X-Amz-Signature=46c98616aa7717df6105ca6e23981ebec0b4be5acb13acabed914910771aa08e", "background_cover_image_url": "https://s3.us-west-000.backblazeb2.com/proxycurl/company/the-wharton-school/cover?X-Amz-Algorithm=AWS4-HMAC-SHA256&X-Amz-Credential=0004d7f56a0400b0000000001%2F20241120%2Fus-west-000%2Fs3%2Faws4_request&X-Amz-Date=20241120T045000Z&X-Amz-Expires=3600&X-Amz-SignedHeaders=host&X-Amz-Signature=44899ff0465250154a03bf68b2ad700fe582483b8ab49f3f59423c8436d15314", "search_id": "5290", "similar_companies": [{"name": "Wharton AI & Analytics Initiative", "link": "https://www.linkedin.com/company/whartonaiai/", "industry": "Higher Education", "location": null}, {"name": "eCourcers", "link": "https://www.linkedin.com/company/ecourcers/", "industry": "E-learning", "location": null}, {"name": "Consulting Club - London Business School", "link": "https://www.linkedin.com/company/lbs-cclub/", "industry": "Business Consulting and Services", "location": null}, {"name": "Knowledge at Wharton", "link": "https://www.linkedin.com/company/knowledge-wharton/", "industry": "Business Content", "location": null}, {"name": "Stanford Online", "link": "https://www.linkedin.com/company/stanford-online/", "industry": "Higher Education", "location": null}, {"name": "Wharton Interactive", "link": "https://www.linkedin.com/company/wharton-interactive/", "industry": "E-Learning Providers", "location": null}, {"name": "Harvard Griffin GSAS Consulting Club", "link": "https://www.linkedin.com/company/harvardgsasconsultingclub/", "industry": "Business Consulting and Services", "location": null}, {"name": "Stanford GSB Executive Education", "link": "https://www.linkedin.com/company/stanford-graduate-school-of-business-executive-education/", "industry": "Higher Education", "location": null}, {"name": "University of Oxford, Department of Physics", "link": "https://www.linkedin.com/company/university-of-oxford-department-of-physics/", "industry": "Higher Education", "location": null}, {"name": "Harvard Business Review", "link": "https://www.linkedin.com/company/harvard-business-review/", "industry": "Book and Periodical Publishing", "location": null}, {"name": "Boston Consulting Group (BCG)", "link": "https://www.linkedin.com/company/boston-consulting-group/", "industry": "Business Consulting and Services", "location": null}, {"name": "Free Online Courses With Certificates", "link": "https://www.linkedin.com/company/freeonlinecourseswithcertificates/", "industry": "E-Learning Providers", "location": null}, {"name": "McKinsey & Company", "link": "https://www.linkedin.com/company/mckinsey/", "industry": "Business Consulting and Services", "location": null}, {"name": "MIT OpenCourseWare", "link": "https://www.linkedin.com/company/mit-opencourseware/", "industry": "E-learning", "location": null}, {"name": "Blackstone", "link": "https://www.linkedin.com/company/blackstonegroup/", "industry": "Financial Services", "location": null}, {"name": "J.P. Morgan", "link": "https://www.linkedin.com/company/jpmorgan/", "industry": "Financial Services", "location": null}, {"name": "BlackRock", "link": "https://www.linkedin.com/company/blackrock/", "industry": "Financial Services", "location": null}, {"name": "Excel Daily Hack", "link": "https://www.linkedin.com/company/excel-daily-hack/", "industry": "E-Learning Providers", "location": null}, {"name": "Goldman Sachs", "link": "https://www.linkedin.com/company/goldman-sachs/", "industry": "Financial Services", "location": null}, {"name": "Hult Prize Foundation", "link": "https://www.linkedin.com/company/hult-prize-foundation/", "industry": "Non-profit Organizations", "location": null}], "affiliated_companies": [{"name": "Wharton Executive Education", "link": "https://www.linkedin.com/school/wharton-executive-education/", "industry": "Education Administration Programs", "location": null}, {"name": "Wharton AI & Analytics Initiative", "link": "https://www.linkedin.com/company/whartonaiai/", "industry": "Higher Education", "location": null}, {"name": "Wharton Online", "link": "https://www.linkedin.com/school/wharton-online/", "industry": "E-learning", "location": null}, {"name": "Finance at Wharton", "link": "https://www.linkedin.com/showcase/whartonfinance/", "industry": "Higher Education", "location": null}, {"name": "Wharton Interactive", "link": "https://www.linkedin.com/company/wharton-interactive/", "industry": "E-Learning Providers", "location": null}, {"name": "The ESG Initiative at the Wharton School", "link": "https://www.linkedin.com/showcase/wharton-esg/", "industry": "Research Services", "location": null}, {"name": "Knowledge at Wharton", "link": "https://www.linkedin.com/company/knowledge-wharton/", "industry": "Business Content", "location": null}, {"name": "Wharton Coalition for Equity and Opportunity (CEO)", "link": "https://www.linkedin.com/showcase/wharton-ceo/", "industry": "Higher Education", "location": null}, {"name": "Wharton Global Youth Program", "link": "https://www.linkedin.com/school/wharton-global-youth/", "industry": "E-Learning Providers", "location": null}], "updates": [{"article_link": "https://www.linkedin.com/posts/the-wharton-school_thank-you-to-everyone-who-joined-us-for-the-activity-7244031295834456066-3MQ6", "image": null, "posted_on": {"day": 24, "month": 9, "year": 2024}, "text": "Thank you to everyone who joined us for the first installment of Policies that Work, a new series exploring the national policies shaping America!\n\nIn a discussion moderated by Senior Vice Dean Joao Gomes, Profs. Jeremy Siegel and Kent Smetters \u2013 Faculty Director of the Penn Wharton Budget Model \u2013 explored the intricate relationship between national debt and economic stability, growth, and the financial well-being of individuals.\n\nBy exploring how federal borrowing impacts interest rates, inflation, and future fiscal policies, you will gain a clearer understanding of what the rising debt in the U.S. means for the economy at large \u2014 and your personal finances.\n\nLearn more about the series and upcoming events: whr.tn/policiesthatwork", "total_likes": 171}, {"article_link": "https://www.linkedin.com/posts/the-wharton-school_whartonundergrad-activity-7253756865421938688-Xqlu", "image": "https://media.licdn.com/dms/image/v2/D4E10AQHNjRwD6-Qi8w/image-shrink_1280/image-shrink_1280/0/1729430402934?e=1730350800&v=beta&t=LcXnXgPw2CMzUzKsy8cNlf_IUU_CGMoonM-3oPkI25M", "posted_on": {"day": 21, "month": 10, "year": 2024}, "text": "From the Schuylkill River to the Han River. \ud83c\uddf0\ud83c\uddf7 Cosette Burrese (W'26), a #WhartonUndergrad in the Huntsman Program, traveled to Seoul, South Korea this summer as part of the University of Pennsylvania's Global Research & Internship Program.\n\nCosette shares her experience interning in Seoul's media industry and exploring the city's cultural offerings, including sampling traditional cuisine and even taking a K-Pop dance class at the famous 1Million Dance Studio: https://whr.tn/4h3rfWk\n\n\u201cStepping out of my comfort zone has been a recurring theme during my stay here,\u201d Cosette writes. \u201cWhether it's participating in a spontaneous karaoke session with colleagues or navigating the bustling streets and foreign transit system, each experience has helped me grow and adapt.\u201d", "total_likes": 182}, {"article_link": "https://www.linkedin.com/posts/the-wharton-school_whartongrad-activity-7254148693954588675-ktaZ", "image": "https://media.licdn.com/dms/image/v2/D4E10AQFUSvUd6OKYsw/image-shrink_1280/image-shrink_1280/0/1729523821309?e=1730350800&v=beta&t=aEhkkvtxxsRdnd82fhu7tBVg2VL606WNOq7t2W1PmsM", "posted_on": {"day": 22, "month": 10, "year": 2024}, "text": "The Wharton AI & Analytics Initiative\u2019s second annual Business & Generative AI Workshop brought more than 150 academics and industry researchers to our San Francisco campus last month: https://whr.tn/4hhdseD\n\nOver the course of two days, participants networked and explored innovative ideas and insights into the transformative potential of generative AI on business models, industries, and global economies.\n\nHosted by AI at Wharton Faculty Co-Directors Kartik Hosanagar and Stefano Puntoni, as well as Prof. Lynn Wu, the workshop featured keynotes from Stanford Institute for Human-Centered Artificial Intelligence (HAI) Senior Fellow Erik Brynjolfsson and Databricks CIO Naveen Zutshi as well as sessions led by a diverse range of researchers and industry experts.\n\nIt also featured a conversation between Dean Erika H. James and #WhartonGrad James Crowley (W\u201996), Accenture\u2019s Global Products Industry Practices Chair.", "total_likes": 136}, {"article_link": "https://www.linkedin.com/posts/wharton-executive-education_ai-activity-7254497572935929856-wx9Q", "image": "https://media.licdn.com/dms/image/v2/D4E22AQFrgzZ-r9G5Dg/feedshare-shrink_2048_1536/feedshare-shrink_2048_1536/0/1729607002132?e=1732752000&v=beta&t=POSy6ZZ_KlVoUMWiI7jiKIwSvawfH581OQn6phYYlE0", "posted_on": {"day": 23, "month": 10, "year": 2024}, "text": "We're excited to introduce Leading an AI-Powered Future, a groundbreaking new six-week live online program designed in collaboration with Reid Hoffman, Co-Founder of LinkedIn and thought leader in AI transformation.\n\nThis program will immerse senior executives in the immense potential of #AI to reshape business, leadership, and society. Anchored by insights from Hoffman\u2019s forthcoming book, \u2018Superagency\u2019, participants will gain the tools to:\n\n\ud83d\udca1 Embrace the opportunities AI presents\n\ud83d\udca1 Lead effectively in AI-driven environments\n\ud83d\udca1 Understand the ethical responsibilities of AI integration\n\nHoffman will personally lead the inaugural session, with subsequent weeks taught by top faculty from the Wharton AI & Analytics Initiative including Stefano Puntoni, Ethan Mollick, Lynn Wu, Nicolaj Siggelkow, and Christian Terwiesch.\n\nThis program is ideal for senior executives ready to drive AI-powered transformation within their organizations. Whether you're an AI veteran or just getting started, this program will equip you with the leadership frameworks to fully harness the future of AI.\n\n\ud83d\udd17 Learn more and apply today: https://whr.tn/3AalBB6", "total_likes": 88}, {"article_link": "https://www.linkedin.com/posts/the-wharton-school_during-the-fall-it-can-seem-like-pumpkin-activity-7253404584763703296-C8mr", "image": "https://media.licdn.com/dms/image/v2/D4E10AQExusArr5V-HA/image-shrink_1280/image-shrink_1280/0/1729346414554?e=1730350800&v=beta&t=ccRrxYJv0BCMpFfRc109rkl4ZsiGdrJBXCqu3Uqx3ls", "posted_on": {"day": 20, "month": 10, "year": 2024}, "text": "\ud83c\udf83 During the fall, it can seem like pumpkin spice is everywhere \u2013 and then suddenly, it\u2019s gone, replaced almost overnight by peppermint. That scarcity is one of the factors driving the autumnal flavor\u2019s enduring popularity, says Prof. Barbara Kahn in Retail Dive: https://whr.tn/4gYIw2L\n\nDespite its critics and fair share of online mockery, the fact that pumpkin spice-flavored and -scented products are only available for a limited time each year makes it hard for consumers to truly grow tired of it, argues Prof. Kahn.\n\nAdditionally, retailers have grown used to the cyclical nature of marketing products, making it easier to reposition seasonal offerings year after year.", "total_likes": 78}, {"article_link": "https://www.linkedin.com/posts/the-wharton-school_hiroaki-hiro-chiba-okabe-a-student-in-activity-7253088710592786433-Fl31", "image": "https://media.licdn.com/dms/image/v2/D4D10AQEBh0IhIflgHw/image-shrink_1280/image-shrink_1280/0/1729271104051?e=1730350800&v=beta&t=NSbFEB_4gyiM_zSi0PMsBi4PhaRjulhM9WmVLHh6kmk", "posted_on": {"day": 19, "month": 10, "year": 2024}, "text": "Hiroaki (Hiro) Chiba-Okabe, a student in Wharton\u2019s Master of Arts in Statistics and Data Science and a fourth-year doctoral candidate in applied mathematics and computational science in Penn Arts & Sciences, University of Pennsylvania, is exploring the intersection of law and applied math.\n\nChiba-Okabe, who previously worked in business and international law in Japan, spoke with Penn Today about his work using theoretical models to study questions about social norms, as well as his work with Prof. Weijie Su on generative AI and copyright: https://whr.tn/4eXEQwm\n\nDuring his studies, he came up with a quantitative metric and algorithm to modify the outputs of generative AI models so they\u2019re less likely to infringe copyright of existing works, an idea he got from legal theory.", "total_likes": 85}], "follower_count": 621597, "acquisitions": null, "exit_data": null, "extra": null, "funding_data": [], "categories": null, "customer_list": null}
