{"linkedin_internal_id": "11179641", "description": "The White House ", "website": "https://www.whitehouse.gov/", "industry": "Government Administration", "company_size": [1001, 5000], "company_size_on_linkedin": 2319, "hq": {"country": "US", "city": "Washington", "postal_code": "20500", "line_1": "1600 Pennsylvania Ave NW", "is_hq": true, "state": "District of Columbia"}, "company_type": "GOVERNMENT_AGENCY", "founded_year": null, "specialities": [], "locations": [{"country": "US", "city": "Washington", "postal_code": "20500", "line_1": "1600 Pennsylvania Ave NW", "is_hq": true, "state": "District of Columbia"}], "name": "The White House", "tagline": null, "universal_name_id": "the-white-house", "profile_pic_url": "https://media.licdn.com/dms/image/v2/C4E0BAQHn668IaAZlMQ/company-logo_400_400/company-logo_400_400/0/1630578263998/the_obama_white_house_logo?e=1740009600&v=beta&t=rH60VRBpedk91WtxjiRWt3HoE5Bw-U90GwOz2RG8X0I", "background_cover_image_url": "https://media.licdn.com/dms/image/v2/C4E1BAQGIU1jSyyjSAg/company-background_200/company-background_200/0/1585229855356/the_obama_white_house_cover?e=1732683600&v=beta&t=IDk8pL147Zsoe3uZxo5Rv5lxTg4nEbnHo_CQypcvAhg", "search_id": "11179641", "similar_companies": [{"name": "Executive Office of the President", "link": "https://www.linkedin.com/company/executive-office-of-the-president-/", "industry": "Government Administration", "location": null}, {"name": "U.S. House of Representatives", "link": "https://www.linkedin.com/company/u-s-house-of-representatives/", "industry": "Legislative Offices", "location": null}, {"name": "United States Senate", "link": "https://www.linkedin.com/company/ussenate/", "industry": "Legislative Offices", "location": null}, {"name": "Biden for President", "link": "https://www.linkedin.com/company/biden-2020/", "industry": "Political Organizations", "location": null}, {"name": "U.S. Department of State", "link": "https://www.linkedin.com/company/doscareers/", "industry": "International Affairs", "location": null}, {"name": "US Congress", "link": "https://www.linkedin.com/company/us-congress/", "industry": "Government Administration", "location": null}, {"name": "Harris for President", "link": "https://www.linkedin.com/company/kamala-harris-for-the-people/", "industry": "Political Organizations", "location": null}, {"name": "Democratic National Committee", "link": "https://www.linkedin.com/company/democratic-national-committee/", "industry": "Political Organizations", "location": null}, {"name": "National Security Council, The White House", "link": "https://www.linkedin.com/company/national-security-council-the-white-house/", "industry": "Government Administration", "location": null}, {"name": "United States Department of Defense", "link": "https://www.linkedin.com/company/deptofdefense/", "industry": "Armed Forces", "location": null}, {"name": "The Trump Organization", "link": "https://www.linkedin.com/company/the-trump-organization/", "industry": "Real Estate", "location": null}, {"name": "U.S. Department of Justice", "link": "https://www.linkedin.com/company/usdoj/", "industry": "Law Enforcement", "location": null}, {"name": "U.S. Department of Homeland Security", "link": "https://www.linkedin.com/company/us-department-of-homeland-security/", "industry": "Government Administration", "location": null}, {"name": "Central Intelligence Agency", "link": "https://www.linkedin.com/company/central-intelligence-agency/", "industry": "International Affairs", "location": null}, {"name": "Federal Bureau of Investigation (FBI)", "link": "https://www.linkedin.com/company/fbi/", "industry": "Law Enforcement", "location": null}, {"name": "Obama Foundation", "link": "https://www.linkedin.com/company/obama-foundation/", "industry": "Non-profit Organizations", "location": null}, {"name": "10 Downing Street", "link": "https://www.linkedin.com/company/10-downing-street/", "industry": "Government Administration", "location": null}, {"name": "White House Office of Science and Technology Policy", "link": "https://www.linkedin.com/company/white-house-ostp/", "industry": null, "location": null}, {"name": "Biden-Harris Transition Team", "link": "https://www.linkedin.com/company/biden-harris-transition-team/", "industry": "Political Organizations", "location": null}, {"name": "United Nations", "link": "https://www.linkedin.com/company/united-nations/", "industry": "International Affairs", "location": null}], "affiliated_companies": [], "updates": [{"article_link": "https://www.linkedin.com/posts/the-white-house_this-week-president-biden-and-first-lady-activity-7262911374823931907-3qEk", "image": "https://media.licdn.com/dms/image/v2/D4E22AQFdhrhnXdJpMw/feedshare-shrink_2048_1536/feedshare-shrink_2048_1536/0/1731613009525?e=1735171200&v=beta&t=14-ytkPqGOo6XxYbF4LxvyOOFbYUaNpAUrwfVSAJt8Y", "posted_on": {"day": 15, "month": 11, "year": 2024}, "text": "This week, President Biden and First Lady Jill Biden hosted the White House Classroom to Career Summit, joined by students, apprentices, K-12 leaders, community college presidents, unions, employers, and philanthropies to highlight the Administration's record progress to train and connect Americans to good-paying jobs. \n\nThis Summit took place nearly fifteen years after Dr. Biden led the first-ever White House Summit on Community Colleges as Second Lady, where she set the path forward for community colleges to be a critical part of America\u2019s economic vision for the future. \n\nToday, 34 states and Washington, D.C., now offer tuition-free community college and job training programs. And at the Summit, President Biden announced that more than $80 billion from his American Rescue Plan has now been committed toward strengthening and expanding our workforce.\n\nThe Biden-Harris Administration is working to bridge the gap between what students learn and the careers they can enter.", "total_likes": 110}, {"article_link": "https://www.linkedin.com/posts/the-white-house_we-learned-today-that-the-us-economy-grew-activity-7257510995747553282-N4qa", "image": null, "posted_on": {"day": 6, "month": 11, "year": 2024}, "text": "We learned today that the U.S. economy grew at a rate of 2.8% in the third quarter, and as CNN said this morning, the economy \"seems to have pulled off a remarkable and historic achievement.\" Since President Biden took office: \n\u00a0\n- We've had the lowest average unemployment in 50 years \n- 16 million jobs have been created \n- Inflation has fallen to 2.4% \u2014 its level right before the pandemic\n- Incomes have risen nearly $4,000, accounting for inflation \n\u00a0\nThere's more work to do, and the Biden-Harris Administration is fighting every day to lower costs on the everyday expenses like housing, groceries, health care and child care. As President Biden has said: The best way to grow the economy is from the middle out and the bottom up, not the top down.", "total_likes": 115}, {"article_link": "https://www.linkedin.com/posts/the-white-house_critics-said-that-inflation-could-only-come-activity-7258637572506054657-zxpy", "image": "https://media.licdn.com/dms/image/v2/D4E22AQHw_xsInuZUaw/feedshare-shrink_2048_1536/feedshare-shrink_2048_1536/0/1730594054809?e=1735171200&v=beta&t=kGRSWxmeaIqbKEaXwQtjQ3Pt2Wt-p3egBpwb8wHXq2A", "posted_on": {"day": 6, "month": 11, "year": 2024}, "text": "Critics said that inflation could only come down by triggering a recession.\n\nBut not only is inflation near its 2% target, but\u00a0it got there while the economy has continued to grow, with 16 million jobs created and the lowest average unemployment in 50 years. \n\nIn addition, nearly 20 million new business applications have been filed since the start of our Administration. That's nearly 20 million acts of hope and confidence in what's being called the strongest economy in the world.\n\nPresident Biden and Vice President Harris know that strong economies aren\u2019t built from the top down \u2013 they\u2019re built from the bottom up, and the middle out.", "total_likes": 234}, {"article_link": "https://www.linkedin.com/posts/the-white-house_president-biden-has-always-believed-that-activity-7238197103179501568-uemY", "image": "https://media.licdn.com/dms/image/v2/D4E22AQFaG4TLct7piA/feedshare-shrink_2048_1536/feedshare-shrink_2048_1536/0/1725720667017?e=1735171200&v=beta&t=9en3nJ7MUcLnvheb0B7vmTo6WLH17OFj3I1BUtJ605U", "posted_on": {"day": 20, "month": 9, "year": 2024}, "text": "President Biden has always believed that a job is about a lot more than a paycheck \u2013 it's about dignity and respect. He is fighting for an economy with good jobs that you can raise a family on, that you can get without leaving your hometown or without a college degree.\n \nAnd yesterday, President Biden reaffirmed this commitment by signing an Executive Order to help ensure that the government promotes good, high-quality jobs with paths to the middle class.\n \nThe Executive Order calls on federal agencies to protect the power of workers, to prioritize projects that pay wages you can raise a family on, and to strengthen equitable pipelines to good jobs.\n \nThat's in addition to record job growth, falling inflation, rising wages, and a record rate of small business openings \u2013 millions of acts of hope and confidence in the economy.\n \nAmerica is winning, thanks to the American worker.", "total_likes": 229}, {"article_link": "https://www.linkedin.com/posts/the-white-house_the-biden-harris-administration-came-to-office-activity-7243268225335988225-Bd0g", "image": "https://media.licdn.com/dms/image/v2/D4E22AQFRfDbQbEC7Mw/feedshare-shrink_2048_1536/feedshare-shrink_2048_1536/0/1726929716281?e=1735171200&v=beta&t=GqZ6B-WwiyO3B-CAbLsaaFPG86Gioc5sbhnBvS_E63w", "posted_on": {"day": 20, "month": 10, "year": 2024}, "text": "The Biden-Harris Administration came to office determined to rescue the economy from the worst economic crisis since the Great Depression and to transform the way our economy works over the long-term \u2013 spurring growth from the middle out and the bottom up, not the top down.\n\u00a0\nAs President Biden told the Economic Club of Washington, D.C., the Fed's decision this week to lower rates isn't a declaration of victory \u2013 it\u2019s a declaration of progress. It\u2019s a signal we\u2019ve entered a new phase of our economy and our recovery.\n\u00a0\nInflation has come down faster and is lower than almost any other of the world's advanced economies. And we\u2019ve taking action to lower costs for all Americans including:\n\u2022 Unleashing record energy production to lower gas prices, reaching their lowest price since the start of Putin\u2019s invasion\n\u2022 Fixing broken supply chains by bringing labor and business together, and strengthening them through investments in infrastructure and manufacturing\n\u2022 Lowering prescription drug costs for millions of Americans by beating Big Pharma and allowing Medicare to negotiate lower drug prices\n\u00a0\nNow, interest rates are falling, which is good news for consumers, businesses, and workers. It means the cost of buying a home or car will go down, it will be easier to start a new business, and so much more. This builds on an already\u00a0historic recovery, including nearly 16 million jobs created and a small business boom, with a record 19 million new business applications.\n\u00a0\nThere's still more work to do, and President Biden and Vice President Harris will continue to work to lower costs and grow our economy.", "total_likes": 181}, {"article_link": "https://www.linkedin.com/posts/the-white-house_since-before-hurricane-helene-made-landfall-activity-7250218456854278147-Tp1q", "image": null, "posted_on": {"day": 20, "month": 10, "year": 2024}, "text": "Since before Hurricane Helene made landfall, the Biden-Harris Administration has employed a whole-of-government approach in support of those in the wake of Helene, and now Hurricane Milton, with response from FEMA, the Federal Communications Commission, the Small Business Administration, the National Guard, the Army Corps of Engineers, the Department of Transportation, and more.\n \nThousands of federal personnel, including active duty troops, have been deployed across the Southeast and Appalachia, supporting actions like debris removal and helping survivors apply for financial assistance from FEMA.\n \nIn addition, the Administration and its agencies have made use of digital platforms to correct the record on the federal response, such as resources on the ground, the amount of FEMA assistance available to survivors, and FEMA's role in supporting survivors.\n \nOur Administration will continue to do whatever it takes to support those affected by Hurricanes Helene and Milton, and we will be with you every step of the way, no matter how long it takes.", "total_likes": 86}], "follower_count": 71368, "acquisitions": null, "exit_data": null, "extra": null, "funding_data": [], "categories": null, "customer_list": null}
