{"linkedin_internal_id": "5380768", "description": "The Crick is a distinctive biomedical research institute. We\u2019re committed to advancing, promoting, and sharing understanding of human health and disease. We do that by attracting talented and ambitious people from all disciplines and backgrounds and giving them the support and freedom they need to succeed.\n\nInside the Crick, you\u2019ll discover scientists working to stretch the very limits of what we know about how life works. Their research holds the key to answering fundamental questions about human health and disease. Our bold and innovative research projects bring together scientists and technicians from all disciplines in the pursuit of discovery without boundaries.\n\nWith the support of our partners, we\u2019re bridging the gap between discovery and application to help change lives for the better. And through our dynamic structure, we\u2019re able to develop the science leaders of tomorrow.\n\nThat\u2019s our bold idea, tell us yours.\n\nCover image taken at the Crick by Thomas Angus, Imperial College London.", "website": "https://www.crick.ac.uk/", "industry": "Research Services", "company_size": [1001, 5000], "company_size_on_linkedin": 1727, "hq": {"country": "GB", "city": "London", "postal_code": null, "line_1": "Midland Road", "is_hq": true, "state": "England"}, "company_type": "NON_PROFIT", "founded_year": 2011, "specialities": [""], "locations": [{"country": "GB", "city": "London", "postal_code": null, "line_1": "Midland Road", "is_hq": true, "state": "England"}], "name": "The Francis Crick Institute", "tagline": "We are a biomedical discovery institute breaking down barriers between disciplines.", "universal_name_id": "the-francis-crick-institute", "profile_pic_url": "https://s3.us-west-000.backblazeb2.com/proxycurl/company/the-francis-crick-institute/profile?X-Amz-Algorithm=AWS4-HMAC-SHA256&X-Amz-Credential=0004d7f56a0400b0000000001%2F20241120%2Fus-west-000%2Fs3%2Faws4_request&X-Amz-Date=20241120T045027Z&X-Amz-Expires=3600&X-Amz-SignedHeaders=host&X-Amz-Signature=965ecb4af942b71b3ff192a8dd9be4d0e4a83e3ecd7ac3bffc3a07d9b0a21e4a", "background_cover_image_url": "https://s3.us-west-000.backblazeb2.com/proxycurl/company/the-francis-crick-institute/cover?X-Amz-Algorithm=AWS4-HMAC-SHA256&X-Amz-Credential=0004d7f56a0400b0000000001%2F20241120%2Fus-west-000%2Fs3%2Faws4_request&X-Amz-Date=20241120T045027Z&X-Amz-Expires=3600&X-Amz-SignedHeaders=host&X-Amz-Signature=5f66e3793333f9710216d1a340be5e7487d4f6c8bbe3c7538d4fd2a8211ca242", "search_id": "5380768", "similar_companies": [{"name": "Wellcome Trust", "link": "https://uk.linkedin.com/company/wellcome-trust", "industry": "Non-profit Organizations", "location": "London, UK"}, {"name": "Wellcome Sanger Institute", "link": "https://uk.linkedin.com/company/wellcome-sanger-institute", "industry": "Research Services", "location": "Hinxton, Cambridgeshire"}, {"name": "Cancer Research UK (CRUK)", "link": "https://uk.linkedin.com/company/cancer-research-uk", "industry": "Non-profit Organizations", "location": null}, {"name": "The King's Fund", "link": "https://uk.linkedin.com/company/thekingsfund", "industry": "Think Tanks", "location": "London, LONDON"}, {"name": "MRC Laboratory of Molecular Biology (LMB)", "link": "https://uk.linkedin.com/company/mrc-laboratory-of-molecular-biology", "industry": "Research Services", "location": "Cambridge, Cambridgeshire"}, {"name": "UK Research and Innovation", "link": "https://uk.linkedin.com/company/uk-research-innovation", "industry": "Research Services", "location": "Swindon, Wiltshire"}, {"name": "The Health Foundation", "link": "https://uk.linkedin.com/company/the-health-foundation", "industry": "Non-profit Organizations", "location": "London, London"}, {"name": "AstraZeneca", "link": "https://uk.linkedin.com/company/astrazeneca", "industry": "Pharmaceutical Manufacturing", "location": "Cambridge, Cambridgeshire"}, {"name": "GSK", "link": "https://uk.linkedin.com/company/gsk", "industry": "Pharmaceutical Manufacturing", "location": "London, England"}, {"name": "NIHR (National Institute for Health and Care Research)", "link": "https://uk.linkedin.com/company/nihr-research", "industry": "Research Services", "location": null}], "affiliated_companies": [], "updates": [{"article_link": "https://www.crick.ac.uk/whats-on/the-3rd-crick-beddington-developmental-biology-symposium", "image": null, "posted_on": {"day": 19, "month": 11, "year": 2024}, "text": "Early bird registration for our upcoming #beddingtonconf has been extended to 22 November, and abstracts can be submitted until 2 December.\n\nhttps://lnkd.in/ec_K73ne", "total_likes": 7}, {"article_link": null, "image": "https://media.licdn.com/dms/image/v2/D4E22AQERN-Gpgrq69w/feedshare-shrink_800/feedshare-shrink_800/0/1731686308115?e=2147483647&v=beta&t=jqZ9YkTQDhLsVm90C3QQ2ZYqkfYy_AK_cqAse5IQmHg", "posted_on": {"day": 16, "month": 11, "year": 2024}, "text": "We were delighted to welcome sociologist Jason Arday to the Crick today, who spoke with our equality, diversity and inclusion manager Vanessa Sauls about the importance of humility, authenticity and outreach in changing the face of academia.", "total_likes": 67}, {"article_link": "https://www.crick.ac.uk/news-and-reports/annual-reviews-and-reports", "image": null, "posted_on": {"day": 15, "month": 11, "year": 2024}, "text": "In one year we\u2019ve published 578 scientific papers, had over 24,000 people attend our seminars and other scientific events, and been mentioned over 17,000 times in the media \ud83c\udf86\n\nYou can read our full \u201923-\u201924 Annual Report and past reports on our website \ud83d\udc47\n\nhttps://lnkd.in/eK8M8kFN", "total_likes": 100}, {"article_link": "https://www.crick.ac.uk/about-us/our-approach-to-science/sustainability", "image": null, "posted_on": {"day": 13, "month": 11, "year": 2024}, "text": "We\u2019ve published our first update on our path to zero net carbon by 2040 \ud83c\udf0d\n \nLast summer, we published our first sustainability strategy, laying out our plan for getting to zero net carbon. We\u2019ve still got work to do, but here are some of the things we\u2019ve achieved so far:\n \n\u26a1 Our carbon emissions have been reduced by 20% in four years\n\ud83d\udeae We\u2019ve reduced our total waste by 22%\n\ud83d\udca7 Our water use is down by 7%\n \nRead more about our plans for sustainability on our website: https://lnkd.in/e9XwDk5R", "total_likes": 22}, {"article_link": "https://www.crick.ac.uk/whats-on/exhibitions/hello-brain", "image": null, "posted_on": {"day": 13, "month": 11, "year": 2024}, "text": "Due to popular demand, our exhibition #HelloBrain has been extended and will now run until 20 June 2025 \ud83e\udd73\n\nThis means there\u2019s still plenty of time to plan ahead if you\u2019ve been thinking about visiting. \n\nYour brain will thank you \ud83e\udde0\n\nhttps://lnkd.in/ea2p3qsa", "total_likes": 88}, {"article_link": "https://www.crick.ac.uk/whats-on/crick-bioimage-analysis-symposium-2024", "image": null, "posted_on": {"day": 13, "month": 11, "year": 2024}, "text": "Register now for the Crick Bioimage Analysis Symposium \ud83e\uddeb\n\nWe\u2019ll be joined by leading experts to discuss the latest tools and techniques of image analysis and explore their future potential.\n\n#CBIAS2024\n\n\ud83d\udcc5 25-26 November\n\ud83c\udf9f\ufe0f Online and in-person tickets\n\nhttps://lnkd.in/eC-ciRZG", "total_likes": 33}, {"article_link": "https://www.crick.ac.uk/news/2024-11-06_scientists-expose-targetable-rogue-tumour-dna", "image": null, "posted_on": {"day": 13, "month": 11, "year": 2024}, "text": "A Cancer Grand Challenges project including researchers from the Crick, UCL and Genomics England has shown that rogue genetic material called ecDNA could potentially be targeted to improve responses to cancer therapies\n\nThe studies include first author Chris Bailey and chief author Charles Swanton\n\nhttps://lnkd.in/dD6CgDhp", "total_likes": 138}, {"article_link": "https://www.crick.ac.uk/news-and-reports/2024-11-05_eu98m-erc-synergy-grant-awarded-to-study-how-human-tissues-stay-healthy-as-we-age", "image": null, "posted_on": {"day": 6, "month": 11, "year": 2024}, "text": "Congratulations to Crick and Barts Cancer Institute (Queen Mary University of London) researchers Ilaria Malanchi, Francesca D. Ciccarelli and Dominique Bonnet on being awarded \u20ac9.8 million from the European Research Council (ERC) to investigate how our bodies maintain their 'status quo' over time \ud83e\udd73\n\nhttps://lnkd.in/eGMD9rCH", "total_likes": 369}, {"article_link": "https://www.crick.ac.uk/whats-on/interphace-symposium-2025", "image": null, "posted_on": {"day": 6, "month": 11, "year": 2024}, "text": "Register now for our upcoming #INTERPHACE2025 symposium, which aims to foster collaboration between experimental and theoretical/computational life sciences.\n\n\ud83d\udcc5 Monday 24 February\n\ud83d\udcc4Abstract submissions due 13 December\n\ud83c\udf9f\ufe0f Discount tickets available\n\nhttps://lnkd.in/eFiJX7ni", "total_likes": 14}, {"article_link": "https://www.crick.ac.uk/news-and-reports/2024-11-01_researchers-identify-shield-of-cells-that-protects-lung-tumours-from-treatment", "image": null, "posted_on": {"day": 6, "month": 11, "year": 2024}, "text": "A team of researchers has found that immune cells are held back from fighting lung tumours by another type of cell in the surrounding cellular neighbourhood.\n\nThe research could lay the groundwork for helping to reduce resistance to a group of cancer drugs called KRAS inhibitors.\n\nFind out more about the work by Megan Cole, Julian Downward, Febe van Maldegem and colleagues \u2935\ufe0f https://lnkd.in/e-Ghv2Kj", "total_likes": 264}], "follower_count": 109579, "acquisitions": null, "exit_data": null, "extra": null, "funding_data": [], "categories": null, "customer_list": null}
