{"linkedin_internal_id": "164197", "description": "The Kraft Heinz Company is one of the largest food and beverage companies in the world, with eight $1 billion+ brands and global sales of approximately $25 billion. We\u2019re a globally trusted producer of high-quality, great-tasting, and nutritious foods for over 150 years. While Kraft Heinz is co-headquartered in Chicago and Pittsburgh, our brands are truly global, with products produced and marketed in over 40 countries. These beloved products include condiments and sauces, cheese and dairy, meals, meats, refreshment beverages, coffee, infant and nutrition products, and numerous other grocery products in a portfolio of more than 200 legacy and emerging brands.\n\nWe spark joy around mealtime with our iconic brands, including Kraft, Oscar Mayer, Heinz, Philadelphia, Lunchables, Velveeta, Maxwell House, Capri Sun, Ore-Ida, Kool-Aid, Jell-O, Primal Kitchen, and Classico, among others. \n\nNo matter the brand, we\u2019re united under one vision: To sustainably grow by delighting more consumers globally. Bringing this vision to life is our team of 37,000+ food lovers, creative thinkers, and high performers worldwide. Together, we help provide meals to those in need through our global partnership with Rise Against Hunger. We also stand committed to responsible, sustainable practices that extend to every facet of our business, our consumers, and our communities. Every day, we\u2019re transforming the food industry with bold thinking and unprecedented results. If you share our passion \u2013 and are ready to create the future, build a legacy, and lead as a global citizen \u2013 there\u2019s only one thing to do: join our table and let\u2019s make life delicious!", "website": "http://www.careers.kraftheinz.com", "industry": "Food and Beverage Services", "company_size": [10001, null], "company_size_on_linkedin": 25104, "hq": {"country": "US", "city": "Chicago", "postal_code": "60601", "line_1": "200 E. Randolph St.", "is_hq": true, "state": "IL"}, "company_type": "PUBLIC_COMPANY", "founded_year": 2015, "specialities": ["Food, Fast Moving Consumer Packaged Goods", "CPG", "Consumer Packaged Goods"], "locations": [{"country": "US", "city": "Chicago", "postal_code": "60601", "line_1": "200 E. Randolph St.", "is_hq": true, "state": "IL"}], "name": "Kraft Heinz", "tagline": "Let's make life delicious!", "universal_name_id": "the-kraft-heinz-company", "profile_pic_url": "https://s3.us-west-000.backblazeb2.com/proxycurl/company/the-kraft-heinz-company/profile?X-Amz-Algorithm=AWS4-HMAC-SHA256&X-Amz-Credential=0004d7f56a0400b0000000001%2F20241120%2Fus-west-000%2Fs3%2Faws4_request&X-Amz-Date=20241120T051938Z&X-Amz-Expires=3600&X-Amz-SignedHeaders=host&X-Amz-Signature=8b110273fb7f6d287f0608ea2010bb6a52d293afe68a3869d7456815eb5298ac", "background_cover_image_url": "https://s3.us-west-000.backblazeb2.com/proxycurl/company/the-kraft-heinz-company/cover?X-Amz-Algorithm=AWS4-HMAC-SHA256&X-Amz-Credential=0004d7f56a0400b0000000001%2F20241120%2Fus-west-000%2Fs3%2Faws4_request&X-Amz-Date=20241120T051938Z&X-Amz-Expires=3600&X-Amz-SignedHeaders=host&X-Amz-Signature=7a8c5a08fa4eb9e07414767194fb2a0b0264fac1dbd85374b5a1a3bcc0077ab0", "search_id": "164197", "similar_companies": [{"name": "Mondel\u0113z International", "link": "https://www.linkedin.com/company/mondelezinternational/", "industry": "Food and Beverage Manufacturing", "location": null}, {"name": "Nestl\u00e9", "link": "https://www.linkedin.com/company/nestle-s-a-/", "industry": "Food and Beverage Services", "location": null}, {"name": "PepsiCo", "link": "https://www.linkedin.com/company/pepsico/", "industry": "Food and Beverage Services", "location": null}, {"name": "Unilever", "link": "https://www.linkedin.com/company/unilever/", "industry": "Manufacturing", "location": null}, {"name": "Mars", "link": "https://www.linkedin.com/company/mars/", "industry": "Manufacturing", "location": null}, {"name": "Procter & Gamble", "link": "https://www.linkedin.com/company/procter-and-gamble/", "industry": "Manufacturing", "location": null}, {"name": "Danone", "link": "https://www.linkedin.com/company/danone/", "industry": "Food and Beverage Manufacturing", "location": null}, {"name": "The Coca-Cola Company", "link": "https://www.linkedin.com/company/the-coca-cola-company/", "industry": "Food and Beverage Services", "location": null}, {"name": "Kellogg Company", "link": "https://www.linkedin.com/company/kellogg-company/", "industry": "Manufacturing", "location": null}, {"name": "L'Or\u00e9al", "link": "https://www.linkedin.com/company/lor%C3%A9al/", "industry": "Personal Care Product Manufacturing", "location": null}, {"name": "General Mills", "link": "https://www.linkedin.com/company/general-mills/", "industry": "Manufacturing", "location": null}, {"name": "Cargill", "link": "https://www.linkedin.com/company/cargill/", "industry": "Food and Beverage Manufacturing", "location": null}, {"name": "Ferrero", "link": "https://www.linkedin.com/company/ferrero/", "industry": "Manufacturing", "location": null}, {"name": "Johnson & Johnson", "link": "https://www.linkedin.com/company/johnson-&-johnson/", "industry": "Hospitals and Health Care", "location": null}, {"name": "The HEINEKEN Company", "link": "https://www.linkedin.com/company/heineken/", "industry": "Food and Beverage Services", "location": null}, {"name": "Colgate-Palmolive", "link": "https://www.linkedin.com/company/colgate-palmolive/", "industry": "Manufacturing", "location": null}, {"name": "Reckitt", "link": "https://www.linkedin.com/company/reckitt/", "industry": "Manufacturing", "location": null}, {"name": "The Hershey Company", "link": "https://www.linkedin.com/company/the-hershey-company/", "industry": "Manufacturing", "location": null}, {"name": "Henkel", "link": "https://www.linkedin.com/company/henkel/", "industry": "Manufacturing", "location": null}, {"name": "Amazon", "link": "https://www.linkedin.com/company/amazon/", "industry": "Software Development", "location": null}], "affiliated_companies": [{"name": "Heinz", "link": "https://www.linkedin.com/showcase/heinz/", "industry": null, "location": null}, {"name": "HEINZ Away From Home", "link": "https://www.linkedin.com/showcase/heinz-usa-awayfromhome/", "industry": "Food and Beverage Services", "location": null}, {"name": "PHILADELPHIA Away From Home", "link": "https://www.linkedin.com/showcase/philadelphia-usa-awayfromhome/", "industry": "Food and Beverage Services", "location": null}, {"name": "PT Heinz ABC Indonesia", "link": "https://www.linkedin.com/company/pt-heinz-abc-indonesia/", "industry": "Food and Beverage Manufacturing", "location": null}, {"name": "Wattie's (Kraft Heinz)", "link": "https://www.linkedin.com/company/heinz-wattie%27s---an-hj-heinz-company/", "industry": "Food and Beverage Services", "location": null}, {"name": "Kraft Heinz Ingredients", "link": "https://www.linkedin.com/showcase/kraft-heinz-ingredients/", "industry": "Food and Beverage Manufacturing", "location": null}], "updates": [{"article_link": "https://www.linkedin.com/posts/the-kraft-heinz-company_celebrating-our-veterans-activity-7261765883092439040-DSwD", "image": null, "posted_on": {"day": 12, "month": 11, "year": 2024}, "text": "This Veterans Day, we are taking time to celebrate, honor and thank all who have served in the\u00a0U.S.\u00a0Armed Forces\u00a0\ud83c\udf96\ufe0f\n\nMeet Carlos, a United States Army Veteran and Plant Controller at our Mason, Ohio, facility\u00a0\ud83c\uddfa\ud83c\uddf8\n\nFrom Air Defense Artillery Specialist to Kraft Heinz leader, Carlos\u2019s journey has been shaped by resilience, teamwork, and a commitment to impact. Today, he drives financial strategy and efficiency at the plant and is also a proud member of our Veterans BRG, where he\u2019s helping elevate the experience for Veterans across Kraft Heinz \ud83e\udd1d\n\nRead through to learn more about his story.\n\u00a0\n#HereAtKraftHeinz #VeteransDay #LetsMakeLifeDelicious", "total_likes": 185}, {"article_link": "https://www.linkedin.com/posts/the-kraft-heinz-company_ketchup-with-our-month-october-activity-7257768319305363458-HkcZ", "image": null, "posted_on": {"day": 7, "month": 11, "year": 2024}, "text": "This October was frightfully fun!\u00a0\ud83d\udd78\ufe0f\n\nFrom celebrating our 40th anniversary in China to honoring Hispanic Heritage Month in North America, this month was packed with moments of pride and connection.\n\nCheck out how you can help us make life delicious by visiting our careers site: https://bit.ly/4fra3se\n\n#HereAtKraftHeinz #LetsMakeLifeDelicious", "total_likes": 268}, {"article_link": "https://www.linkedin.com/posts/the-kraft-heinz-company_hereatkraftheinz-innovation-letsmakelifedelicious-activity-7254129349077921792-Lp1s", "image": null, "posted_on": {"day": 24, "month": 10, "year": 2024}, "text": "Here at Kraft Heinz, innovation is at the heart of everything we do \ud83d\udcaa\n\nWe'd love to hear from you \u2014 what innovative ideas or projects are you most proud of? Whether it was a big project or a small but impactful idea, share your story in the comments.\n\nLet's celebrate creativity and inspire each other to think outside the box \ud83c\udfa8\n\n#HereAtKraftHeinz #Innovation #LetsMakeLifeDelicious", "total_likes": 119}, {"article_link": "https://www.linkedin.com/posts/the-kraft-heinz-company_q3-2024-business-highlights-activity-7257464666845532160-Eg-K", "image": null, "posted_on": {"day": 31, "month": 10, "year": 2024}, "text": "This morning, we shared our Q3 earnings report. We\u2019re seeing growth in Global Away from Home and Emerging Markets, and we have plans in place to improve performance in North America Retail. We also continue to unlock efficiencies so we can reinvest in the business and create new value for consumers. We remain confident in our long-term strategy and optimistic about our future. See our full Q3 business results here: https://bit.ly/3Aje6I1", "total_likes": 197}, {"article_link": "https://www.linkedin.com/posts/the-kraft-heinz-company_taurinos-journey-at-kraft-heinz-activity-7252685175166308353-3eqa", "image": null, "posted_on": {"day": 24, "month": 10, "year": 2024}, "text": "Here's to Taurino, and 47 years of service! \ud83c\udfc6\n\nTaurino has been a pillar of our Escalon, CA, facility for almost five decades \u2014 from his early days as a Tomato Sorter to his current role as Production Shift Supervisor, his journey has been marked by hard work and leadership. His commitment proves that with passion and dedication, you can build a lasting legacy \ud83c\udf45\n\nIf you're interested in helping us grow the future of food, head to our careers site: https://bit.ly/3ByIfDs\n\n#HereAtKraftHeinz #LetsMakeLifeDelicious", "total_likes": 230}, {"article_link": "https://www.linkedin.com/posts/the-kraft-heinz-company_chicagomarathon-specialchildrenscharities-activity-7253054181261889536-4IjG", "image": "https://media.licdn.com/dms/image/v2/D5622AQHMSYs1HAF6CA/feedshare-shrink_2048_1536/feedshare-shrink_2048_1536/0/1729262870399?e=1734566400&v=beta&t=NekEbGvTDfiwLYBOZ98ze2qdlhZdGcDZI2isK4mprEE", "posted_on": {"day": 24, "month": 10, "year": 2024}, "text": "Our Kraft Heinz team went the extra mile at the Chicago Marathon last weekend!\n\u00a0\nWe proudly supported 300 runners on behalf of the Special Children's Charities. This was such an inspiring event, proving that with the right ingredients \u2013 teamwork, determination and passion \u2013 anything is possible! A huge thank you to all the runners and supporters who made this event a success.\n\u00a0\n#ChicagoMarathon #SpecialChildrensCharities #HereAtKraftHeinz", "total_likes": 820}], "follower_count": 1547010, "acquisitions": null, "exit_data": null, "extra": null, "funding_data": [], "categories": null, "customer_list": null}
