{"linkedin_internal_id": "31587", "description": "Washington Speakers Bureau (WSB) is the world\u2019s largest talent agency specializing in corporate speaking events. For more than 40 years, WSB has helped connect event hosts with the best keynote speakers in the world. We take pride in representing only the very best keynote & motivational speakers.\n\nOur team of seasoned speaking agents and event managers approach every event with one goal: find the perfect speaker, execute flawlessly, and make our clients shine on the day of their big event.", "website": "http://www.wsb.com", "industry": "Events Services", "company_size": [51, 200], "company_size_on_linkedin": 123, "hq": {"country": "US", "city": "Washington", "postal_code": "20036", "line_1": null, "is_hq": true, "state": "District of Columbia"}, "company_type": "PUBLIC_COMPANY", "founded_year": null, "specialities": ["Keynote Addresses", "U.S. and World Leaders", "Business Visionaries", "Economic Experts", "Great Achievers", "Media and Political Figures", "Sports Leaders", "Moderators", "Interviewers and Emcees", "Popular Political Pairings", "Motivational Speakers", "Consulting Services", "Public Speaking", "eventservices", "virtualeventplanning", "virtualeventservices"], "locations": [{"country": "US", "city": "Washington", "postal_code": "20036", "line_1": null, "is_hq": true, "state": "District of Columbia"}], "name": "Washington Speakers Bureau", "tagline": "WSB is the world\u2019s largest talent agency specializing in corporate speaking events.", "universal_name_id": "thewsbexperience", "profile_pic_url": "https://s3.us-west-000.backblazeb2.com/proxycurl/company/thewsbexperience/profile?X-Amz-Algorithm=AWS4-HMAC-SHA256&X-Amz-Credential=0004d7f56a0400b0000000001%2F20241120%2Fus-west-000%2Fs3%2Faws4_request&X-Amz-Date=20241120T045001Z&X-Amz-Expires=3600&X-Amz-SignedHeaders=host&X-Amz-Signature=b75fb8f8543e420982383441cda273845990d2c57d8ee434df6207952d212b8b", "background_cover_image_url": "https://s3.us-west-000.backblazeb2.com/proxycurl/company/thewsbexperience/cover?X-Amz-Algorithm=AWS4-HMAC-SHA256&X-Amz-Credential=0004d7f56a0400b0000000001%2F20241120%2Fus-west-000%2Fs3%2Faws4_request&X-Amz-Date=20241120T045001Z&X-Amz-Expires=3600&X-Amz-SignedHeaders=host&X-Amz-Signature=bd9de78920b9cdcbacff58c3dac3f07166b7f3b2300549bb64639061b167f21b", "search_id": "31587", "similar_companies": [{"name": "BigSpeak Speakers Bureau", "link": "https://www.linkedin.com/company/bigspeak", "industry": "Events Services", "location": "Santa Barbara, California"}, {"name": "Executive Speakers Bureau", "link": "https://www.linkedin.com/company/executive-speakers-bureau", "industry": "Events Services", "location": "Germantown, Tennessee"}, {"name": "Keppler Speakers Bureau", "link": "https://www.linkedin.com/company/keppler-speakers", "industry": "Events Services", "location": "Arlington, Virginia"}, {"name": "Premiere Speakers Bureau", "link": "https://www.linkedin.com/company/premiere-speakers-bureau", "industry": "Events Services", "location": "Franklin, Tennessee"}, {"name": "AAE Speakers Bureau", "link": "https://www.linkedin.com/company/aaespeakers", "industry": "Entertainment", "location": "Durham, North Carolina"}, {"name": "GDA Speakers", "link": "https://www.linkedin.com/company/gda-speakers", "industry": "Events Services", "location": "Dallas, TX"}, {"name": "Penguin Publishing Group", "link": "https://www.linkedin.com/company/penguin-group-usa", "industry": "Book and Periodical Publishing", "location": "New York, NY"}, {"name": "Speakers Spotlight", "link": "https://ca.linkedin.com/company/speakers-spotlight", "industry": "Events Services", "location": null}, {"name": "Leading Authorities, Inc.", "link": "https://www.linkedin.com/company/leading-authorities-inc-speakers-bureau", "industry": "Events Services", "location": "Washington, District of Columbia"}, {"name": "National Speakers Bureau", "link": "https://www.linkedin.com/company/national-speakers-bureau", "industry": "Events Services", "location": "Libertyville, IL"}], "affiliated_companies": [], "updates": [{"article_link": null, "image": "https://media.licdn.com/dms/image/v2/D4E10AQHZBwV_04zypA/image-shrink_800/image-shrink_800/0/1731157200825?e=2147483647&v=beta&t=Y6l5Uu9WWRBoWMPeduJFf8E3yCJUyqiGWLNSxKnzhPI", "posted_on": {"day": 12, "month": 11, "year": 2024}, "text": "AG1 CEO Kat Cole is a powerhouse in brand growth, resilience, and innovation with over 20 years of industry-shaping expertise. She\u2019ll empower your team to strengthen brand identity and transform challenges into opportunities for growth.\n \nWith Cole's powerful insights and real-world experiences, your organization will walk away equipped with actionable strategies for lasting success. Learn more: https://hubs.ly/Q02XBVCM0\n \n#LeadWithKatCole #BrandLeadership #BusinessGrowth", "total_likes": 212}, {"article_link": null, "image": "https://media.licdn.com/dms/image/v2/D4E10AQHzL5LJRYPQAg/image-shrink_1280/image-shrink_1280/0/1731963232093?e=2147483647&v=beta&t=M05xwPQf4hFamHIg4__HVihZqjciYtnk5GrWvPwRWqc", "posted_on": {"day": 18, "month": 11, "year": 2024}, "text": "Admiral James Stavridis, the longest-serving global combatant commander, offers visionary insights to help leaders navigate today\u2019s fast-changing world. With expertise in crisis management, innovation, cybersecurity, and more, he empowers organizations to tackle challenges, seize opportunities, and lead with confidence.\n \nDiscover how Admiral Stavridis can inspire your team: https://hubs.ly/Q02YBGQm0\n \n#Leadership #Innovation #CrisisManagement #GlobalInsights #StrategicSolutions #ExecutiveSuccess", "total_likes": 2}, {"article_link": null, "image": null, "posted_on": {"day": 16, "month": 11, "year": 2024}, "text": "https://lnkd.in/e9XxQdxn", "total_likes": 76}, {"article_link": null, "image": "https://media.licdn.com/dms/image/v2/D5622AQEa6s6fLlQ8jw/feedshare-shrink_800/feedshare-shrink_800/0/1731563656657?e=2147483647&v=beta&t=Ji0c1HAM_ncpVIDl17J17_lqkC3iDW64FVup4hVxwmc", "posted_on": {"day": 16, "month": 11, "year": 2024}, "text": "What a fun interview! Thank you Cameron Nathan Singh for allowing me to talk about my book, my leadership style, and my love for aviation. Enjoy the listen.\nNational Business Aviation Association #aviation #leadership", "total_likes": 22}, {"article_link": null, "image": "https://media.licdn.com/dms/image/v2/D5622AQEa6s6fLlQ8jw/feedshare-shrink_800/feedshare-shrink_800/0/1731563656657?e=2147483647&v=beta&t=Ji0c1HAM_ncpVIDl17J17_lqkC3iDW64FVup4hVxwmc", "posted_on": {"day": 14, "month": 11, "year": 2024}, "text": null, "total_likes": 0}, {"article_link": null, "image": "https://media.licdn.com/dms/image/v2/D4E10AQHgM2PQsVfIuA/image-shrink_1280/image-shrink_1280/0/1731709236340?e=2147483647&v=beta&t=rnTtGilqbPpT25XJUGuqD62bbbKgZygYJBe9Je2eWp4", "posted_on": {"day": 16, "month": 11, "year": 2024}, "text": "Roger Ferguson, former Vice Chairman of the Federal Reserve and former CEO of TIAA, is a forward-thinking leader who combines expertise, vision, perseverance, and empathy to address today's challenges and prepare for tomorrow's opportunities. From advancing financial well-being and retirement security to navigating inclusive capitalism, Ferguson provides actionable strategies to help organizations thrive in an ever-evolving landscape.\n \nShape a more resilient future\u2014partner with Roger Ferguson today: https://hubs.ly/Q02Yq_C10\n \n#Leadership #FinancialInsights #InclusiveCapitalism #StrategicSolutions #EmpoweredLeadership #FutureFocused\n\nPhoto: Michael Nagle/Bloomberg News", "total_likes": 3}, {"article_link": null, "image": "https://media.licdn.com/dms/image/v2/D4E05AQGxKpzHhdi7qg/videocover-high/videocover-high/0/1731697074715?e=2147483647&v=beta&t=H9cmZd5b8l_orHyQmMxZjXfxFLMTYxFTEah-QqQ79PE", "posted_on": {"day": 16, "month": 11, "year": 2024}, "text": "Can reading novels make you a better leader? Absolutely. \n\nI explain why in the video below, part of \u201cNavigating Leadership,\u201d The Carlyle Group\u2019s new limited-edition newsletter. \n\nSubscribe here: https://lnkd.in/ew5baNbn and share your thoughts with me below.", "total_likes": 340}, {"article_link": null, "image": "https://media.licdn.com/dms/image/v2/D4E10AQEz7oqP4qtFLw/image-shrink_1280/image-shrink_1280/0/1731622477457?e=2147483647&v=beta&t=IU3o8XEK651bI4F9ri-TRctZZqNNq3ONLbEwpi9o-q4", "posted_on": {"day": 15, "month": 11, "year": 2024}, "text": "Charles Evans, former President and CEO of the Federal Reserve Bank of Chicago is a leading economic researcher with a wealth of experience and insight. His deep understanding of how monetary policy shapes U.S. economic activity, inflation, and financial markets offers organizations a strategic advantage in navigating the complexities of today\u2019s economy.\n\nPrepare your organization to thrive in 2025 by leveraging Evans\u2019 expertise in economic forecasting and policy impact: https://hubs.ly/Q02YhFFy0\n\n#EconomicLeadership #FinancialExpertise #MonetaryPolicy #GlobalEconomy #StrategicInsights #EventSpeakers #LeadershipInFocus #BusinessStrategy #EconomicResilience", "total_likes": 1}, {"article_link": null, "image": "https://media.licdn.com/dms/image/v2/D4E10AQF_jxv_Ue9qfA/videocover-high/videocover-high/0/1731421812129?e=2147483647&v=beta&t=UdLDyYsxCZn33dcRWN4PR7Zag3ZYBk5PgPs5enVc9hg", "posted_on": {"day": 12, "month": 11, "year": 2024}, "text": "Coming Soon: We\u2019re excited to announce the launch of \u201cNavigating Leadership,\u201d an 8-part series of articles and videos by Admiral James Stavridis, USN (Ret), Vice Chair of Global Affairs at Carlyle. \n\nDrawing from his 37-year naval career, including his role as Supreme Allied Commander at NATO, Admiral Stavridis will be sharing key leadership insights and wisdom for today\u2019s increasingly complex and changing world. \n\nHear more from the Admiral below and follow The Carlyle Group to be notified when the first edition publishes November 15.", "total_likes": 256}, {"article_link": null, "image": "https://media.licdn.com/dms/image/v2/D4E10AQExBSagocCfqA/videocover-high/videocover-high/0/1731340966965?e=2147483647&v=beta&t=eZy0XP8jUrbmoadx46epKjdK9awHarpkqi527s4BgrI", "posted_on": {"day": 12, "month": 11, "year": 2024}, "text": "Honoring the courage, sacrifice, and dedication of the men and women who have selflessly served our nation. Today, we stand united in gratitude for their unwavering commitment to our freedom.\n \n#SaluteToService #VeteransDay #ThankYouVeterans", "total_likes": 7}], "follower_count": 9620, "acquisitions": null, "exit_data": null, "extra": null, "funding_data": [], "categories": null, "customer_list": null}
