{"linkedin_internal_id": "839504", "description": "Toyota Technological Institute at Chicago (TTIC or the Institute) is an accredited computer science institute, dedicated to basic research and graduate education in computer science.  Its mission is to achieve international impact through world-class research and education in fundamental computer science and information technology. The Institute is distinctive to the American educational scene in its unique combination of graduate education and endowed research.\n\nTTIC is located in Hyde Park on the University of Chicago campus and has a close affiliation with the University of Chicago Computer Science Department. An agreement between the University of Chicago and TTIC allows cross-listing of computer science course offerings between the two institutions, providing students from each institution the opportunity to register in the other's courses. Faculty and students enjoy full privileges of the University library system, athletic facilities and other services.", "website": "http://www.ttic.edu", "industry": "Higher Education", "company_size": [51, 200], "company_size_on_linkedin": 77, "hq": {"country": "US", "city": "Chicago", "postal_code": "60637", "line_1": "6045 S. Kenwood Avenue", "is_hq": true, "state": "IL"}, "company_type": "EDUCATIONAL", "founded_year": 2003, "specialities": ["Machine Learning", "Algorithms & Complexity", "Computer Vision & Computational Photography", "Speech Technologies", "Computational Biology", "Robotics & Artificial Intelligence"], "locations": [{"country": "US", "city": "Chicago", "postal_code": "60637", "line_1": "6045 S. Kenwood Avenue", "is_hq": true, "state": "IL"}], "name": "Toyota Technological Institute at Chicago (TTIC)", "tagline": "A PHILANTHROPICALLY ENDOWED COMPUTER SCIENCE GRADUATE INSTITUTE.", "universal_name_id": "toyota-technological-institute-at-chicago-ttic-", "profile_pic_url": "https://media.licdn.com/dms/image/v2/C4D0BAQGWXycGFw_dbw/company-logo_200_200/company-logo_200_200/0/1631335963957?e=2147483647&v=beta&t=SHNmfjUvEvFKJ9PThxs_GyUl0M7Pz4es9g0_QsdpA5Q", "background_cover_image_url": "https://media.licdn.com/dms/image/v2/C4D1BAQEOWfGouJf-VA/company-background_10000/company-background_10000/0/1583272148300?e=2147483647&v=beta&t=JihLljz2WlZNkzJmzHI5PasiWKPZG8kkpOuBnBj3vCA", "search_id": "839504", "similar_companies": [{"name": "Toyota Research Institute", "link": "https://www.linkedin.com/company/toyota-research-institute", "industry": "Research Services", "location": "Los Altos, California"}, {"name": "Waabi", "link": "https://ca.linkedin.com/company/waabi", "industry": "Truck Transportation", "location": null}, {"name": "Hewlett Packard Enterprise", "link": "https://www.linkedin.com/company/hewlett-packard-enterprise", "industry": "IT Services and IT Consulting", "location": "Houston, Texas"}, {"name": "Kotoba Technologies, Inc.", "link": "https://www.linkedin.com/company/kotoba-tech", "industry": "IT System Custom Software Development", "location": null}, {"name": "Stealth Startup", "link": "https://www.linkedin.com/company/stealth-startup-51", "industry": "Technology, Information and Internet", "location": "Mountain View, WY"}, {"name": "Google DeepMind", "link": "https://uk.linkedin.com/company/googledeepmind", "industry": "Research Services", "location": "London, London"}, {"name": "Google", "link": "https://www.linkedin.com/company/google", "industry": "Software Development", "location": "Mountain View, CA"}, {"name": "Center for AI Safety", "link": "https://www.linkedin.com/company/center-for-ai-safety", "industry": "Research Services", "location": null}, {"name": "Cinchy", "link": "https://ca.linkedin.com/company/cinchy", "industry": "Data Infrastructure and Analytics", "location": "Toronto, Ontario"}, {"name": "Vector Institute", "link": "https://ca.linkedin.com/company/vector-institute", "industry": "Research Services", "location": "Toronto, Ontario"}], "affiliated_companies": [], "updates": [{"article_link": null, "image": "https://media.licdn.com/dms/image/v2/D5622AQHmJPu-V7XONQ/feedshare-shrink_2048_1536/feedshare-shrink_2048_1536/0/1731698130984?e=2147483647&v=beta&t=jqcRRY_zihrj8MFIlY8dfhLL3JrKNRCjlgrsEV7KAg0", "posted_on": {"day": 16, "month": 11, "year": 2024}, "text": "Join us on Friday, Nov. 22 for a virtual PhD Admissions Open House on Friday, November 22, at 10:30 am (CST) via Zoom. Learn more about our #PhDprogram in #computerscience, meet faculty and students, and ask questions during our Q&A: https://buff.ly/3YFsTGb", "total_likes": 3}, {"article_link": null, "image": "https://media.licdn.com/dms/image/v2/D5622AQF3FuYr2UMKtA/feedshare-shrink_2048_1536/feedshare-shrink_2048_1536/0/1729623371627?e=2147483647&v=beta&t=Kp6La1uN0ipYrikCTl0R5_maZ-oqVACsPHSn5eL2f6Q", "posted_on": {"day": 23, "month": 10, "year": 2024}, "text": "Congrats to the #NobelPrize2024 winners for AI-driven breakthroughs in protein structure prediction! Learn how TTIC's Prof. Jinbo Xu's pioneering work in #deeplearning helped lay the foundation for these groundbreaking discoveries: https://buff.ly/4dUTzqX", "total_likes": 9}, {"article_link": "https://www.eventbrite.com/e/data-ethics-and-policy-conference-2024-governance-in-a-digital-world-tickets-1024931546847", "image": null, "posted_on": {"day": 20, "month": 10, "year": 2024}, "text": "TTIC is proud to co-sponsor the Data, Ethics and Policy Conference 2024! Please join us on October 25 at the Harris School of Public Policy at the University of Chicago. Register and learn more: https://buff.ly/4fbOlbz", "total_likes": 4}, {"article_link": "https://journals.plos.org/ploscompbiol/article?id=10.1371/journal.pcbi.1005324", "image": null, "posted_on": {"day": 20, "month": 10, "year": 2024}, "text": "The 2024 Nobel Prize in Chemistry was awarded for AI that predicts protein structures. In 2016, TTIC professor Jinbo Xu recognized the potential of using deep learning to attack the protein folding problem in an influential scientific article: https://lnkd.in/gNuKnbNH", "total_likes": 11}, {"article_link": null, "image": "https://media.licdn.com/dms/image/v2/D5622AQGNlMvXzgtwuA/feedshare-shrink_2048_1536/feedshare-shrink_2048_1536/0/1715013026352?e=2147483647&v=beta&t=SHvhUhwO4KfMllr-onCNAAcofDpanLNxsSB6Wl8hiVA", "posted_on": {"day": 20, "month": 5, "year": 2024}, "text": "TTIC is excited to announce Dr. Ka Yee Lee as the newest member of its Board of Trustees, beginning May 1, 2024. Dr. Lee is the David Lee Shillinglaw Distinguished Service Professor in the Department of Chemistry at the University of Chicago, and has been serving as Interim Dean of the Physical Sciences Division at the University of Chicago since February 2024. Read the full announcement: https://lnkd.in/gAkHTPns", "total_likes": 2}, {"article_link": "https://cccblog.org/2024/03/18/ccc-aaas-2024-generative-ai-in-science-promises-and-pitfalls-recap-part-one/", "image": null, "posted_on": {"day": 20, "month": 3, "year": 2024}, "text": "\ud83c\udf1f Exciting Announcement from the CCC! \ud83c\udf1f\n\nIn February, the CCC supported three groundbreaking scientific sessions at this year's prestigious AAAS Annual Conference! Throughout the week we\u2019ve been releasing insightful summaries from the first CCC-hosted panel.\n\n\ud83d\udd2c First Panel Highlight: \"Generative AI in Science: Promises and Pitfalls\" \ud83d\udd2c\n\nModerated by CCC\u2019s very own Matthew Turk, President of the Toyota Technological Institute at Chicago, this panel brought together brilliant minds to explore the application of generative models in various scientific domains.\n\n\ud83d\udca1 Key Speakers and Topics Included: \ud83d\udca1\n\nDr. Rebecca Willett, Professor of Statistics and Computer Science at the University of Chicago, delved into the indispensable role of generative models in scientific research and emphasized why off-the-shelf models fall short in this context: https://lnkd.in/eJkF_hH3\n\nDr. Markus Buehler, Professor of Engineering at MIT, illuminated the application of generative models in materials science, offering fascinating insights into this rapidly evolving field: https://lnkd.in/emm-F_X9\n\nDr. Duncan Watson-Parris, Assistant Professor at Scripps Institution of Oceanography and the Hal\u0131c\u0131o\u011flu Data Science Institute at UC San Diego, shared valuable perspectives on utilizing generative models in climate science research, paving the way for innovative solutions in understanding our planet's climate dynamics: https://lnkd.in/eG37rFrF\n\nFinally, all of the speakers answered questions during the Q&A: https://lnkd.in/en5874tq\n\nStay tuned for more captivating insights from our upcoming blog series, where we unravel the intriguing discussions from the AAAS Annual Conference! \ud83d\ude80\n\n #CCC #GenerativeAI #AAASConference #AIforResearch #ScienceInnovation #ScienceCommunity", "total_likes": 2}, {"article_link": "https://www.ttic.edu/news/", "image": null, "posted_on": {"day": 20, "month": 1, "year": 2024}, "text": "TTIC is thrilled to announce a significant philanthropic donation from distinguished computer scientists Lenore Blum and Manuel Blum, which enabled the establishment of TTIC's first two faculty-endowed chairs. Read more: https://lnkd.in/gqP2i6yP", "total_likes": 11}, {"article_link": null, "image": "https://media.licdn.com/dms/image/v2/D5610AQEv2Tl5a4E35g/image-shrink_1280/image-shrink_1280/0/1701277531935?e=2147483647&v=beta&t=3UNYaDKzkB_debb-b4ELFrn9k01V_TW74D63v55wJRQ", "posted_on": {"day": 20, "month": 12, "year": 2023}, "text": "We are hosting a virtual PhD Admissions Open House on Monday, Dec. 4 at 11:00 am CST via Zoom. Learn more about our PhD program in #computerscience from TTIC faculty and students, followed by an open Q&A. Learn more and register (required): https://buff.ly/49U3FYn", "total_likes": 6}, {"article_link": null, "image": "https://media.licdn.com/dms/image/v2/D5610AQFw3UkJoeLMZw/image-shrink_1280/image-shrink_1280/0/1701185641833?e=2147483647&v=beta&t=04W50JRiieUyvFFhLPI0_lq9JAOySlOm_ts411CD_4U", "posted_on": {"day": 20, "month": 12, "year": 2023}, "text": "The Fall 2023 Junior Theorists Workshop will be held on Thursday, Nov. 30 at Northwestern University and Friday, Dec. 1 at TTIC, and will feature junior researchers in all areas of theoretical #computerscience. Learn more and register: https://buff.ly/3ThYJqz", "total_likes": 3}], "follower_count": 3278, "acquisitions": null, "exit_data": null, "extra": null, "funding_data": [], "categories": null, "customer_list": null}
