{"linkedin_internal_id": "10002306", "description": "We are a 'digital hotel company'. To borrow and extend Steve Jobs' words - we work with the mind of an engineer and the heart of a hotelier. This is best evident in our two business units - \"Treebo Club\" and \"Hotel Superhero\". \n\nTreebo Hotels is India's most loved hotel chain in the premium-budget segment. We have used technology to drive quality control at scale in the economy segment of hotel industry, which was so far unorganised and fragmented. We offer travellers a safe, clean, comfortable accommodation at affordable prices. We are rated 7.8/10 by customers, miles ahead of other players. We have 600+ hotels across 100+ cities under our brand. \n\nHotel Superhero is our brand-new, super-exciting, pure-play technology business. Over the years, we realised that the tech solutions we had built for our own use at Treebo were truly cutting edge and unparalleled in the industry. So we decided to externalise and monetise them as a SaaS business. As part of Hotel Superhero we offer an integrated, intuitive, and extremely powerful hotel management software which takes care of all technology needs of hotels. We offer central reservation system, property management system, revenue manager, channel manager, and a lot more as part of an all-in-one solution. \n\nOur target clients are anyone and everyone running a hospitality business - whether these are boutique hotels, vacation rentals, mid-sized chains, hostels, or large global chains. We have global ambitions with this business and have already developed clients outside India for this business.\n\nHotel Superhero is the business we are actively hiring tech talent for. We are a small team with big ambitions. Joining the Hotel Superhero team could be a great opportunity to get step-up opportunities to build meaty, challenging products. \n\nWe pride ourselves for building a company with a fantastic culture and highly accomplished base of current and past employees. Check out our other pages here to know more.", "website": "https://www.treebo.com", "industry": "Hospitality", "company_size": [501, 1000], "company_size_on_linkedin": 1029, "hq": {"country": "IN", "city": null, "postal_code": null, "line_1": null, "is_hq": true, "state": null}, "company_type": "PRIVATELY_HELD", "founded_year": 2015, "specialities": ["Technology", "Innovation", "Hospitality", "Travel Tech", "Brand", "Budget Hotels", "Hospitality Tech", "Distribution", "Marketing", "SaaS", "Cloud Tech"], "locations": [{"country": "IN", "city": null, "postal_code": null, "line_1": null, "is_hq": true, "state": null}, {"country": "IN", "city": "Bangalore", "postal_code": null, "line_1": "Jayanagar", "is_hq": true, "state": "Karnataka"}], "name": "Treebo Hospitality Ventures", "tagline": "Using technology to transform one of the largest and most popular sectors - travel & hospitality. Join us on the joyride", "universal_name_id": "treebohotels", "profile_pic_url": "https://s3.us-west-000.backblazeb2.com/proxycurl/company/treebohotels/profile?X-Amz-Algorithm=AWS4-HMAC-SHA256&X-Amz-Credential=0004d7f56a0400b0000000001%2F20241120%2Fus-west-000%2Fs3%2Faws4_request&X-Amz-Date=20241120T045006Z&X-Amz-Expires=3600&X-Amz-SignedHeaders=host&X-Amz-Signature=9a32c3e76e58787ed958369bfabfe82fe97b622845a34321d0443b1608ce0b67", "background_cover_image_url": null, "search_id": "10002306", "similar_companies": [{"name": "FabHotels", "link": "https://www.linkedin.com/company/fabhotels-com/", "industry": "Hospitality", "location": null}, {"name": "OYO", "link": "https://www.linkedin.com/company/oyo-rooms/", "industry": "Technology, Information and Internet", "location": null}, {"name": "MakeMyTrip", "link": "https://www.linkedin.com/company/makemytrip.com/", "industry": "Technology, Information and Internet", "location": null}, {"name": "Zostel", "link": "https://www.linkedin.com/company/zostel/", "industry": "Hospitality", "location": null}, {"name": "Stanza Living", "link": "https://www.linkedin.com/company/stanzaliving/", "industry": "Hospitality", "location": null}, {"name": "Zomato", "link": "https://www.linkedin.com/company/zomato/", "industry": "Technology, Information and Internet", "location": null}, {"name": "Zolo", "link": "https://www.linkedin.com/company/zolostays/", "industry": "Hospitality", "location": null}, {"name": "Swiggy", "link": "https://www.linkedin.com/company/swiggy-in/", "industry": "Technology, Information and Internet", "location": null}, {"name": "The Hosteller", "link": "https://www.linkedin.com/company/the-hosteller-hospitality/", "industry": "Hospitality", "location": null}, {"name": "Bloom", "link": "https://www.linkedin.com/company/bloomhotelgroup/", "industry": "Hospitality", "location": null}, {"name": "goSTOPS", "link": "https://www.linkedin.com/company/gostops/", "industry": "Hospitality", "location": null}, {"name": "TravelPlus", "link": "https://www.linkedin.com/company/travelplusapp/", "industry": "Travel Arrangements", "location": null}, {"name": "Housr", "link": "https://www.linkedin.com/company/housr-co-living/", "industry": "Hospitality", "location": null}, {"name": "StayVista", "link": "https://www.linkedin.com/company/stay-vista/", "industry": "Hospitality", "location": null}, {"name": "SaffronStays", "link": "https://www.linkedin.com/company/saffronstays/", "industry": "Hospitality", "location": null}, {"name": "Meesho", "link": "https://www.linkedin.com/company/meesho/", "industry": "Technology, Information and Internet", "location": null}, {"name": "Blinkit", "link": "https://www.linkedin.com/company/letsblinkit/", "industry": "Technology, Information and Internet", "location": null}, {"name": "Zepto", "link": "https://www.linkedin.com/company/zeptonow/", "industry": "Technology, Information and Internet", "location": null}, {"name": "Cleartrip", "link": "https://www.linkedin.com/company/cleartrip/", "industry": "Technology, Information and Internet", "location": null}, {"name": "your-space", "link": "https://www.linkedin.com/company/your-space-a-unit-of-ashimara-housing-/", "industry": "Hospitality", "location": null}], "affiliated_companies": [], "updates": [{"article_link": "https://www.linkedin.com/posts/treebohotels_b2b-treebohotels-thoughtleadershiparticle-activity-7204806856211415041-nLjQ", "image": null, "posted_on": {"day": 18, "month": 6, "year": 2024}, "text": "Ever wondered how to turn cold reach-outs into warm connections?\ud83e\udd14\n\nIn this article by Surbhi lal, learn the art of effective outreach and discover its hidden potential for the hospitality industry. \ud83c\udf10\ud83d\udcf2 \n\n#B2B #TreeboHotels #ThoughtLeadershipArticle\n\nNaman Shah", "total_likes": 14}, {"article_link": "https://www.linkedin.com/posts/treebohotels_thoughtleadership-guestsupport-treebohotels-activity-7199733378902888448-u1O5", "image": null, "posted_on": {"day": 18, "month": 6, "year": 2024}, "text": "In a world where connection is key, guest support is a linchpin of exceptional experiences. \ud83c\udf1f\n\nIn this article by Pallavee Gurung, learn how Treebo Hotels revolutionises service delivery through AI integration, 24/7 accessibility and data-driven insights. \n\nFrom WhatsApp bots to robust IVR systems, witness the transformation shaping the future of hospitality. \ud83d\ude80\n\n#ThoughtLeadership #GuestSupport #TreeboHotels\n\nAamir Naqash Steve Vandse Amarjeet Sharma Muskaan Kher", "total_likes": 24}, {"article_link": "https://www.linkedin.com/posts/treebohotels_thoughtleadership-revpar-treebohotels-activity-7194176779895394305-aJZ3", "image": null, "posted_on": {"day": 18, "month": 5, "year": 2024}, "text": "Maximise Your Hospitality Revenue Potential! \ud83d\ude80 \n\nExplore the Power of RevPAR & Channel Mix Optimisation in this article by Manish Priyadarshi.\u00a0Let him take you on a journey of actionable strategies and proven techniques to drive growth and enhance your business performance. \ud83d\udddd\ufe0f\ud83d\udcbc\n\n#ThoughtLeadership #RevPAR #TreeboHotels\n\nUday Pratap Singh Namita Walia Pranay Adyalkar", "total_likes": 29}, {"article_link": "https://www.linkedin.com/posts/treebohotels_newjoinees-treebohotels-activity-7180081392217669632-J5h0", "image": "https://media.licdn.com/dms/image/v2/D4D22AQEYO-upCt0_Vw/feedshare-shrink_2048_1536/feedshare-shrink_2048_1536/0/1711859355108?e=1734566400&v=beta&t=0pbArAh0i-Yy3xgKKIzwluL7yZnrUSaaOjn7bC-HVdI", "posted_on": {"day": 18, "month": 4, "year": 2024}, "text": "Let's extend a warm welcome to our newest joinees! \ud83c\udf89 \n\nThey all share a love for travel and bring diverse perspectives to Treebo Hotels. Here's to wishing them success and fulfillment in their journey with us! \ud83d\ude80\u2728 \n\n#NewJoinees #TreeboHotels\n\nRahul Dhowan Priti Nepali AYESHA TARGAR Bhakti Rao", "total_likes": 72}, {"article_link": "https://www.linkedin.com/posts/treebohotels_customersatisfaction-revenue-treebohotels-activity-7189586543089508355-Igv-", "image": null, "posted_on": {"day": 18, "month": 5, "year": 2024}, "text": "Ever wondered what\u2019s the magical formula that keeps businesses profitable and customers happy?\u00a0 \ud83e\udd14 \n\nExplore a range of practical strategies designed to achieve a delicate equilibrium between customer satisfaction and profitability. Click on the article by Shruthi M S and unlock the secrets behind this crucial blend. \ud83d\udcbc\ud83c\udf1f\n\n#CustomerSatisfaction #Revenue #TreeboHotels\n\nUday Pratap Singh ABHISHEK YADAV Riya Bhowal Ghosh", "total_likes": 13}, {"article_link": "https://www.linkedin.com/posts/treebohotels_treebohotels-mussoorie-offsite-activity-7178964023831388160-10Cx", "image": "https://media.licdn.com/dms/image/v2/D4D22AQEhD3dl03tBKA/feedshare-shrink_2048_1536/feedshare-shrink_2048_1536/0/1711547286643?e=1734566400&v=beta&t=hOK1-RY2W5f2TZ8i3ila79UVQ1O78mRP0tNb8NJGpeY", "posted_on": {"day": 18, "month": 4, "year": 2024}, "text": "The North Team, which consists of Treebs from Sales, Operations and Business Development of the North region, gathered for a quarterly offsite amidst the scenic backdrop of Mussoorie. Organised by Sumit Singh, Tushar Trivedi and Mayank Dhiman at Treebo Tryst The Queen of Hills on March 15th and 16th, this two-day offsite was all about celebrating the team's success during the last quarter and taking a well-deserved break.\u2728\n\nLots of fun activities were planned to help everyone get to know each other better and build stronger bonds. Wrapping up the retreat was a gala dinner, marked by an RnR event with insightful conversations about the team\u2019s performance and the company\u2019s growth strategies for the coming months. It was a fantastic way to end the event, with everyone feeling happy and connected.\ud83e\udd1d\ud83e\udd17\n\n#TreeboHotels #Mussoorie #Offsite\n\nAshish Ghai, Neeraj Kumar, Manu Goyal, Vikas Rana, Diwesh kohli, Nitish Choudhary", "total_likes": 146}], "follower_count": 172194, "acquisitions": null, "exit_data": null, "extra": null, "funding_data": [], "categories": null, "customer_list": null}
