{"linkedin_internal_id": "208844", "description": "Trinity Consulting Services (TCS) is an innovative force in the world of technology consulting, led by our dynamic Founder and CEO, Anthony J. James. We are a nexus of innovation and strategy, partnering with software and technology solution providers who aim to expand their influence and revenue in the vibrant markets of APAC (Asia Pacific) and EMEA (Europe, Middle East, and Africa). With Anthony at the helm, we offer a comprehensive suite of marketing and sales solutions that span from strategic planning to hands-on implementation and rollout.\n\nOur expertise lies in fueling growth through sales, marketing, and innovation management services, with a particular emphasis on digital solutions, media, and technology. TCS stands out for its profound understanding of cultural nuances and market dynamics across our target regions, enabling our partners to make impactful entries into new markets and drive tangible results.\n\nAt TCS, we believe in the power of blending creativity with strategy within a dynamic and adaptable framework. We assist organizations in navigating complex business challenges and leveraging technology to craft compelling solutions that resonate with diverse markets and industry verticals. Our track record spans a wide array of sectors, including Advertising, Business Travel & Leisure, Consumer Brands, Digital Media, Entertainment, FMCG, Franchising, IT, Media & Publishing, Promotions, Retail, Sports & Sponsorship, and Quick Service Restaurants (QSR).\n\nJoin us at Trinity Consulting Services, where innovation meets impact, and let's transform your business aspirations into market successes.", "website": "https://www.linkedin.com/in/ajjames/", "industry": "Advertising Services", "company_size": [2, 10], "company_size_on_linkedin": 5, "hq": {"country": "AU", "city": "Sydney", "postal_code": "2000", "line_1": "Sydney", "is_hq": true, "state": "NSW"}, "company_type": "PRIVATELY_HELD", "founded_year": 2007, "specialities": ["Media", "Marketing", "Technology", "Advertising", "Innovation", "Growth Strategies", "Asia Pacific Entry", "Digital Transformation"], "locations": [{"country": "AU", "city": "Sydney", "postal_code": "2000", "line_1": "Sydney", "is_hq": true, "state": "NSW"}, {"country": "HK", "city": "Hong Kong", "postal_code": null, "line_1": "Central", "is_hq": false, "state": "1"}, {"country": "CN", "city": "Shanghai", "postal_code": null, "line_1": "SZ", "is_hq": false, "state": "1"}], "name": "Trinity Consulting Services", "tagline": "Empowering businesses to innovate, commercialize, and scale groundbreaking technology and innovation solutions globally", "universal_name_id": "trinity-consulting-services", "profile_pic_url": "https://s3.us-west-000.backblazeb2.com/proxycurl/company/trinity-consulting-services/profile?X-Amz-Algorithm=AWS4-HMAC-SHA256&X-Amz-Credential=0004d7f56a0400b0000000001%2F20241120%2Fus-west-000%2Fs3%2Faws4_request&X-Amz-Date=20241120T045006Z&X-Amz-Expires=3600&X-Amz-SignedHeaders=host&X-Amz-Signature=1e34fa2ba3eee0aba1e959c8040f7b1e8202992345d6b68a1f84b2be793fd616", "background_cover_image_url": "https://s3.us-west-000.backblazeb2.com/proxycurl/company/trinity-consulting-services/cover?X-Amz-Algorithm=AWS4-HMAC-SHA256&X-Amz-Credential=0004d7f56a0400b0000000001%2F20241120%2Fus-west-000%2Fs3%2Faws4_request&X-Amz-Date=20241120T045006Z&X-Amz-Expires=3600&X-Amz-SignedHeaders=host&X-Amz-Signature=cc1fba67fbd8821941b7347bfff3aa7009c878b9df41e34eaf6fd56d5adbb1da", "search_id": "208844", "similar_companies": [{"name": "B2Bx", "link": "https://www.linkedin.com/company/b2bxperts", "industry": "Advertising Services", "location": "Dover, Delaware"}, {"name": "DDB Asia", "link": "https://sg.linkedin.com/company/ddb-group-asia-pacific", "industry": "Advertising Services", "location": "Singapore, Singapore"}, {"name": "Sample Central", "link": "https://au.linkedin.com/company/sample-central", "industry": "Advertising Services", "location": "Sydney, NSW"}, {"name": "Creata", "link": "https://www.linkedin.com/company/creata", "industry": "Advertising Services", "location": "Oakbrook Terrace, Illinois"}, {"name": "Trinity Consulting Services (\u201cTRINITY\u201d)", "link": "https://sg.linkedin.com/company/trinity-consulting-services-%E2%80%9Ctrinity%E2%80%9D-", "industry": "IT Services and IT Consulting", "location": null}, {"name": "Trinity Consulting LLC", "link": "https://www.linkedin.com/company/trinityconsulting", "industry": "Advertising Services", "location": "Norcross, Georgia"}, {"name": "Trinity Consultants", "link": "https://www.linkedin.com/company/trinity-consultants", "industry": "Environmental Services", "location": "Dallas, Texas"}, {"name": "Deloitte", "link": "https://www.linkedin.com/company/deloitte", "industry": "Business Consulting and Services", "location": null}, {"name": "Fujitsu", "link": "https://jp.linkedin.com/company/fujitsu", "industry": "IT Services and IT Consulting", "location": null}, {"name": "IBM", "link": "https://www.linkedin.com/company/ibm", "industry": "IT Services and IT Consulting", "location": "Armonk, New York, NY"}], "affiliated_companies": [], "updates": [], "follower_count": 27727, "acquisitions": null, "exit_data": null, "extra": null, "funding_data": [], "categories": null, "customer_list": null}
