{"linkedin_internal_id": "27201446", "description": "Since its establishment on Jan. 29, 2010, U.S. Fleet Cyber Command (FCC)/Navy Space Command (NAVSPACE)/U.S. TENTH Fleet (C10F) has grown into an operational force composed of more than 14,000 Active and Reserve Sailors and civilians, organized into 98 commands and Cyber Mission Force units around the globe. \n\nU.S. Fleet Cyber Command reports directly to the Chief of Naval Operations as an Echelon II command and is responsible for Navy information network operations, offensive and defensive cyberspace operations, space operations and signals intelligence. As such, U.S. Fleet Cyber Command serves as the Navy component command to U.S. Cyber Command, the Navy space component to U.S. Strategic Command, and the Navy\u2019s Service Cryptologic Component Commander under the National Security Agency/Central Security Service. \n\nU.S. TENTH Fleet is the operational arm of Fleet Cyber Command and executes its mission through a task force structure similar to other warfare commanders. In this role, TENTH Fleet provides operational direction through the command\u2019s Maritime Operations Center located at Fort George Meade, Md. \n\nWhat we do:\n\n\u2022\tDeliver outcomes across the information environment against our nation\u2019s adversaries.\n\u2022\tOperate and defend Navy networks and information systems.\n\u2022\tSupport maritime superiority from the sea floor to space.\n\u2022\tStrengthen and expand partnerships to achieve mission success.\n\nFollow us on Twitter @USFLEETCYBERCOM", "website": "https://www.fcc.navy.mil", "industry": "Armed Forces", "company_size": [10001, null], "company_size_on_linkedin": 138, "hq": {"country": "US", "city": "Fort Meade", "postal_code": "20755", "line_1": "9800 Savage Road", "is_hq": true, "state": "MD"}, "company_type": "GOVERNMENT_AGENCY", "founded_year": 2010, "specialities": [], "locations": [{"country": "US", "city": "Fort Meade", "postal_code": "20755", "line_1": "9800 Savage Road", "is_hq": true, "state": "MD"}], "name": "U.S. Fleet Cyber Command / Navy Space Command / U.S. TENTH Fleet", "tagline": "Official LinkedIn page of U.S. Fleet Cyber Command / Navy Space Command / U.S. TENTH Fleet (FCC/NAVSPACE/C10F).", "universal_name_id": "u-s-fleet-cyber-command-u-s-10th-fleet", "profile_pic_url": "https://media.licdn.com/dms/image/v2/D4D0BAQGpPK57JERmpQ/company-logo_400_400/company-logo_400_400/0/1724769995081/u_s_fleet_cyber_command_u_s_10th_fleet_logo?e=1740009600&v=beta&t=ZR7UOy5sbWx3TaqzkoxfTlEpJL2EiumF4lfLTxDl_xk", "background_cover_image_url": "https://media.licdn.com/dms/image/v2/D4D3DAQHbsMCsrfQH6Q/image-scale_191_1128/image-scale_191_1128/0/1724770071391/u_s_fleet_cyber_command_u_s_10th_fleet_cover?e=1732687200&v=beta&t=Nu_pluEtRayQrbirh9SDBoG-YIUTiz8Sw9m10Gwz-ZU", "search_id": "27201446", "similar_companies": [{"name": "U.S. Cyber Command", "link": "https://www.linkedin.com/company/united-states-cyber-command/", "industry": "Computer and Network Security", "location": null}, {"name": "U.S. Army Cyber Command", "link": "https://www.linkedin.com/company/us-army-cyber-command/", "industry": "Armed Forces", "location": null}, {"name": "U.S. Marine Corps Forces Cyberspace Command (MARFORCYBER)", "link": "https://www.linkedin.com/company/marineforcescyber/", "industry": "Defense and Space Manufacturing", "location": null}, {"name": "Commander, Naval Information Forces", "link": "https://www.linkedin.com/company/commander-naval-information-forces/", "industry": "Armed Forces", "location": null}, {"name": "780th Military Intelligence Brigade (Cyber)", "link": "https://www.linkedin.com/company/780th-military-intelligence-brigade-cyber/", "industry": "Armed Forces", "location": null}, {"name": "Marine Corps Cyberspace Warfare Group", "link": "https://www.linkedin.com/company/marine-corps-cyberspace-warfare-group/", "industry": "Armed Forces", "location": null}, {"name": "Navy Cyber Defense Operations Command", "link": "https://www.linkedin.com/company/navy-cyber-defense-operations-command/", "industry": "Armed Forces", "location": null}, {"name": "Military Cyber Professionals Association", "link": "https://www.linkedin.com/company/milcyber/", "industry": "Armed Forces", "location": null}, {"name": "Office of Naval Intelligence", "link": "https://www.linkedin.com/company/office-of-naval-intelligence/", "industry": "Armed Forces", "location": null}, {"name": "US Navy", "link": "https://www.linkedin.com/company/us-navy/", "industry": "Armed Forces", "location": null}, {"name": "National Security Agency", "link": "https://www.linkedin.com/company/national-security-agency/", "industry": "Defense and Space Manufacturing", "location": null}, {"name": "DoD Cyber Crime Center (DC3)", "link": "https://www.linkedin.com/company/defense-cyber-crime-center/", "industry": "Armed Forces", "location": null}, {"name": "Assistant Secretary of the Navy for Research, Development and Acquisition", "link": "https://www.linkedin.com/company/don-rda/", "industry": "Military and International Affairs", "location": null}, {"name": "Carrier Strike Group FOUR", "link": "https://www.linkedin.com/company/csg4/", "industry": "Military and International Affairs", "location": null}, {"name": "FBI Cyber Division", "link": "https://www.linkedin.com/company/fbicyber/", "industry": "Law Enforcement", "location": null}, {"name": "U.S. Fleet Forces Command", "link": "https://www.linkedin.com/company/usfleetforcescommand/", "industry": "Armed Forces", "location": null}, {"name": "Office of the Director of National Intelligence", "link": "https://www.linkedin.com/company/odni/", "industry": "Government Administration", "location": null}, {"name": "Cybersecurity and Infrastructure Security Agency", "link": "https://www.linkedin.com/company/cisagov/", "industry": "Government Administration", "location": null}, {"name": "Joint Force Headquarters - Department of Defense Information Network (JFHQ-DODIN)", "link": "https://www.linkedin.com/company/jfhq-dodin/", "industry": "Computer and Network Security", "location": null}, {"name": "U.S. Space Command", "link": "https://www.linkedin.com/company/usspacecom/", "industry": "Armed Forces", "location": null}], "affiliated_companies": [], "updates": [{"article_link": "https://www.linkedin.com/posts/u-s-fleet-cyber-command-u-s-10th-fleet_fortmeade-fcc-hiring-activity-7262857231577108480-ivLh", "image": null, "posted_on": {"day": 15, "month": 11, "year": 2024}, "text": "\ud83c\udf1f Join Our Team: Administrative Specialist Wanted! \ud83c\udf1f\n\nWe are excited to announce a new opportunity to join our team as an Administrative Specialist (GG-0301-12) at Fort Meade, MD! This key position will provide vital support to the Defense Intelligence Senior Executive Service (DISES) Tier II leadership at U.S. Fleet Cyber Command/U.S. Navy Cryptologic Office.\n\nWhat You\u2019ll Do:\n\u25fc\ufe0f Serve as the Executive Assistant to the Director of the Navy Cryptologic Office.\n\n\u25fc\ufe0f Review, analyze, and manage all executive-level correspondence for the NCO.\n\n\u25fc\ufe0f Develop, recommend, and implement strategies, plans, and policies to ensure effective operations within the organization.\n\n\u25fc\ufe0f Provide guidance and support to NCO leadership and team in managing administrative, manpower, training, and logistical resources.\nManage the capture, documentation, and submission of mission-essential materials to the Service Cryptologic Component (SCC) knowledge base.\n\nWhy This Role Matters:\n\u25fc\ufe0f Contribute directly to national security efforts and impactful projects.\n\u25fc\ufe0f Collaborate with a dynamic and forward-thinking team.\n\u25fc\ufe0f Play a critical role in ensuring the efficiency and success of high-level initiatives.\n\n\ud83d\uddd3\ufe0f Application Deadline: November 20, 2024\nReady to take your career to the next level? Don't miss this incredible opportunity to be part of something impactful!\n\n\ud83d\udc49 https://lnkd.in/eWZYBYYa \n\n#FortMeade #FCC/C10F #Hiring #Navy #AdministrativeSpecialist #CareerOpportunity #NationalSecurity #LeadershipSupport #JobOpening", "total_likes": 5}, {"article_link": "https://www.linkedin.com/posts/us-navy_veteransday-thankyouveterans-usnavy-activity-7261709297334513664-xUmq", "image": "https://media.licdn.com/dms/image/v2/D4E10AQHEgpRKVKqFtQ/image-shrink_1280/image-shrink_1280/0/1731326411252?e=1732687200&v=beta&t=Alo9bezFEmW-We3bpYecQysf4b6novxfi52uHw-cLNk", "posted_on": {"day": 13, "month": 11, "year": 2024}, "text": "Happy Veterans Day! \n\nToday, we honor all who have served and continue to serve across the globe. To our veterans, thank you for your sacrifice, your courage, and your commitment to protecting our freedom. We stand together, today and every day, in gratitude and respect. \n\n#VeteransDay #ThankYouVeterans #USNavy #HonorAndService", "total_likes": 6276}, {"article_link": "https://www.linkedin.com/posts/u-s-fleet-cyber-command-u-s-10th-fleet_fleetcybercommand-fcc-navyspace-activity-7254587506787024896-u_gp", "image": "https://media.licdn.com/dms/image/v2/D5622AQEXH58ONpbw3Q/feedshare-shrink_2048_1536/feedshare-shrink_2048_1536/0/1729628443331?e=1735171200&v=beta&t=1jBBuP2qsqFPVb4Y2EdzoC-84qgILWry4H3kMR9wTsw", "posted_on": {"day": 23, "month": 10, "year": 2024}, "text": "Interested in cyber, intel and IT careers in Honolulu, HI? Send your resume to FCC_C10f_NSAH_RESUME@navy.mil.\n \nWe are currently hiring for two positions: IT Specialists (Policy & Planning) and Offensive Cyber Ops Fires Planner. Click on the images to view job descriptions.\n \n#FleetCyberCommand #FCC #NavySpace #NAVSPACE #TENTHFleet #IntelJobs #CyberJobs #STEMJobs #ITJobs", "total_likes": 68}, {"article_link": "https://www.linkedin.com/posts/u-s-fleet-cyber-command-u-s-10th-fleet_management-analyst-manpower-activity-7262447762665791488-Ubpo", "image": null, "posted_on": {"day": 14, "month": 11, "year": 2024}, "text": "\ud83c\udf1f Join Our Team: Manpower Analyst Wanted! \ud83c\udf1f\n\n Are you passionate about supporting critical missions and driving impactful change? We\u2019re looking for a talented Manpower Analyst (GG-0343-13) to join our dynamic team at Fort Meade, MD!\n\nIn this exciting role, you\u2019ll be at the heart of key assessments and studies that shape manpower strategies across the DoD, USCYBERCOM, and Navy systems. Your work will directly influence the future of cybersecurity and defense operations!\n\nWhat You\u2019ll Do:\n\ud83d\udd0d Conduct comprehensive manpower studies to identify and document essential staffing needs\n \ud83d\udcca Work closely with military and cybersecurity teams to optimize manpower across critical programs\n \ud83d\udcc8 Analyze data to improve workforce efficiency and mission readiness\n\nWhy This Role Matters:\nPlay a vital part in supporting national security efforts\nContribute to high-level projects with real-world impact\nBe part of a forward-thinking team in a collaborative environment\n\n\ud83d\uddd3\ufe0f Deadline: Apply by November 18, 2024 to seize this amazing opportunity!\nReady to take your career to the next level? Apply now and join us in making a difference!\n\nApply here \ud83d\udc49 https://lnkd.in/e2t9Ke9M\n\n#FortMeade #FCC/C10F #Hiring #Navy #Manpower #Analyst", "total_likes": 2}, {"article_link": "https://www.linkedin.com/posts/u-s-fleet-cyber-command-u-s-10th-fleet_fleetcybercommand-fcc-navycyber-activity-7258108984149032961-G8-N", "image": "https://media.licdn.com/dms/image/v2/D4E22AQHaMG7k-xt0FQ/feedshare-shrink_2048_1536/feedshare-shrink_2048_1536/0/1730468029671?e=1735171200&v=beta&t=7odRqKQEqA5UxBsxOJMn2fGGKmNYmQBHf0qF-xXKaN4", "posted_on": {"day": 6, "month": 11, "year": 2024}, "text": "November is National Native American Heritage Month, during which we observe, highlight and celebrate the rich history, cultural traditions, and contributions of the Native American community to our Nation and Navy.\n \nThis year\u2019s theme, \u201cAffirming Native Voices: Visibility-Leadership-Service,\u201d resonates deeply with the Navy\u2019s workforce values. The theme captures three key values \u2013 Visibility, Leadership, and Service \u2013 that are not only essential to the observance but also to the Navy and its mission.\n \nInterested in doing dynamic work? Interested in a meaningful career? Interested in joining our team? Check out www.usajobs.gov and use the search terms: Fleet Cyber Command and U.S. Fleet Forces Command. You can also email your resume to FCC_C10f_NSAH_RESUME@navy.mil.\n \n#FleetCyberCommand #FCC #NavyCyber #NavySpace #NAVSPACE #TENTHFleet #IntelJobs #CyberJobs #STEMJobs #NationalNativeAmericanHeritageMonth #DiversityMatters #MeaningfulCareers #BIGNavy #USNavy", "total_likes": 8}, {"article_link": "https://www.linkedin.com/posts/u-s-fleet-cyber-command-u-s-10th-fleet_hiring-activity-7244409455394656257-lruW", "image": null, "posted_on": {"day": 20, "month": 10, "year": 2024}, "text": "\u26a1 JOB ANNOUNCEMENT! \u26a1\n\nWe are currently #hiring for a GG-0301-13, INFORMATION OPERATIONS (IO) PLANNER in Fort Meade, MD. The job announcement closes on September 30, 2024. \n\nYou will serve as an INFORMATION OPERATIONS (IO) PLANNER in the Information Operation Branch, Information Related Capabilities Division - Operations Directorate of\u00a0US FLEET CYBER COMMAND.\n\nClick the link to view the full job opportunity announcement: https://lnkd.in/eSF9bmjh", "total_likes": 10}], "follower_count": 7359, "acquisitions": null, "exit_data": null, "extra": null, "funding_data": [], "categories": null, "customer_list": null}
