{"linkedin_internal_id": "2517", "description": "A wellspring of innovation, the school occupies a 1,232-acre campus near downtown Berkeley. UC Berkeley, also known as Cal, was established in 1868 as the flagship of today\u2019s 10-campus University of California.", "website": "http://berkeley.edu", "industry": "Higher Education", "company_size": [10001, null], "company_size_on_linkedin": 0, "hq": {"country": "US", "city": "Berkeley", "postal_code": "94720", "line_1": "101 Sproul Hall", "is_hq": true, "state": "CA"}, "company_type": "EDUCATIONAL", "founded_year": 1868, "specialities": ["Higher Education and University Education"], "locations": [{"country": "US", "city": "Berkeley", "postal_code": "94720", "line_1": "101 Sproul Hall", "is_hq": true, "state": "CA"}], "name": "University of California, Berkeley", "tagline": "The official account for UC Berkeley.", "universal_name_id": "uc-berkeley", "profile_pic_url": "https://s3.us-west-000.backblazeb2.com/proxycurl/company/uc-berkeley/profile?X-Amz-Algorithm=AWS4-HMAC-SHA256&X-Amz-Credential=0004d7f56a0400b0000000001%2F20241120%2Fus-west-000%2Fs3%2Faws4_request&X-Amz-Date=20241120T053046Z&X-Amz-Expires=3600&X-Amz-SignedHeaders=host&X-Amz-Signature=27b00482439376aa4ac45ab4ee55188d35d80ee0b2510f67b67879312283b97b", "background_cover_image_url": "https://s3.us-west-000.backblazeb2.com/proxycurl/company/uc-berkeley/cover?X-Amz-Algorithm=AWS4-HMAC-SHA256&X-Amz-Credential=0004d7f56a0400b0000000001%2F20241120%2Fus-west-000%2Fs3%2Faws4_request&X-Amz-Date=20241120T053046Z&X-Amz-Expires=3600&X-Amz-SignedHeaders=host&X-Amz-Signature=758b85af6928c721fde1a609d2d7184460f472e72ce5d609da15ed4c6e9cd5f4", "search_id": "2517", "similar_companies": [{"name": "International Student Conference (ISC)", "link": "https://jp.linkedin.com/company/international-student-conference-isc", "industry": "Higher Education", "location": null}, {"name": "IIT Madras BS in Data Science Programme", "link": "https://in.linkedin.com/company/iit-madras-bs-datascience-programme", "industry": "Higher Education", "location": null}, {"name": "University of Oxford, Department of Physics", "link": "https://uk.linkedin.com/company/university-of-oxford-department-of-physics", "industry": "Higher Education", "location": "Oxford, Oxfordshire"}, {"name": "Institute of European Studies, UC Berkeley", "link": "https://www.linkedin.com/company/ucbies", "industry": "Higher Education", "location": "Berkeley, California"}, {"name": "Generative AI", "link": "https://www.linkedin.com/company/genai-works", "industry": "Technology, Information and Internet", "location": null}, {"name": "Stanford Institute for Human-Centered Artificial Intelligence (HAI)", "link": "https://www.linkedin.com/company/stanfordhai", "industry": "Higher Education", "location": "Stanford, California"}, {"name": "Berkeley Lab", "link": "https://www.linkedin.com/company/lawrence-berkeley-national-laboratory", "industry": "Research Services", "location": "Berkeley, CA"}, {"name": "OpenAI", "link": "https://www.linkedin.com/company/openai", "industry": "Research Services", "location": "San Francisco, CA"}, {"name": "The Nobel Prize", "link": "https://se.linkedin.com/company/nobelprize", "industry": "Non-profit Organizations", "location": null}, {"name": "Call For Referral", "link": "https://in.linkedin.com/company/call-for-referral", "industry": "Internet Publishing", "location": "Kolkata, West Bengal"}], "affiliated_companies": [], "updates": [{"article_link": null, "image": "https://media.licdn.com/dms/image/v2/D5605AQEUIxsrcKpGGg/videocover-high/videocover-high/0/1719877015939?e=2147483647&v=beta&t=ms1OyNYWfSRQXyr_05A3wxyJ5HO7G0hQgYjKcFZduEU", "posted_on": {"day": 18, "month": 7, "year": 2024}, "text": "\"I couldn't be more excited for Berkeley's next decade and beyond. And what we will build together.\" \u2013Chancellor Rich Lyons\n\nRich Lyons has come a long way. First, he was a student, then an alum, and now UC Berkeley's 24th leader. As he assumes his new role, he reflects on the values and principles that serve as the foundation for what's to come.", "total_likes": 1957}, {"article_link": "https://inspire.berkeley.edu/o/gift-boost-humanities-honors-centers-visionary-founder/", "image": null, "posted_on": {"day": 16, "month": 11, "year": 2024}, "text": "Thanks to a generous $750,000 gift, the new Paul Alpers Memorial Fund will boost the Doreen B. Townsend Center for the Humanities' fellowship and Art of Writing programs. Pledged by Matt and Margaret Jacobson, the gift honors the founding director of UC Berkeley\u2019s renowned nexus of humanities research and events.\n\nThe Townsend Center\u2019s fellowships allow faculty and graduate students to conduct and discuss research with colleagues in other disciplines. The gift will be used to increase graduate student fellows' funding packages, restore a cut faculty fellowship, and provide much-needed funds to various programs.\n\n\u201cIt\u2019s very meaningful,\u201d said Stephen Best, the center\u2019s faculty director. \u201cFaculty don\u2019t have as much time in the day to organize symposia and other scholarly events, so this gift gives us real flexibility to provide that service, allowing for interdisciplinary collaboration.\"\n\nRead more about the new fund and the namesake: https://gobears.me/3ATHeFX", "total_likes": 117}, {"article_link": null, "image": "https://media.licdn.com/dms/image/v2/D5605AQExfH7Id6PDFg/feedshare-thumbnail_720_1280/feedshare-thumbnail_720_1280/0/1731623985260?e=2147483647&v=beta&t=O3S-wqsTUJ_wuOCW_jRdaT-t_Q2wGJQ24vFC_jcfitM", "posted_on": {"day": 15, "month": 11, "year": 2024}, "text": "Pack your coats with your caps and gowns: Winter Commencement is December 21, 2024! #CalGrad\n\nJoin us at Haas Pavilion to celebrate the next steps of these Golden Bears. Graduates, register to participate before November 20 to make sure your name is on the printed program! If you miss that date, no worries, you can still participate (your name won\u2019t be listed, though \ud83e\udd72). \n\nFor guest tickets and more information, visit commencement.berkeley.edu.", "total_likes": 103}, {"article_link": null, "image": null, "posted_on": {"day": 13, "month": 11, "year": 2024}, "text": "\u201cI know new emotions can seem unhelpful at first, but I've learned that every emotion is a good emotion.\u201d -Joy, Inside Out 2\n\nWe may have UC Berkeley psychology professor Dacher Keltner to thank for all of the new emotions in Inside Out 2. Keltner spent much of his early career cataloging and analyzing how emotions, particularly embarrassment, play out across our faces. At Pixar Animation Studios, he's been using his expertise as a scientific advisor on the Inside Out films for over a decade.\n\nWhen he first talked with Pete Docter, the director of Inside Out, he explained that there are 25 emotions that scientists like him have cataloged. Docter, in turn, explained that you can't possibly have 25 main characters in a film, yet the count is now up to nine as Riley's emotions expand in her teen years.\n\nIn this video, Keltner, who has been teaching students about human emotions at UC Berkeley for over 25 years and co-directs The Greater Good Science Center, unpacks the real science behind the Disgust microexpression scene and new characters in the films. \n\n\ud83d\udd17 Full video on our YouTube: https://lnkd.in/grWXDx6T \n\n#InsideOut #InsideOut2 #Pixar #UCBerkeley", "total_likes": 311}, {"article_link": null, "image": "https://media.licdn.com/dms/image/v2/D5610AQGqyIvw6MIMFg/ads-video-thumbnail_720_1280/ads-video-thumbnail_720_1280/0/1730830613654?e=2147483647&v=beta&t=WAJ8CsUq7_tvaSgbM42RBn1AWJiSOZN1Pe_pqyhh_s8", "posted_on": {"day": 11, "month": 11, "year": 2024}, "text": "Today's the day! Join students from across the UC system and GO VOTE! Student votes matter #UCVotes #Election2024 #VOTE \ud83d\uddf3\ufe0f\ud83c\uddfa\ud83c\uddf8\ud83d\udc99\ud83d\udc9b", "total_likes": 675}, {"article_link": "https://chemistry.berkeley.edu/news/beloved-colleague-and-prolific-scholar-alexander-alex-pines-has-passed-away", "image": null, "posted_on": {"day": 11, "month": 11, "year": 2024}, "text": "The Berkeley community mourns the passing of groundbreaking researcher and beloved teacher Alex Pines.\n\nHis legacy lives on at the Pines Magnetic Resonance Center: https://lnkd.in/gaBapAxU", "total_likes": 117}, {"article_link": "https://chemistry.berkeley.edu/news/beloved-colleague-and-prolific-scholar-alexander-alex-pines-has-passed-away", "image": null, "posted_on": {"day": 11, "month": 11, "year": 2024}, "text": null, "total_likes": 0}, {"article_link": null, "image": "https://media.licdn.com/dms/image/v2/D5605AQGKv1tK2awzcw/videocover-high/videocover-high/0/1730510583225?e=2147483647&v=beta&t=-Hz6QHKJBmioXCe6G-TnGE0bewtq0d0yEAQ4QykbpiY", "posted_on": {"day": 4, "month": 11, "year": 2024}, "text": "Basking in the glow of the memories we made at Homecoming this year \u2728\n\nWant to see more from this year's weekend of events? Check out the YouTube playlist and photo gallery at homecoming.berkeley.edu for snapshots of the weekend and recordings of lectures and Chancellor Rich Lyons' inauguration!\n\nIf we missed you this year, we hope to see you at Homecoming next year! #CalHC", "total_likes": 403}, {"article_link": null, "image": "https://media.licdn.com/dms/image/v2/D5605AQF4F5-ygC3V4g/videocover-high/videocover-high/0/1730497871025?e=2147483647&v=beta&t=IlFARQujUVWHvjzno26rqKcAohG45w8TA5gmbaShV3w", "posted_on": {"day": 4, "month": 11, "year": 2024}, "text": "Every day someone asks Hany Farid, a UC Berkeley professor in the UC Berkeley School of Information, to review images, audio and videos to determine if they are real or fake. As one of the world\u2019s leading experts on digital manipulation and misinformation, his views and verification skills are in high demand. \n\nWith elections being held around the globe this year, including the presidential election in the United States, he\u2019s been especially busy using digital forensic tools to verify or debunk political misinformation as it spreads in real time, but the rapid advances of AI have only complicated his job.\n\nWe asked Professor Farid to sit down with a handful of recent examples of political misinformation to explain how he analyzes questionable memes, social media posts and images. \n\n\ud83d\udd17 Full video also available on UC Berkeley's Youtube channel: https://lnkd.in/guDeHJ8r\n\n#UCBerkeley #AI #Deepfake", "total_likes": 249}, {"article_link": "https://chemistry.berkeley.edu/news/first-natural-enzyme-creates-azides-scratch", "image": null, "posted_on": {"day": 4, "month": 11, "year": 2024}, "text": "Can enzymes create complex molecules from \u201cscratch?\"\n\nIn a study published by Nature Chemistry, a team of UC Berkeley researchers at the College of Chemistry led by Wenjun Zhang, Ph.D., reported the discovery of the first natural enzyme capable of creating these complex molecules \u2014 azides \u2014 from simpler ones.\n\nAzide is a useful chemical group that has many applications in fields like materials science, chemistry, drug discovery, and biology. One of its key uses is in a reaction called the azide-alkyne click reaction, a widely recognized reaction that has enabled many innovations in biology.\n\nThe discovery opens up new possibilities for using biological processes to produce azides. Read more: https://lnkd.in/gW-Cw-Eq", "total_likes": 66}, {"article_link": "https://news.berkeley.edu/2024/10/30/berkeley-to-lead-innovation-hub-helping-turn-basic-research-into-innovative-businesses/", "image": null, "posted_on": {"day": 4, "month": 11, "year": 2024}, "text": "Thanks to a $15 million grant from the National Science Foundation (NSF), UC Berkeley, in conjunction with partners at other public universities, aims to bridge the \u201cvalley of death\u201d between academia and entrepreneurship. The grant will fund regional trainings and new instructors as well as program expansion and outreach through affiliates, helping broaden the hub\u2019s overall impact.\n\nUC Berkeley will serve as the lead institution for the newly organized NSF Northwest Region Innovation Corps Hub, which includes University of California, Davis, UC Irvine, University of California, San Francisco, University of California, Santa Cruz, Oregon State University, University of Alaska Fairbanks and the University of Washington. Chancellor Lyons noted that as the world\u2019s top producer of venture capital-funded startups founded by undergraduate alumni, Berkeley is perfectly poised for this role.\n\nThe ultimate goal, said Shrader, is to unlock the commercial potential of research. Across California and the Northwest, said Rhonda Shrader, the executive director and lead instructor of I-Corps at Berkeley, \u201cIt\u2019s going to bring more opportunity, security and prosperity to everyone.\u201d\n\nFor the full story, visit #BerkeleyNews: https://lnkd.in/gVsFWA2Y\n\n#UCBerkeley #Research #Innovation", "total_likes": 595}], "follower_count": 924237, "acquisitions": null, "exit_data": null, "extra": null, "funding_data": [], "categories": null, "customer_list": null}
