{"linkedin_internal_id": "4081", "description": "The University of Amsterdam is one of the largest comprehensive universities in Europe. With some 40,000 students, 6,000 staff, 3,000 PhD candidates, and an annual budget of more than 850 million euros, it is also one of Amsterdam\u2019s biggest employers. \n\nThere is an inseparable link between the university and its host city. The freedom and creativity with which Amsterdam has long been associated have worked their way into the fabric of the university. This is a place where individuality, authenticity and diversity are celebrated as sources of stimulation, inspiration and innovation. \n\nProfessional and personal development, challenges and collaboration are undertaken in a versatile and multidimensional (inter)national ecosystem with leading stakeholders. Staff at the UvA make a meaningful contribution to uncovering solutions to some of the world\u2019s most significant problems and to developing the next generation of talent.", "website": "http://www.uva.nl", "industry": "Research Services", "company_size": [1001, 5000], "company_size_on_linkedin": 10914, "hq": {"country": "NL", "city": "Amsterdam", "postal_code": "1012 WX", "line_1": "Spui 21, Amsterdam", "is_hq": true, "state": null}, "company_type": "EDUCATIONAL", "founded_year": null, "specialities": [], "locations": [{"country": "NL", "city": "Amsterdam", "postal_code": "1012 WX", "line_1": "Spui 21, Amsterdam", "is_hq": true, "state": null}, {"country": "NL", "city": "Amsterdam", "postal_code": null, "line_1": "Plantage Muidergracht 12", "is_hq": true, "state": null}, {"country": "NL", "city": "Amsterdam", "postal_code": "1018 WV", "line_1": "Nieuwe Achtergracht 166", "is_hq": true, "state": null}, {"country": "NL", "city": "Amsterdam", "postal_code": "1098 XH", "line_1": "Science Park 904", "is_hq": true, "state": null}, {"country": "NL", "city": "Amsterdam", "postal_code": "1012 VB", "line_1": "Spuistraat 134", "is_hq": true, "state": null}], "name": "University of Amsterdam", "tagline": null, "universal_name_id": "university-of-amsterdam", "profile_pic_url": "https://s3.us-west-000.backblazeb2.com/proxycurl/company/university-of-amsterdam/profile?X-Amz-Algorithm=AWS4-HMAC-SHA256&X-Amz-Credential=0004d7f56a0400b0000000001%2F20241120%2Fus-west-000%2Fs3%2Faws4_request&X-Amz-Date=20241120T051952Z&X-Amz-Expires=3600&X-Amz-SignedHeaders=host&X-Amz-Signature=a0a079693ab56e78f020a5b6f977122225d995edf2b762785bcfdf12477ea103", "background_cover_image_url": "https://s3.us-west-000.backblazeb2.com/proxycurl/company/university-of-amsterdam/cover?X-Amz-Algorithm=AWS4-HMAC-SHA256&X-Amz-Credential=0004d7f56a0400b0000000001%2F20241120%2Fus-west-000%2Fs3%2Faws4_request&X-Amz-Date=20241120T051952Z&X-Amz-Expires=3600&X-Amz-SignedHeaders=host&X-Amz-Signature=6b77b4fa9564e7ad4faf13f32427e675ee345036c7770feac6c252ee8fb32dc5", "search_id": "4081", "similar_companies": [{"name": "Amsterdams Universiteitsfonds", "link": "https://www.linkedin.com/company/amsterdams-universiteitsfonds/", "industry": "Fundraising", "location": null}, {"name": "Brookhaven National Laboratory", "link": "https://www.linkedin.com/company/brookhavenlab/", "industry": "Research Services", "location": null}, {"name": "ELLIS unit Amsterdam", "link": "https://www.linkedin.com/company/ellis-unit-amsterdam/", "industry": "Research Services", "location": null}, {"name": "ASML", "link": "https://www.linkedin.com/company/asml/", "industry": "Semiconductor Manufacturing", "location": null}, {"name": "Amsterdam Institute for Social Science Research (AISSR)", "link": "https://www.linkedin.com/company/amsterdam-institute-for-social-science-research-aissr/", "industry": "Higher Education", "location": null}, {"name": "Rijksinstituut voor Volksgezondheid en Milieu", "link": "https://www.linkedin.com/company/rivm/", "industry": "Research Services", "location": null}, {"name": "NRC", "link": "https://www.linkedin.com/company/nrc-nl/", "industry": "Newspaper Publishing", "location": null}, {"name": "Ministerie van Onderwijs, Cultuur en Wetenschap", "link": "https://www.linkedin.com/company/ministerie-van-ocw/", "industry": "Government Administration", "location": null}, {"name": "Ministerie van Justitie en Veiligheid", "link": "https://www.linkedin.com/company/ministerie-van-justitie-en-veiligheid-/", "industry": "Government Administration", "location": null}, {"name": "Ministerie van Buitenlandse Zaken", "link": "https://www.linkedin.com/company/ministeriebz/", "industry": "Government Administration", "location": null}, {"name": "Ministerie van Defensie", "link": "https://www.linkedin.com/company/ministerie-van-defensie/", "industry": "Armed Forces", "location": null}, {"name": "Opus Recruitment Solutions", "link": "https://www.linkedin.com/company/opus-recruitment-solutions/", "industry": "Staffing and Recruiting", "location": null}, {"name": "Iranian Editors Association", "link": "https://www.linkedin.com/company/iranian-editors-association/", "industry": "Writing and Editing", "location": null}, {"name": "De Schoenwerkplaats", "link": "https://www.linkedin.com/company/de-schoenwerkplaats/", "industry": "Retail Art Supplies", "location": null}, {"name": "Work From Home/ Fresher & Experience Jobs", "link": "https://www.linkedin.com/company/work-from-home-jobs-for-all/", "industry": "Human Resources Services", "location": null}, {"name": "Pro Business Advisors Ltd", "link": "https://www.linkedin.com/company/pro-business/", "industry": "IT Services and IT Consulting", "location": null}, {"name": "Energia Films & Content", "link": "https://www.linkedin.com/company/energia-films/", "industry": "Advertising Services", "location": null}, {"name": "Enga Unite", "link": "https://www.linkedin.com/company/engaunite/", "industry": "E-Learning Providers", "location": null}, {"name": "European School The Hague", "link": "https://www.linkedin.com/school/european-school-the-hague/", "industry": "Primary and Secondary Education", "location": null}, {"name": "SoFoKleS - sociaal fonds voor de kennissector", "link": "https://www.linkedin.com/company/sofokles/", "industry": "Strategic Management Services", "location": null}], "affiliated_companies": [{"name": "UvA / AUAS Library", "link": "https://www.linkedin.com/showcase/uva-auas-library/", "industry": "Research Services", "location": null}, {"name": "UvA Academy", "link": "https://www.linkedin.com/school/uva-academy/", "industry": "Higher Education", "location": null}, {"name": "University of Amsterdam - Amsterdam Business School", "link": "https://www.linkedin.com/school/university-of-amsterdam-business-school/", "industry": "Education Administration Programs", "location": null}, {"name": "Universiteit van Amsterdam - Faculteit der Rechtsgeleerdheid", "link": "https://www.linkedin.com/school/uva-fdr/", "industry": "Higher Education", "location": null}, {"name": "Amsterdams Universiteitsfonds", "link": "https://www.linkedin.com/company/amsterdams-universiteitsfonds/", "industry": "Fundraising", "location": null}], "updates": [{"article_link": "https://www.linkedin.com/posts/university-of-amsterdam_virtueel-ddr-zomerkamp-brengt-het-verleden-activity-7259533108335587329-DG31", "image": "https://media.licdn.com/dms/image/v2/D4E22AQHWGMwwmlZP-Q/feedshare-shrink_2048_1536/feedshare-shrink_2048_1536/0/1730807566689?e=1733961600&v=beta&t=0e0vI7qNZqN4iD9Up3lCup5_OJFTvJWabRmr-XY-YNY", "posted_on": {"day": 5, "month": 11, "year": 2024}, "text": "Virtueel DDR-zomerkamp brengt het verleden tot leven in de klas \ud83d\udcd6!\n\nHoe was het om te leven in de DDR? Binnenkort kunnen scholieren dat zelf ervaren in virtual reality. Met een VR-bril op wanen ze zich in een Oost-Duits vakantiekamp in 1978, waar ze dilemma\u2019s krijgen voorgeschoteld en ooggetuigen tegen het lijf lopen. De VR-omgeving Pionieren in de DDR, die is ontwikkeld door het Duitsland Instituut Amsterdam (DIA), het 4D Research Lab van de UvA en Stichting Autres Directions, wordt vandaag gelanceerd.\n\n\"Op het eerste gezicht is het een gezellig jeugdkamp, maar gaandeweg komen er barstjes in dat vrolijke beeld\", vertelt historicus en projectleider Krijn Thijs. \"In deze VR-omgeving kunnen scholieren dus zelf ervaren hoe het was om steeds te moeten uitkijken wat je zei en deed. Uit onderzoek weten we dat als leerlingen de ruimte krijgen om hun eigen beleving te volgen, hun leerbereidheid hoger is.\"\n\nLees er alles over \u27a1\ufe0f https://lnkd.in/enHRXjKT", "total_likes": 67}, {"article_link": "https://www.linkedin.com/posts/university-of-amsterdam_uva-sciencesunday-fmg-activity-7258723324870979584-BSbn", "image": "https://media.licdn.com/dms/image/v2/D4E22AQHrGTRuIlgmGA/feedshare-shrink_2048_1536/feedshare-shrink_2048_1536/0/1730584584939?e=1733961600&v=beta&t=58nkrSrTXdmgz7baanlxPQVODMukcjhwdI_4EvsR3PI", "posted_on": {"day": 3, "month": 11, "year": 2024}, "text": "\"We moeten ons afvragen of jongeren altijd therapie nodig hebben, of dat we hen beter op andere manieren kunnen ondersteunen\", zegt UvA-hoogleraar Levi van Dam.\n\n\ud83d\udca1UvA's Science Sunday \ud83d\udd0e over mentale gezondheid van jongeren.\n\nHoogleraar Veerkrachtig Opgroeien Van Dam roept op tot een nieuwe benadering van mentale problemen van jongeren.\n\n\ud83d\udcac Het gaat nu te weinig over preventie, zegt Van Dam in het FD: \"Het is en-en: sommige kinderen moeten echt naar de psycholoog, \u00e9n er is meer aandacht nodig voor de steun uit hun omgeving.\" \n\n \ud83d\udcac \"30 procent van de jeugd heeft psychische problemen.\" Maar jongeren zijn niet ongelukkiger. \"Het is niet zozeer dat er meer problemen zijn, maar huidige jongeren zijn beter in staat om hun problemen onder woorden te brengen.\"\n\nIn plaats van onmiddellijk naar de psycholoog te wijzen, zegt Van Dam, moeten we de nadruk leggen op drie aspecten van zelfzorg en verbinding:\n\n1\ufe0f\u20e3  Goed contact met jezelf: jongeren moeten leren hun eigen gevoelens en emoties te herkennen en te begrijpen.\n2\ufe0f\u20e3  Goed contact met de mensen om je heen: relaties met vrienden, familie en leeftijdsgenoten zijn cruciaal voor het ontwikkelen van weerbaarheid.\n3\ufe0f\u20e3  Het belang van gemeenschapsgevoel. Bijvoorbeeld een moment op de dansvloer van een groot festival, waarbij het gevoel ontstaat je er niet alleen voor staat.\n\nNaast de aandacht voor mentale gezondheid op scholen pleit Van Dam ook voor het aansluiten bij wat jongeren motiveert: hun vrije tijd.\n\nDaarom is Levi van Dam diverse initiatieven gestart met externe partijen, zoals:\n\n\u27a1 De mentale wasstraat op het grootste hardstyle festival Defqon1\n\u27a1 Feelee, een app waarmee jongeren inzicht krijgen in hun eigen emoties\n\u27a1 Garage2020, een landelijke innovatienetwerk om nieuwe oplossingen te bedenken voor maatschappelijke opvoed- en opgroeivraagstukken  \n\n\ud83d\udc49  Check hele lijst op de uva-site: https://lnkd.in/ebF2XQRS\n\n#uva #sciencesunday #fmg #valorisation #impact", "total_likes": 635}, {"article_link": "https://www.linkedin.com/posts/university-of-amsterdam_een-turbulenter-moment-om-als-bestuursvoorzitter-activity-7258062176018427904-oSUK", "image": "https://media.licdn.com/dms/image/v2/D4E22AQGPhLBXzydUww/feedshare-shrink_2048_1536/feedshare-shrink_2048_1536/0/1730456870206?e=1733961600&v=beta&t=1BUXRuN6ElFX-2qwTT3ZKaYxMlhaJHNhG7u_7kiFbDI", "posted_on": {"day": 1, "month": 11, "year": 2024}, "text": "Een turbulenter moment om als bestuursvoorzitter van de Universiteit van Amsterdam te beginnen is nauwelijks denkbaar. Edith Hooge trad aan in juni, vlak na de eerste pro-Palestinademonstraties en kort voor de aankondiging van de grootste onderwijsbezuinigingen van deze eeuw. \"Het heeft me alleen maar meer gemotiveerd.\"\n\nLees meer over onze voorzitter, haar eerste maanden \u00e9n hoe ze naar de toekomst kijkt in het interview met Het Parool \u27a1\ufe0f https://lnkd.in/e2mDQtqU\n\n\ud83d\udcf7: Freek van den Bergh", "total_likes": 108}, {"article_link": "https://www.linkedin.com/posts/university-of-amsterdam_what-a-wonderful-evening-with-the-uva-alumni-activity-7258147360348717056-0XQw", "image": "https://media.licdn.com/dms/image/v2/D4E22AQHydMsdbgGY5g/feedshare-shrink_2048_1536/feedshare-shrink_2048_1536/0/1730477178150?e=1733961600&v=beta&t=aK-GyTSsC-gY1YPIg8hn7-jYQE_U8k754ssNQwDHZJY", "posted_on": {"day": 2, "month": 11, "year": 2024}, "text": "What a wonderful evening with the UvA alumni and students in New York City! \n\nAfter way too long apart since COVID, alumni and students of the University of Amsterdam finally came back together at the Consulate General of the Netherlands in New York. \n\nThe evening started with a warm welcome from Consul-General Ahmed Dadou, a fellow UvA alum, who shared his inspiring journey as a first-generation student at the UvA. His story created a warm, inviting start to an evening full of connection, community, and good company.\n\nThen, our Rector Magnificus, Peter-Paul Verbeek gave an insightful talk on technology and ethics. An incredibly relevant topic right now.\n\nAfter the presentations, alumni and students (re)connected at the Dutch borrel with Beemster cheese, exchanging valuable experiences and advice with plenty of laughs. \n\nA huge thank you to Consul-General Ahmed Dadou and Jorn Poldermans for graciously hosting us at the Dutch Consulate. And, of course, a special thanks to Tessa Dikker, Chair of the UvA Alumni Chapter NYC, for your dedication to the UvA Alumni Chapter and for making this alumni event a success! Richard Koek thank you for the lovely pictures so we can look back warmly on this wonderful evening. \n\nFinally, many thanks to all the alumni and students who joined us\u2014it was such a pleasure and very inspiring to meet each of you. Let\u2019s keep building and strengthening the UvA community here in NYC and across the world!", "total_likes": 247}, {"article_link": "https://www.linkedin.com/posts/university-of-amsterdam_are-you-looking-to-stay-ahead-in-the-dynamic-activity-7259821894080643072-FfGl", "image": null, "posted_on": {"day": 6, "month": 11, "year": 2024}, "text": "Are you looking to stay ahead in the dynamic AI landscape whilst gaining a deeper understanding of AI? Join our upcoming masterclass on AI foundation models. These revolutionary models generate text, images, sound, videos and more with remarkable creativity. Discover the latest developments, explore real-world applications and delve into key algorithmic challenges and societal implications. Equip yourself with powerful tools to drive innovation in your work. Don\u2019t miss this opportunity!\n\n\ud83d\udc49 Get a better understanding of the capabilities, working on the impact of foundation models.\n\ud83d\udc49 Taught by AI expert Prof. dr. Cees Snoek, full professor in computer science at the University of Amsterdam.\n\ud83d\udc49 For further details and registration, please visit: https://lnkd.in/er6kBXK9.\n\n\ud83d\uddd3: Date masterclass: Thursday, 10 April 2025, 09.00 - 17.00\n\ud83d\udccd: Matrix 1, Science Park 301, Amsterdam", "total_likes": 10}, {"article_link": "https://www.linkedin.com/posts/university-of-amsterdam_binnenkort-gaat-meet-your-mentor-van-start-activity-7257755955440893953-N4Ep", "image": "https://media.licdn.com/dms/image/v2/D4E22AQGogW1Jonvatg/feedshare-shrink_2048_1536/feedshare-shrink_2048_1536/0/1730383860220?e=1733961600&v=beta&t=66Bypzva4OYdalV6pqkibO_Bfi4FVG55UWejAvjtids", "posted_on": {"day": 1, "month": 11, "year": 2024}, "text": "\ud83e\udd1d Binnenkort gaat Meet Your Mentor van start. Dit programma ondersteunt\u00a0Nederlandse studenten met een niet-westerse migratie achtergrond of eerstegeneratiestudenten in hun overgang naar de arbeidsmarkt. \n\nBen jij student en op zoek naar een sparringpartner in jouw ori\u00ebntatie op een baan? Of ben je een ervaren professional die wil bijdragen aan diversiteit en inclusie op de arbeidsmarkt? Ontmoet elkaar, bespreek uitdagingen en kansen en ontdek jouw kracht als professional.\n\n\u279e Meer info vind je via https://lnkd.in/eGbiHpGk", "total_likes": 42}], "follower_count": 377611, "acquisitions": null, "exit_data": null, "extra": null, "funding_data": [], "categories": null, "customer_list": null}
