{"linkedin_internal_id": "166617", "description": "Universidad Polit\u00e9cnica de Madrid (UPM) is the oldest and largest of all Technical Universities in Spain. It has more than 3,000 faculty members, around 35,000 undergraduate students, and over 8,000 graduate students.\n\nUPM is made up of 21 Technical Schools and Faculties covering Architecture, Engineering, Sport and Fashion Design disciplines. Most of its centers are located in the urban district of Madrid, in the City University of Madrid (north of Madrid), in the Montegancedo Campus (west of Madrid), and in the South Campus (southeast of Madrid), although some of them of more recent creation are spread in the outskirts.\n\nUPM graduates around 5,000 students every year, of which 20% have participated in one of the existing international mobility programs. For cultural and historical reasons, UPM has especially strong relations with European and Latin American universities and, from 2004, started a fruitful and increasing cooperation with Asian universities, especially those from China. In relation with that point, around 50 students are being exchanged annually with the leading Chinese Technical Universities.\n\nUPM has changed its educative system to be in accordance with the Higher Education European Space directives and now is providing an education based on a 4 years Bachelor level, followed by a 1 to 2 years Master level and the PhD level. At present, UPM is offering 39 Bachelor degrees, 55 Master degrees and 47 Doctoral programs.\n\nUPM has a strong commitment to Research and Innovation. Participation in competitive European and National research programs provides 40% of the sponsored research funds, and research services and contracts with the industry supply the rest.\n\nUPM ranks first among Spanish universities in the European Union R&D funding, having around 15% of the total number of the European Union funded projects such as the Framework Program, EUREKA and ESA (European Space Agency) held in Spain. In addition, UPM has created ...", "website": "http://www.upm.es/", "industry": "Higher Education", "company_size": [1001, 5000], "company_size_on_linkedin": 5558, "hq": {"country": "ES", "city": "Madrid", "postal_code": "28040", "line_1": "C/ Ramiro de Maeztu, 7", "is_hq": true, "state": "Madrid"}, "company_type": "EDUCATIONAL", "founded_year": 1971, "specialities": ["Higher Education", "Research", "Engineering", "Arquitecture", "Sports", "Fashion", "Design"], "locations": [{"country": "ES", "city": "Madrid", "postal_code": "28040", "line_1": "C/ Ramiro de Maeztu, 7", "is_hq": true, "state": "Madrid"}], "name": "Universidad Polit\u00e9cnica de Madrid", "tagline": "Ingenier\u00eda, arquitectura, moda, deporte e investigaci\u00f3n. Todo en los 17 centros que tenemos en Madrid. #somosupm", "universal_name_id": "universidad-politecnica-de-madrid", "profile_pic_url": "https://s3.us-west-000.backblazeb2.com/proxycurl/company/universidad-politecnica-de-madrid/profile?X-Amz-Algorithm=AWS4-HMAC-SHA256&X-Amz-Credential=0004d7f56a0400b0000000001%2F20241120%2Fus-west-000%2Fs3%2Faws4_request&X-Amz-Date=20241120T052015Z&X-Amz-Expires=3600&X-Amz-SignedHeaders=host&X-Amz-Signature=1cf9ac15cf8336f1cc64312189a1ba5e282cda5db4bb924c9fb3e2a9a82635ec", "background_cover_image_url": "https://s3.us-west-000.backblazeb2.com/proxycurl/company/universidad-politecnica-de-madrid/cover?X-Amz-Algorithm=AWS4-HMAC-SHA256&X-Amz-Credential=0004d7f56a0400b0000000001%2F20241120%2Fus-west-000%2Fs3%2Faws4_request&X-Amz-Date=20241120T052015Z&X-Amz-Expires=3600&X-Amz-SignedHeaders=host&X-Amz-Signature=0c98948a932ee7c8f3eefbf0fd904a451445326aaa187a3048580e19f1dd2b3e", "search_id": "166617", "similar_companies": [{"name": "ETSIME-UPM", "link": "https://www.linkedin.com/company/etsimeupm/", "industry": "Higher Education", "location": null}, {"name": "Iberia", "link": "https://www.linkedin.com/company/iberia/", "industry": "Airlines and Aviation", "location": null}, {"name": "EUCIM Business School - Escuela de Negocios", "link": "https://www.linkedin.com/company/eucim/", "industry": "Higher Education", "location": null}, {"name": "ETSII UPM", "link": "https://www.linkedin.com/company/etsii-upm/", "industry": "Higher Education", "location": null}, {"name": "ETS Ingenieros Industriales UPM", "link": "https://www.linkedin.com/company/ets-ingenieros-industriales-upm/", "industry": "Higher Education", "location": null}, {"name": "Indra", "link": "https://www.linkedin.com/company/indra/", "industry": "IT Services and IT Consulting", "location": null}, {"name": "CaminosUPM", "link": "https://www.linkedin.com/company/caminosupm/", "industry": "Higher Education", "location": null}, {"name": "Ministerio de Agricultura, Pesca y Alimentaci\u00f3n", "link": "https://www.linkedin.com/company/ministeriodeagriculturapescayalimentaci-n/", "industry": "Government Administration", "location": null}, {"name": "Google", "link": "https://www.linkedin.com/company/google/", "industry": "Software Development", "location": null}, {"name": "Comunidad de Madrid", "link": "https://www.linkedin.com/company/comunidad-de-madrid/", "industry": "Government Administration", "location": null}, {"name": "AGENCIA ESPA\u00d1OLA DE COOPERACION INTERNACIONAL PARA EL DESARROLLO - AECID", "link": "https://www.linkedin.com/company/agencia-espa-ola-de-cooperacion-internacional---aecid/", "industry": "Government Administration", "location": null}, {"name": "CSIC", "link": "https://www.linkedin.com/company/csic/", "industry": "Research", "location": null}, {"name": "Foro Econ\u00f3mico Mundial", "link": "https://www.linkedin.com/company/foro-econ%C3%B3mico-mundial/", "industry": "Non-profit Organizations", "location": null}, {"name": "SACYR", "link": "https://www.linkedin.com/company/sacyr/", "industry": "Civil Engineering", "location": null}, {"name": "Grupo Elecnor", "link": "https://www.linkedin.com/company/grupo-elecnor/", "industry": "Construction", "location": null}, {"name": "NTT DATA Europe & Latam", "link": "https://www.linkedin.com/company/ntt-data-europe-latam/", "industry": "IT Services and IT Consulting", "location": null}, {"name": "Project Management", "link": "https://www.linkedin.com/company/projectmanagementinformation/", "industry": "E-Learning Providers", "location": null}, {"name": "Deporgest Fisioterapia | Readaptaci\u00f3n | Entrenamiento", "link": "https://www.linkedin.com/company/deporgest-fisioterapia-s-l/", "industry": "Wellness and Fitness Services", "location": null}, {"name": "Energy Speaks Back", "link": "https://www.linkedin.com/company/energy-speaks-back/", "industry": "Environmental Services", "location": null}, {"name": "MSA Guatemala", "link": "https://www.linkedin.com/company/msa-guatemala/", "industry": "Construction", "location": null}], "affiliated_companies": [], "updates": [{"article_link": "https://www.linkedin.com/posts/universidad-politecnica-de-madrid_upm-fecyt-somosupm-activity-7259269922663374851-tSAi", "image": "https://media.licdn.com/dms/image/v2/D4D22AQHWAeQFw3dqCQ/feedshare-shrink_2048_1536/feedshare-shrink_2048_1536/0/1730744819397?e=1733356800&v=beta&t=jq5FLt-Rm_AASjFpiiFxkAX43bwFvYWvvDsmPuY1rQA", "posted_on": {"day": 4, "month": 11, "year": 2024}, "text": "\ud83d\ude4c\ud83c\udffc \u00a1Estamos de enhorabuena! El Archivo Digital UPM ha sido calificado con un sobresaliente por parte de la Fundaci\u00f3n Espa\u00f1ola para la Ciencia y la Tecnolog\u00eda, FECYT. \n\nEl repositorio digital de la #UPM ha obtenido 96 puntos sobre 100 en la clasificaci\u00f3n general, mientras que en los apartados de Pol\u00edticas, Metadatos e Interoperabilidad la puntuaci\u00f3n alcanza el 100% \ud83c\udfc6\n\nCon esta puntuaci\u00f3n, la #FECYT constata que nuestro archivo digital garantiza la solvencia e interoperabilidad de los repositorios de acceso abierto.\n\n\ud83d\udcf0 Puedes leer toda la informaci\u00f3n en el siguiente enlace: https://short.upm.es/sjnuy \n\n#somosUPM #nosoloingenieria #archivodigital #repositorio #accesoabierto #openaccess", "total_likes": 5}, {"article_link": "https://www.linkedin.com/posts/universidad-politecnica-de-madrid_upm-somosupm-activity-7259168764263366656-3tdL", "image": "https://media.licdn.com/dms/image/v2/D4D22AQEC-7wwhiZwrA/feedshare-shrink_2048_1536/feedshare-shrink_2048_1536/0/1730718570507?e=1733356800&v=beta&t=46M875KQumisYoaimKHyqXl4u_rndnNkw2WAIcD848c", "posted_on": {"day": 4, "month": 11, "year": 2024}, "text": "La #UPM celebra elecciones a rector/a. Tres candidatos concurren al Rectorado de esta universidad: \u00d3scar Garc\u00eda, Francisco Javier Jim\u00e9nez y Mar\u00eda Asunci\u00f3n Santamar\u00eda. La jornada de votaci\u00f3n se celebrar\u00e1 el d\u00eda 20 de noviembre.\n\n\u2139\ufe0f https://short.upm.es/wr9sv\n\n#somosUPM", "total_likes": 3}, {"article_link": "https://www.linkedin.com/posts/universidad-politecnica-de-madrid_ia-upm-somosupm-activity-7259198983200260096-9nMW", "image": "https://media.licdn.com/dms/image/v2/D4D22AQFl23q5rIdxLA/feedshare-shrink_2048_1536/feedshare-shrink_2048_1536/0/1730724196182?e=1733356800&v=beta&t=cLJ5iQM21qTanLCea0k_7aHLJdAdHCpBAVBEvnEUxUc", "posted_on": {"day": 4, "month": 11, "year": 2024}, "text": "\u00bfC\u00f3mo puede la #IA ayudar a diagnosticar enfermedades hematol\u00f3gicas? Un equipo de investigadores, entre ellos profesores de la #UPM, ha dise\u00f1ado un sistema que automatiza el conteo celular de muestras de m\u00e9dula \u00f3sea. \n\n\ud83d\udd17https://short.upm.es/560fi\n\n#somosUPM Spotlab", "total_likes": 8}, {"article_link": "https://www.linkedin.com/posts/universidad-politecnica-de-madrid_semanadelaciencia-upm-somosupm-activity-7259109104084733965-a_4M", "image": "https://media.licdn.com/dms/image/v2/D4D22AQEgFdjbIkB3mg/feedshare-shrink_2048_1536/feedshare-shrink_2048_1536/0/1730706476868?e=1733356800&v=beta&t=tpAUPduzwYkforuAYRUAPGz54ojsvc5N05yNf0hzI0Q", "posted_on": {"day": 4, "month": 11, "year": 2024}, "text": "\ud83d\udd2cArrancamos un d\u00eda cargado de ciencia. Comienza la #SemanadelaCiencia en la #UPM, que hasta el \ud83d\uddd3\ufe0f17/11 acoger\u00e1 m\u00e1s de 100 actividades, con m\u00e1s de 300 investigadores involucrados. \u00a1Te esperamos!\n\n\ud83d\udd17https://lnkd.in/diQCWDqT\n\n#somosUPM #nosoloingenieria", "total_likes": 23}, {"article_link": "https://www.linkedin.com/posts/universidad-politecnica-de-madrid_investigaciaejn-upm-somosupm-activity-7259157589979000832-N7dc", "image": "https://media.licdn.com/dms/image/v2/D4D22AQH771yA6ETYZA/feedshare-shrink_2048_1536/feedshare-shrink_2048_1536/0/1730718037333?e=1733356800&v=beta&t=kqGdEwyphrMqy_iF6XWXK8NBHi7IJX1a1tpRl5YJHo8", "posted_on": {"day": 4, "month": 11, "year": 2024}, "text": "C\u00f3mo la #investigaci\u00f3n nos ayuda en nuestro d\u00eda a d\u00eda: llega un nuevo n\u00famero del bolet\u00edn de investigaci\u00f3n de la #UPM con importantes novedades de nuestros investigadores. \u00a1No te lo pierdas!\n\n\ud83d\udd17https://short.upm.es/0e5u8\n\n#somosUPM", "total_likes": 1}, {"article_link": "https://www.linkedin.com/posts/universidad-politecnica-de-madrid_upm-airbus-somosupm-activity-7259184229698129920-n-G5", "image": "https://media.licdn.com/dms/image/v2/D4D22AQGSIwzidlG42Q/feedshare-shrink_2048_1536/feedshare-shrink_2048_1536/0/1730724387751?e=1733356800&v=beta&t=vnldkll7ODSTD7daRP9dIYlG63OnsN3s30qDXe56hO4", "posted_on": {"day": 4, "month": 11, "year": 2024}, "text": "Hoy en ETSIAE - UPM el Jefe del Estado Mayor del Ej\u00e9rcito del Aire y del Espacio y el rector de la #UPM han inaugurado la instalaci\u00f3n creada para albergar el avi\u00f3n C-101 cedido a la escuela.\n\nSe trata de un avi\u00f3n muy importante para la universidad, puesto que fue realizado por egresados de la escuela desde CASA (hoy #Airbus). \n\nDurante el evento, adem\u00e1s, se ha celebramos un homenaje en recuerdo a las v\u00edctimas y desaparecidos por las inundaciones de la DANA. Nuestros pensamientos est\u00e1n con ellos. \n\n#somosUPM #nosoloingenieria", "total_likes": 266}], "follower_count": 268664, "acquisitions": null, "exit_data": null, "extra": null, "funding_data": [], "categories": null, "customer_list": null}
