{"linkedin_internal_id": "18265228", "description": "At Village Global, early-stage capital is just the beginning. We help you go faster with $500M AUM, a vibrant founder community, expert advice, and game-changing customer intros. Chaired by Reid Hoffman and backed by Jeff Bezos, Bill Gates, and more. Come build with the best network in tech. ", "website": "http://www.villageglobal.vc", "industry": "Venture Capital and Private Equity Principals", "company_size": [11, 50], "company_size_on_linkedin": 79, "hq": {"country": "US", "city": "San Francisco", "postal_code": "94104", "line_1": null, "is_hq": true, "state": "CA"}, "company_type": "PARTNERSHIP", "founded_year": 2017, "specialities": ["Venture Capital", "Entrepreneurship", "Innovation", "Networks"], "locations": [{"country": "US", "city": "San Francisco", "postal_code": "94104", "line_1": null, "is_hq": true, "state": "CA"}], "name": "Village Global", "tagline": "Venture Capital as a Network", "universal_name_id": "villageglobal", "profile_pic_url": "https://s3.us-west-000.backblazeb2.com/proxycurl/company/villageglobal/profile?X-Amz-Algorithm=AWS4-HMAC-SHA256&X-Amz-Credential=0004d7f56a0400b0000000001%2F20241120%2Fus-west-000%2Fs3%2Faws4_request&X-Amz-Date=20241120T053124Z&X-Amz-Expires=3600&X-Amz-SignedHeaders=host&X-Amz-Signature=e05c3c8efddcb3e099e91d38ca501feec6fd056a863e6be4f2bc34b9a895f2ba", "background_cover_image_url": "https://s3.us-west-000.backblazeb2.com/proxycurl/company/villageglobal/cover?X-Amz-Algorithm=AWS4-HMAC-SHA256&X-Amz-Credential=0004d7f56a0400b0000000001%2F20241120%2Fus-west-000%2Fs3%2Faws4_request&X-Amz-Date=20241120T053124Z&X-Amz-Expires=3600&X-Amz-SignedHeaders=host&X-Amz-Signature=7564c31b9f1cbe3643825cd480bde9c113589d275743720654705edfc4a1a1a9", "search_id": "18265228", "similar_companies": [{"name": "Turpentine", "link": "https://www.linkedin.com/company/turpentinemedia/", "industry": "Online Audio and Video Media", "location": null}, {"name": "Rio", "link": "https://www.linkedin.com/company/rio-money/", "industry": "Financial Services", "location": null}, {"name": "ODF", "link": "https://www.linkedin.com/company/beondeck/", "industry": "Technology, Information and Internet", "location": null}, {"name": "Bling Capital", "link": "https://www.linkedin.com/company/bling-capital/", "industry": "Venture Capital and Private Equity Principals", "location": null}, {"name": "Greylock", "link": "https://www.linkedin.com/company/greylock-partners/", "industry": "Financial Services", "location": null}, {"name": "Sutton Capital", "link": "https://www.linkedin.com/company/suttoncapital/", "industry": "Venture Capital and Private Equity Principals", "location": null}, {"name": "Pear VC", "link": "https://www.linkedin.com/company/pear-vc/", "industry": "Venture Capital and Private Equity Principals", "location": null}, {"name": "Mighty Capital", "link": "https://www.linkedin.com/company/mighty-capital/", "industry": "Venture Capital and Private Equity Principals", "location": null}, {"name": "Quiet Capital", "link": "https://www.linkedin.com/company/quiet-capital/", "industry": "Investment Management", "location": null}, {"name": "Alumni Ventures", "link": "https://www.linkedin.com/company/alumniventures/", "industry": "Venture Capital and Private Equity Principals", "location": null}, {"name": "Better Capital", "link": "https://www.linkedin.com/company/betterinc/", "industry": "Venture Capital and Private Equity Principals", "location": null}, {"name": "TechNexus Venture Collaborative", "link": "https://www.linkedin.com/company/technexus/", "industry": "Venture Capital and Private Equity Principals", "location": null}, {"name": "Intel Capital", "link": "https://www.linkedin.com/company/intelcapital/", "industry": "Venture Capital and Private Equity Principals", "location": null}, {"name": "First Round Capital", "link": "https://www.linkedin.com/company/first-round-capital/", "industry": "Venture Capital and Private Equity Principals", "location": null}, {"name": "Precursor Ventures", "link": "https://www.linkedin.com/company/precursor-ventures/", "industry": "Venture Capital and Private Equity Principals", "location": null}, {"name": "Reviva", "link": "https://www.linkedin.com/company/revivahq/", "industry": "Software Development", "location": null}, {"name": "Bessemer Venture Partners", "link": "https://www.linkedin.com/company/bessemer-venture-partners/", "industry": "Venture Capital and Private Equity Principals", "location": null}, {"name": "Wizard Perks", "link": "https://www.linkedin.com/company/wizardperks/", "industry": "Human Resources Services", "location": null}, {"name": "Harlem Capital", "link": "https://www.linkedin.com/company/harlemcapital/", "industry": "Venture Capital and Private Equity Principals", "location": null}, {"name": "Lightspeed", "link": "https://www.linkedin.com/company/lightspeed-venture-partners/", "industry": "Venture Capital and Private Equity Principals", "location": null}], "affiliated_companies": [], "updates": [{"article_link": "https://www.linkedin.com/posts/villageglobal_applications-are-open-again-for-velocity-activity-7262508873880616961-2py6", "image": "https://media.licdn.com/dms/image/v2/D5622AQEKH5Kd-3QP5A/feedshare-shrink_2048_1536/feedshare-shrink_2048_1536/0/1731517045038?e=1735171200&v=beta&t=NvaFFBeiONgUm9aTXCB4R32nORiC0OM5MBzYMgJT22U", "posted_on": {"day": 14, "month": 11, "year": 2024}, "text": "\ud83d\udce3 Applications are open again for Velocity, our bespoke program for pre-seed founders \ud83d\udc47\n\nFounders get up to $1M, a peer cohort, and the flexibility of being fully remote. AI founders also get top-tier access to AI perks, thanks to Microsoft for Startups, OpenAI, and Anthropic. \n\nWhat do you get?\n\u2022 Capital \u2013 Up to a $1M investment from us and our close network of angels and funds\n\u2022 The Village Network \u2013 Find customers, experts, and your next investors\n\u2022 AI Credits and Resources \u2013 Up to $350k in credits from Microsoft for Startups, $10k from OpenAI, and $1.5K from Anthropic.\n\u2022 Peer Community \u2013 Join like minded founders in masterminds for accountability and peer support\n\nWho is right for Velocity?\n\u2022 Exceptional founders seeking greater Silicon Valley connectivity, whether in SF or\u00a0 elsewhere\n\u2022 Experienced operators starting a company for the first time and seek a strong community\u00a0\n\u2022 AI founders who want to learn from brilliant AI luminaries\n\u2022 Founders who want an edge when raising an epic seed round \n\nReady to build the future? Apply now. \ud83d\udca1\nhttps://lnkd.in/gzSzdwaZ", "total_likes": 38}, {"article_link": "https://www.linkedin.com/posts/villageglobal_thrilled-to-officially-announce-our-25m-activity-7257875413849255936-5WqW", "image": null, "posted_on": {"day": 6, "month": 11, "year": 2024}, "text": "We\u2019re thrilled to partner with Faizan Bhatty, an exceptional builder, perfectly suited to revitalize this often-overlooked category. The Wizard Perks team is dedicated to reimagining employee perks, ensuring that hardworking employees receive the corporate recognition they deserve.\n\nThe entire Village Global team is excited to join this journey alongside Watershed Ventures, Sequoia Capital (Scout), and Firsthand Alliance. \u2728", "total_likes": 15}, {"article_link": "https://www.linkedin.com/posts/villageglobal_demo-bionic-arm-controlled-by-your-brain-activity-7249145741783277568-fPRA", "image": null, "posted_on": {"day": 20, "month": 10, "year": 2024}, "text": "\ud83e\uddbe Villager Tyler Hayes founded Atom Limbs to build AI prosthetics for the 100M individuals living with limb differences or loss. \n\nIt's awe-inspiring that we're at the cusp of technology capable of restoring physical abilities at scale\u2014from sight to full motor control and sensation.", "total_likes": 12}, {"article_link": "https://www.linkedin.com/posts/bencasnocha_ben-casnocha-activity-7251655726740209664-x0Pg", "image": null, "posted_on": {"day": 20, "month": 10, "year": 2024}, "text": "I enjoyed chatting with my old friend Auren Hoffman \ud83d\udcda, who I've known for 22 years (we met when I was 15 yrs old). His entrepreneurial and investing track record is exemplary.\n\nOn his podcast we dove into the early stage VC landscape, the impact of AI on valuations, and how top firms evaluate (or fail to evaluate) founder quality. We also debated the relative value of networking and the 'Goldilocks Theory of Wealth.'\n\nhttps://lnkd.in/dwsH8S-A\nhttps://lnkd.in/dBEQxMDi", "total_likes": 25}, {"article_link": "https://www.linkedin.com/posts/villageglobal_congratulations-to-jerry-ting-jake-sussman-activity-7244371939635421185-ulxK", "image": "https://media.licdn.com/dms/image/v2/D5622AQF4CJhemqAh4g/feedshare-shrink_2048_1536/feedshare-shrink_2048_1536/0/1727192860413?e=1735171200&v=beta&t=UYP7Ki2hExVDEIG8Is96IaZgeBDqw3a_Q6RvklQQ99I", "posted_on": {"day": 20, "month": 10, "year": 2024}, "text": "Congratulations to Jerry Ting, Jake Sussman, Amine A., and the entire Evisort team on being acquired by Workday! Since we invested in 2018 we have watched Evisort evolve from an ambitious idea to a trusted AI-driven solution used by major companies worldwide.\n\nWhen we first met, Jerry, Jake, and Amine had a simple insight: contract review is tedious, and AI could solve it. What\u2019s remarkable isn\u2019t just their vision and resulting product, but how they\u2019ve consistently listened to customers, stayed agile, and embraced new technologies like LLMs.\n\nThis acquisition is the right step for the team and their continued growth. Workday\u2019s values align perfectly with Evisort\u2019s, and we\u2019re thrilled to see what they build together. We know the best is still ahead.\n\nCheck out the official announcement here:\u00a0https://lnkd.in/gkvb8MFk", "total_likes": 126}, {"article_link": "https://www.linkedin.com/posts/villageglobal_last-week-we-hosted-howie-liu-ceo-of-airtable-activity-7231376415126958080-XQxD", "image": "https://media.licdn.com/dms/image/v2/D5622AQETRkvjFGnE9g/feedshare-shrink_2048_1536/feedshare-shrink_2048_1536/0/1724094487086?e=1735171200&v=beta&t=upJRDjvNt8A2pW44LFENcF50RFXqcphor-kf5qMqLb8", "posted_on": {"day": 20, "month": 8, "year": 2024}, "text": "Last week we hosted Howie Liu, CEO of Airtable, and many of our Village Global founders in San Francisco. Was fantastic to learn more about Airtable's journey from zero to the incredible platform it is today.\n\nSome highlights: Airtable's evolution from PLG GTM to enterprise sales, how they do customer development conversations, the pros/cons of starting horizontal versus focusing on a niche, and the right amount of discomfort in order to push yourself.", "total_likes": 90}], "follower_count": 19344, "acquisitions": null, "exit_data": null, "extra": null, "funding_data": [], "categories": null, "customer_list": null}
