{"linkedin_internal_id": "1235", "description": "Wells Fargo & Company (NYSE: WFC) is a diversified, community-based financial services company with approximately $1.9 trillion in assets. Wells Fargo\u2019s vision is to satisfy our customers\u2019 financial needs and help them succeed financially. Founded in 1852 and headquartered in San Francisco, Wells Fargo provides banking, investment and mortgage products and services, as well as consumer and commercial finance, through more than 7,300 locations, 12,000 ATMs, the internet (wellsfargo.com) and mobile banking, and has offices in over 40 countries and territories to support customers who conduct business in the global economy. With approximately 250,000 team members, Wells Fargo serves one in three households in the United States. Wells Fargo & Company was ranked No. 41 on Fortune\u2019s 2022 rankings of America\u2019s largest corporations. News, insights and perspectives from Wells Fargo are also available at Wells Fargo Stories. \n\nRelevant military experience is considered for veterans and transitioning service men and women. All qualified applicants will receive consideration for employment without regard to race, color, religion, sex, sexual orientation, gender identity, national origin, disability, status as a protected veteran, or any other legally protected characteristic.\u00a9 2016 Wells Fargo Bank, N.A. All rights reserved. Member FDIC.", "website": "http://www.wellsfargo.com", "industry": "Financial Services", "company_size": [10001, null], "company_size_on_linkedin": 204136, "hq": {"country": "US", "city": "San Francisco", "postal_code": "94103", "line_1": "420 Montgomery St", "is_hq": true, "state": "California"}, "company_type": "PUBLIC_COMPANY", "founded_year": null, "specialities": ["Business Banking", "Wholesale banking", "Mortgage", "Consumer Finance", "Commercial Finance"], "locations": [{"country": "US", "city": "San Francisco", "postal_code": "94103", "line_1": "420 Montgomery St", "is_hq": true, "state": "California"}, {"country": "US", "city": "San Francisco", "postal_code": "94163", "line_1": "420 Montgomery St", "is_hq": true, "state": "CA"}, {"country": "IN", "city": "Bengaluru", "postal_code": "560103", "line_1": "Outer Ring Road", "is_hq": true, "state": "Karnataka"}, {"country": "HK", "city": "Wan Chai", "postal_code": null, "line_1": "1 Queen's Rd E", "is_hq": true, "state": "Hong Kong"}], "name": "Wells Fargo", "tagline": null, "universal_name_id": "wellsfargo", "profile_pic_url": "https://s3.us-west-000.backblazeb2.com/proxycurl/company/wellsfargo/profile?X-Amz-Algorithm=AWS4-HMAC-SHA256&X-Amz-Credential=0004d7f56a0400b0000000001%2F20241120%2Fus-west-000%2Fs3%2Faws4_request&X-Amz-Date=20241120T051911Z&X-Amz-Expires=3600&X-Amz-SignedHeaders=host&X-Amz-Signature=e74d8e5e1068d8431826bda995096f1b3b0927e9abf94f32e48a7e9f006e8756", "background_cover_image_url": "https://s3.us-west-000.backblazeb2.com/proxycurl/company/wellsfargo/cover?X-Amz-Algorithm=AWS4-HMAC-SHA256&X-Amz-Credential=0004d7f56a0400b0000000001%2F20241120%2Fus-west-000%2Fs3%2Faws4_request&X-Amz-Date=20241120T051912Z&X-Amz-Expires=3600&X-Amz-SignedHeaders=host&X-Amz-Signature=9a72c6efb25c6fd4d9ef3ee04948d3b8fbbea7d81c4c6ec34c0f0818e13b3c0f", "search_id": "1235", "similar_companies": [{"name": "JPMorganChase", "link": "https://www.linkedin.com/company/jpmorganchase/", "industry": "Financial Services", "location": null}, {"name": "Bank of America", "link": "https://www.linkedin.com/company/bank-of-america/", "industry": "Banking", "location": null}, {"name": "Citi", "link": "https://www.linkedin.com/company/citi/", "industry": "Financial Services", "location": null}, {"name": "Deloitte", "link": "https://www.linkedin.com/company/deloitte/", "industry": "Business Consulting and Services", "location": null}, {"name": "Goldman Sachs", "link": "https://www.linkedin.com/company/goldman-sachs/", "industry": "Financial Services", "location": null}, {"name": "Morgan Stanley", "link": "https://www.linkedin.com/company/morgan-stanley/", "industry": "Financial Services", "location": null}, {"name": "Deutsche Bank", "link": "https://www.linkedin.com/company/deutsche-bank/", "industry": "Financial Services", "location": null}, {"name": "EY", "link": "https://www.linkedin.com/company/ernstandyoung/", "industry": "IT Services and IT Consulting", "location": null}, {"name": "Amazon", "link": "https://www.linkedin.com/company/amazon/", "industry": "Software Development", "location": null}, {"name": "HSBC", "link": "https://www.linkedin.com/company/hsbc/", "industry": "Financial Services", "location": null}, {"name": "Google", "link": "https://www.linkedin.com/company/google/", "industry": "Software Development", "location": null}, {"name": "Barclays", "link": "https://www.linkedin.com/company/barclays-bank/", "industry": "Financial Services", "location": null}, {"name": "American Express", "link": "https://www.linkedin.com/company/american-express/", "industry": "Financial Services", "location": null}, {"name": "J.P. Morgan", "link": "https://www.linkedin.com/company/jpmorgan/", "industry": "Financial Services", "location": null}, {"name": "Accenture", "link": "https://www.linkedin.com/company/accenture/", "industry": "Business Consulting and Services", "location": null}, {"name": "IBM", "link": "https://www.linkedin.com/company/ibm/", "industry": "IT Services and IT Consulting", "location": null}, {"name": "Cognizant", "link": "https://www.linkedin.com/company/cognizant/", "industry": "IT Services and IT Consulting", "location": null}, {"name": "Microsoft", "link": "https://www.linkedin.com/company/microsoft/", "industry": "Software Development", "location": null}, {"name": "PwC", "link": "https://www.linkedin.com/company/pwc/", "industry": "Professional Services", "location": null}, {"name": "Capital One", "link": "https://www.linkedin.com/company/capital-one/", "industry": "Financial Services", "location": null}], "affiliated_companies": [{"name": "Wells Fargo Advisors", "link": "https://www.linkedin.com/company/wells-fargo-advisors/", "industry": "Financial Services", "location": null}, {"name": "Wells Fargo Corporate & Investment Banking", "link": "https://www.linkedin.com/showcase/wells-fargo-business/", "industry": "Financial Services", "location": null}], "updates": [{"article_link": "https://www.linkedin.com/posts/wellsfargo_native-peoples-connection-ern-spotlight-activity-7264261109203845120-8h5L", "image": null, "posted_on": {"day": 18, "month": 11, "year": 2024}, "text": "Meet Dayna Tweedy and Sarah Kennedy, members of our Native Peoples Connection Employee Resource Network! We\u2019re proud that our ERNs provide a space for connection, mentorship, and career growth for our employees. https://lnkd.in/egFUfrgT", "total_likes": 65}, {"article_link": "https://www.linkedin.com/posts/wellsfargo_this-veterans-day-we-honor-the-courage-activity-7261724394450833408-KniQ", "image": "https://media.licdn.com/dms/image/v2/D4E10AQERcc2y8DfRVQ/image-shrink_1280/image-shrink_1280/0/1731330001588?e=1732654800&v=beta&t=bqjSAMqx4EsFlt7kfxHap690JwU2prIGFyKWbGOqtEA", "posted_on": {"day": 12, "month": 11, "year": 2024}, "text": "This Veterans Day, we honor the courage, leadership, and unwavering dedication of our military veterans. Thank you for your service.", "total_likes": 780}, {"article_link": "https://www.linkedin.com/posts/wellsfargo_we-are-excited-by-the-release-of-the-us-activity-7257125976550092800-QTlR", "image": null, "posted_on": {"day": 29, "month": 10, "year": 2024}, "text": "We are excited to recognize the release of U.S. Department of the Treasury's National Strategy for Financial Inclusion. \n\u00a0\nThrough the strong work of our Banking Inclusion Initiative, Wells Fargo is proud to have been the first bank to sign the initial 2022 call for a national financial inclusion strategy, alongside other partners convened by The Aspen Institute Financial Security Program. \n\u00a0\nWe look forward to continuing this important work to achieve an inclusive financial system for everyone.", "total_likes": 113}, {"article_link": "https://www.linkedin.com/posts/wellsfargo_during-native-american-heritage-month-we-activity-7263596736537931776-YaQT", "image": null, "posted_on": {"day": 16, "month": 11, "year": 2024}, "text": "During Native American Heritage Month, we say thank you to Operation HOPE for bringing free financial education to tribal communities. Together, we\u2019re expanding economic opportunity in underserved communities across the U.S. https://lnkd.in/evvVxjPp", "total_likes": 59}, {"article_link": "https://www.linkedin.com/posts/wellsfargo_wells-fargo-recognizes-the-value-of-military-activity-7262524638725816346-uyHB", "image": null, "posted_on": {"day": 13, "month": 11, "year": 2024}, "text": "In honor of Military Family Month, we\u2019re proud to highlight our military families, like Ali\u2019s. Read her story.", "total_likes": 112}, {"article_link": "https://www.linkedin.com/posts/wellsfargo_we-value-the-skills-and-experience-our-military-activity-7256998253861253121-YDSU", "image": "https://media.licdn.com/dms/image/v2/D4E10AQEd1GlxzeNSIA/image-shrink_1280/image-shrink_1280/0/1730203201816?e=1732654800&v=beta&t=K5L-T8RG9jlVkVWji8zahAcC_v9NAhxNqDVilG3LWA4", "posted_on": {"day": 29, "month": 10, "year": 2024}, "text": "We value the skills and experience our military connected employees bring. We\u2019re proud to support their career transition with our Landing Zone (LZ) Initiative. The LZ program matches veteran and military spouse new hires with established employees who volunteer through our Veterans\u2019 Connection Employee Resource Network to help with a successful transition into our culture. https://lnkd.in/epN8VNxX", "total_likes": 190}], "follower_count": 2513039, "acquisitions": null, "exit_data": null, "extra": null, "funding_data": [], "categories": null, "customer_list": null}
